# Blender v3.6.23 OBJ File: 'untitled.blend'
# www.blender.org
mtllib mesh_g1.mtl
o auto.001
v 0.197698 1.005684 0.509629
v -0.195254 1.005684 0.509629
v -0.195254 1.005684 0.473262
v 0.197698 1.005684 0.473262
v 0.197698 1.005684 -0.473262
v -0.195254 1.005684 -0.473262
v -0.195254 1.005684 -0.509629
v 0.197698 1.005684 -0.509629
v -0.497051 0.562285 0.612811
v -0.516224 0.534117 0.614065
v -0.518665 0.530530 0.613561
v -0.518665 0.530530 0.577793
v -0.512869 0.539046 0.578990
v -0.502515 0.554257 0.578313
v 0.435759 0.609484 0.601827
v 0.435759 0.609484 0.565461
v 0.435759 0.609483 -0.565461
v 0.435759 0.609483 -0.601827
v 0.418580 0.562285 0.612811
v 0.415658 0.554257 0.578313
v 0.413828 0.549227 0.579162
v 0.411973 0.544131 0.579389
v 0.410122 0.539046 0.578990
v 0.243656 0.081683 0.514712
v 0.243656 0.081684 0.550480
v 0.408328 0.534117 0.614065
v 0.411756 0.543534 0.614804
v 0.415190 0.552971 0.614383
v 0.412913 0.546714 -0.580068
v 0.414131 0.550061 -0.615655
v 0.413869 0.549341 -0.615805
v 0.413605 0.548614 -0.615920
v 0.413339 0.547883 -0.616000
v 0.243656 0.081683 -0.550480
v 0.243656 0.081683 -0.514712
v -0.518665 0.081684 0.550480
v -0.518665 0.081684 0.514712
v -0.518665 0.530530 -0.577793
v -0.518665 0.081683 -0.514712
v -0.518665 0.081683 -0.550480
v -0.518665 0.530530 -0.613561
v -0.507649 0.546714 -0.580068
v -0.506853 0.547883 -0.616000
v -0.505372 0.550061 -0.615655
v 1.022457 0.546714 -0.580068
v 1.031529 0.571639 -0.574268
v 1.040605 0.616250 -0.563886
v 1.036242 0.661566 -0.553341
v 1.018820 0.703626 -0.543553
v 0.834477 1.010424 -0.472159
v -0.205218 1.010424 -0.472159
v -0.517994 0.546714 -0.580068
v 1.020753 0.547883 -0.616000
v 1.024713 0.547883 -0.616000
v 1.025739 0.547783 -0.615986
v 1.029768 0.546659 -0.615828
v 0.854925 0.066284 -0.548315
v 0.761062 0.066284 -0.548315
v 0.745441 0.112862 -0.554862
v 0.714552 0.151065 -0.560231
v 0.672276 0.176093 -0.563748
v 0.623925 0.184800 -0.564972
v 0.575574 0.176093 -0.563748
v 0.533298 0.151065 -0.560231
v 0.502409 0.112862 -0.554862
v 0.486788 0.066284 -0.548315
v -0.657587 0.066284 -0.548315
v -0.673209 0.112862 -0.554862
v -0.704098 0.151065 -0.560231
v -0.746373 0.176093 -0.563748
v -0.794724 0.184800 -0.564972
v -0.843075 0.176093 -0.563748
v -0.885351 0.151065 -0.560231
v -0.916240 0.112862 -0.554862
v -0.931862 0.066284 -0.548315
v -0.964124 0.066284 -0.548315
v -1.056986 0.297284 -0.580780
v -0.708159 0.297284 -0.580780
v -0.708159 0.391769 -0.594060
v -0.659678 0.451437 -0.602445
v -0.610602 0.500178 -0.609295
v -0.565597 0.533357 -0.613958
v -0.545985 0.543058 -0.615322
v -0.528943 0.547820 -0.615991
v -0.528063 0.547883 -0.616000
v -0.521152 0.547883 -0.616000
v 1.020753 0.550061 -0.615655
v 1.020753 0.549341 -0.615805
v 1.020753 0.548614 -0.615920
v -0.521152 0.548614 -0.615920
v -0.521152 0.549341 -0.615805
v -0.521152 0.550061 -0.615655
v 1.025202 0.562285 0.612811
v 1.031529 0.579667 0.608766
v 1.040605 0.624278 0.598385
v 1.036242 0.669594 0.587839
v 1.018820 0.711654 0.578052
v 0.834477 1.018452 0.506657
v -0.205218 1.018452 0.506657
v -0.512906 0.562285 0.612811
v 1.025202 0.534117 0.614065
v 1.025202 0.543534 0.614804
v 1.025202 0.552971 0.614383
v 1.025202 0.539046 0.578990
v 0.854925 0.071213 0.513241
v 0.775880 0.071213 0.513241
v 0.760809 0.116761 0.519642
v 0.732452 0.155461 0.525081
v 0.693562 0.183556 0.529029
v 0.647913 0.198320 0.531104
v 0.599937 0.198320 0.531104
v 0.554288 0.183556 0.529029
v 0.515398 0.155461 0.525081
v 0.487041 0.116761 0.519642
v 0.471970 0.071213 0.513241
v -0.642769 0.071213 0.513241
v -0.657841 0.116761 0.519642
v -0.686197 0.155461 0.525081
v -0.725087 0.183556 0.529029
v -0.770736 0.198320 0.531104
v -0.818713 0.198320 0.531104
v -0.864361 0.183556 0.529029
v -0.903251 0.155461 0.525081
v -0.931608 0.116761 0.519642
v -0.946679 0.071213 0.513241
v -0.964124 0.071213 0.513241
v -1.056986 0.302213 0.545705
v -0.672739 0.302213 0.545705
v -0.672739 0.382228 0.556951
v -0.629162 0.446834 0.566031
v -0.584269 0.502898 0.573910
v -0.561478 0.524275 0.576914
v -0.540650 0.539046 0.578990
v 1.025202 0.554257 0.578313
v 1.025202 0.549227 0.579162
v 1.025202 0.544131 0.579389
v -0.512906 0.554257 0.578313
v -0.664051 -0.000000 -0.446600
v -0.925398 -0.000000 -0.446600
v -0.931129 0.021626 -0.446600
v -0.933305 0.043893 -0.446600
v -0.931871 0.066220 -0.446600
v -0.818130 0.066220 -0.446600
v -0.825475 0.047943 -0.446600
v -0.820243 0.028953 -0.446600
v -0.804573 0.017017 -0.446600
v -0.784875 0.017017 -0.446600
v -0.769206 0.028953 -0.446600
v -0.763974 0.047943 -0.446600
v -0.771318 0.066220 -0.446600
v -0.657578 0.066220 -0.446600
v -0.656144 0.043893 -0.446600
v -0.658320 0.021626 -0.446600
v -0.925398 -0.000000 -0.472065
v -0.927018 0.004863 -0.498988
v -0.930614 0.018936 -0.522625
v -0.933181 0.040019 -0.539586
v -0.656268 0.040019 -0.539586
v -0.658835 0.018936 -0.522625
v -0.662431 0.004863 -0.498988
v -0.664051 -0.000000 -0.472065
v -0.657578 0.066220 -0.512223
v -0.657586 0.066273 -0.512237
v -0.657586 0.066273 -0.446600
v -0.673204 0.112854 -0.446600
v -0.704092 0.151060 -0.446600
v -0.746368 0.176091 -0.446600
v -0.794719 0.184800 -0.446600
v -0.843072 0.176094 -0.446600
v -0.885349 0.151067 -0.446600
v -0.916240 0.112863 -0.446600
v -0.931862 0.066283 -0.446600
v -0.931862 0.066283 -0.512240
v -0.931871 0.066220 -0.512223
v 0.761071 0.066221 -0.548307
v 0.854925 0.032468 -0.534882
v 0.854925 0.008597 -0.507421
v 0.854925 -0.000000 -0.472065
v 0.754598 -0.000000 -0.472065
v 0.756217 0.004857 -0.498973
v 0.759811 0.018915 -0.522601
v 0.762379 0.039976 -0.539562
v 0.486780 0.066231 -0.548308
v 0.486778 0.066220 -0.548306
v 0.485471 0.039976 -0.539562
v 0.488040 0.018915 -0.522601
v 0.491633 0.004857 -0.498973
v 0.493252 -0.000000 -0.472065
v 0.593125 0.046200 0.446600
v 0.600331 0.026402 0.446600
v 0.618577 0.015868 0.446600
v 0.639325 0.019526 0.446600
v 0.652868 0.035666 0.446600
v 0.652868 0.056734 0.446600
v 0.639325 0.072874 0.446600
v 0.618577 0.076532 0.446600
v 0.600331 0.065998 0.446600
v 0.647326 0.066225 -0.446600
v 0.654724 0.046498 -0.446600
v 0.647710 0.026631 -0.446600
v 0.629567 0.015921 -0.446600
v 0.608784 0.019378 -0.446600
v 0.595086 0.035386 -0.446600
v 0.594882 0.056453 -0.446600
v 0.608267 0.072723 -0.446600
v 0.628979 0.076582 -0.446600
v 0.593125 0.046200 0.000000
v 0.600331 0.026402 0.000000
v 0.618577 0.015868 0.000000
v 0.639325 0.019526 0.000000
v 0.652868 0.035666 0.000000
v 0.652868 0.056734 0.000000
v 0.639325 0.072874 0.000000
v 0.618577 0.076532 0.000000
v 0.600331 0.065998 0.000000
v 0.754598 -0.000000 -0.446600
v 0.760329 0.021626 -0.446600
v 0.762506 0.043893 -0.446600
v 0.761072 0.066220 -0.446600
v 0.761072 0.066220 -0.512223
v 0.745464 0.112820 -0.446600
v 0.714577 0.151043 -0.446600
v 0.672294 0.176086 -0.446600
v 0.623930 0.184800 -0.446600
v 0.575565 0.176089 -0.446600
v 0.533280 0.151050 -0.446600
v 0.502391 0.112829 -0.446600
v 0.486780 0.066231 -0.446600
v 0.486780 0.066231 -0.512226
v 0.486778 0.066220 -0.512223
v 0.486778 0.066220 -0.446600
v 0.485344 0.043893 -0.446600
v 0.487521 0.021626 -0.446600
v 0.493252 -0.000000 -0.446600
v -0.818080 0.066279 -0.446600
v -0.771367 0.066277 -0.446600
v -0.786007 0.075741 -0.446600
v -0.803439 0.075741 -0.446600
v 0.665560 0.066225 -0.446600
v 0.582288 0.066220 -0.446600
v 0.582292 0.066228 -0.446600
v -0.753115 0.066276 -0.431200
v -0.642038 0.066272 -0.431200
v -0.656104 0.113285 -0.431200
v -0.684245 0.153486 -0.431200
v -0.723603 0.182793 -0.431200
v -0.770183 0.198232 -0.431200
v -0.819255 0.198234 -0.431200
v -0.865836 0.182799 -0.431200
v -0.905196 0.153494 -0.431200
v -0.933340 0.113295 -0.431200
v -0.947409 0.066283 -0.431200
v -0.836333 0.066279 -0.431200
v -0.819288 0.085329 -0.431200
v -0.794723 0.092400 -0.431200
v -0.770158 0.085327 -0.431200
v -0.753115 0.066276 -0.415800
v -0.771367 0.066277 -0.415800
v -0.642038 0.066272 -0.512237
v 0.471233 0.066232 -0.512226
v 0.471970 0.071213 -0.513240
v -0.642769 0.071213 -0.513240
v -0.771351 0.066258 -0.415800
v -0.771335 0.066239 -0.415800
v -0.771318 0.066220 -0.415800
v -0.818130 0.066220 -0.415800
v -0.818114 0.066239 -0.415800
v -0.818097 0.066259 -0.415800
v -0.818080 0.066279 -0.415800
v -0.825524 0.046200 0.446600
v -0.818318 0.026402 0.446600
v -0.800073 0.015868 0.446600
v -0.779324 0.019526 0.446600
v -0.765782 0.035666 0.446600
v -0.765782 0.056734 0.446600
v -0.779324 0.072874 0.446600
v -0.800073 0.076532 0.446600
v -0.818318 0.065998 0.446600
v -0.825524 0.046200 0.000000
v -0.765782 0.056734 0.000000
v -0.779324 0.072874 0.000000
v -0.765782 0.035666 0.000000
v -0.779324 0.019526 0.000000
v -0.800073 0.015868 0.000000
v -0.818318 0.026402 0.000000
v -0.818318 0.065998 0.000000
v -0.800073 0.076532 0.000000
v 0.665560 0.066225 -0.431200
v 0.776618 0.066221 -0.431200
v 0.762563 0.113248 -0.431200
v 0.734425 0.153465 -0.431200
v 0.695062 0.182785 -0.431200
v 0.648472 0.198231 -0.431200
v 0.599389 0.198233 -0.431200
v 0.552798 0.182791 -0.431200
v 0.513433 0.153473 -0.431200
v 0.485292 0.113258 -0.431200
v 0.471233 0.066232 -0.431200
v 0.582292 0.066228 -0.431200
v 0.599338 0.085314 -0.431200
v 0.623927 0.092400 -0.431200
v 0.648515 0.085312 -0.431200
v 0.776618 0.066221 -0.512223
v -0.753087 0.066220 -0.415800
v -0.753087 0.066220 0.431200
v -0.642031 0.066220 0.431200
v -0.642031 0.066220 0.512223
v 0.471232 0.066220 0.512223
v 0.471232 0.066220 0.431200
v 0.582288 0.066220 0.431200
v 0.854925 0.000000 0.472065
v 0.754598 0.000000 0.472065
v 0.754598 0.000000 0.446600
v 0.493252 0.000000 0.446600
v 0.493252 0.000000 0.472065
v -0.664051 0.000000 0.472065
v -0.664051 0.000000 0.446600
v -0.925398 0.000000 0.446600
v -0.925398 0.000000 0.472065
v -0.964124 0.000000 0.472065
v -0.964124 -0.000000 -0.472065
v -0.753105 0.066257 -0.415800
v -0.753096 0.066239 -0.415800
v -0.836333 0.066279 -0.415800
v -0.836361 0.066220 -0.415800
v -0.836352 0.066240 -0.415800
v -0.836342 0.066259 -0.415800
v 0.775880 0.071213 -0.513240
v 0.760809 0.116761 -0.519641
v 0.732452 0.155461 -0.525080
v 0.693562 0.183556 -0.529029
v 0.647913 0.198320 -0.531104
v 0.599937 0.198320 -0.531104
v 0.554288 0.183556 -0.529029
v 0.515398 0.155461 -0.525080
v 0.487041 0.116761 -0.519641
v 0.599333 0.085311 0.431200
v 0.623925 0.092400 0.431200
v 0.648517 0.085311 0.431200
v 0.665562 0.066220 0.431200
v 0.648516 0.085312 0.000000
v 0.623926 0.092400 0.000000
v 0.599335 0.085313 0.000000
v -0.657841 0.116761 -0.519641
v -0.686197 0.155461 -0.525080
v -0.725087 0.183556 -0.529029
v -0.770736 0.198320 -0.531104
v -0.818713 0.198320 -0.531104
v -0.864361 0.183556 -0.529029
v -0.903251 0.155461 -0.525080
v -0.931608 0.116761 -0.519641
v -0.946679 0.071213 -0.513240
v -0.947409 0.066283 -0.512240
v -0.964124 0.071213 -0.513240
v -0.964124 0.069535 -0.512969
v -0.964124 0.067870 -0.512630
v -0.964124 0.066220 -0.512223
v -0.656128 0.047247 0.446600
v -0.664764 0.094368 0.446600
v -0.688925 0.135735 0.446600
v -0.725727 0.166405 0.446600
v -0.770771 0.182715 0.446600
v -0.818677 0.182715 0.446600
v -0.863722 0.166405 0.446600
v -0.900523 0.135735 0.446600
v -0.924685 0.094368 0.446600
v -0.933321 0.047247 0.446600
v -0.662431 0.004863 0.498988
v -0.658835 0.018936 0.522626
v -0.656268 0.040020 0.539587
v -0.657587 0.066284 0.548316
v -0.673209 0.112863 0.554862
v -0.704098 0.151066 0.560231
v -0.746373 0.176093 0.563748
v -0.794724 0.184800 0.564972
v -0.843075 0.176093 0.563748
v -0.885351 0.151066 0.560231
v -0.916240 0.112863 0.554862
v -0.931862 0.066284 0.548316
v -0.933181 0.040020 0.539587
v -0.930614 0.018936 0.522626
v -0.927018 0.004863 0.498988
v -0.964124 0.066284 0.548316
v -0.964124 0.032468 0.534882
v -0.964124 0.008597 0.507421
v 0.491632 0.004863 0.498988
v 0.488035 0.018936 0.522626
v 0.485469 0.040020 0.539587
v 0.486788 0.066284 0.548316
v -0.947418 0.066220 0.512223
v -0.656087 0.113249 0.431200
v -0.684226 0.153467 0.431200
v -0.723591 0.182787 0.431200
v -0.770182 0.198232 0.431200
v -0.819266 0.198232 0.431200
v -0.865858 0.182787 0.431200
v -0.905223 0.153467 0.431200
v -0.933362 0.113249 0.431200
v -0.947418 0.066220 0.431200
v -0.836361 0.066220 0.431200
v -0.770132 0.085311 0.431200
v -0.794724 0.092400 0.431200
v -0.819316 0.085311 0.431200
v -0.964124 0.066220 0.512223
v -0.540124 0.539345 -0.579032
v -0.568524 0.518187 -0.576058
v -0.599536 0.485965 -0.571530
v -0.629162 0.446834 -0.566030
v -0.672739 0.382228 -0.556951
v -0.672739 0.302213 -0.545705
v -1.056986 0.302213 -0.545705
v 0.854925 0.071213 -0.513240
v 1.027667 0.545819 -0.579942
v -0.564283 0.534117 0.614065
v -0.597682 0.510973 0.610813
v -0.634136 0.478269 0.606216
v -0.671647 0.437794 0.600528
v -0.708159 0.391769 0.594060
v -0.708159 0.297284 0.580781
v -1.056986 0.297284 0.580781
v 0.502409 0.112863 0.554862
v 0.533298 0.151066 0.560231
v 0.575574 0.176093 0.563748
v 0.623925 0.184800 0.564972
v 0.672276 0.176093 0.563748
v 0.714552 0.151066 0.560231
v 0.745441 0.112863 0.554862
v 0.761062 0.066284 0.548316
v 0.854925 0.066284 0.548316
v -0.819302 0.085320 0.000000
v -0.794723 0.092400 0.000000
v -0.770145 0.085319 0.000000
v 0.762521 0.047247 0.446600
v 0.753886 0.094368 0.446600
v 0.729724 0.135735 0.446600
v 0.692923 0.166405 0.446600
v 0.647878 0.182715 0.446600
v 0.599972 0.182715 0.446600
v 0.554927 0.166405 0.446600
v 0.518126 0.135735 0.446600
v 0.493964 0.094368 0.446600
v 0.485329 0.047247 0.446600
v 0.756218 0.004863 0.498988
v 0.759815 0.018936 0.522626
v 0.762381 0.040020 0.539587
v 0.776618 0.066220 0.512223
v 0.776618 0.066220 0.431200
v 0.762563 0.113249 0.431200
v 0.734423 0.153467 0.431200
v 0.695059 0.182787 0.431200
v 0.648467 0.198232 0.431200
v 0.599383 0.198232 0.431200
v 0.552792 0.182787 0.431200
v 0.513427 0.153467 0.431200
v 0.485287 0.113249 0.431200
v 0.854925 0.066220 0.512223
v 0.860134 0.066220 0.511884
v 0.865256 0.066220 0.510872
v 0.870202 0.066220 0.509204
v 0.883439 0.066220 0.500541
v 0.892192 0.066220 0.487733
v 0.895250 0.066220 0.472549
v 0.908825 0.066220 0.473162
v 0.908825 0.066220 -0.473162
v 0.895250 0.066220 -0.472548
v 0.892192 0.066220 -0.487732
v 0.883439 0.066220 -0.500541
v 0.870202 0.066220 -0.509204
v 0.865256 0.066220 -0.510872
v 0.860134 0.066220 -0.511884
v 0.854925 0.066220 -0.512223
v -0.964124 0.008597 -0.507421
v -0.964124 0.032468 -0.534882
v 0.854925 0.069535 0.512970
v 0.854925 0.067870 0.512631
v 0.908825 0.057382 0.472065
v 1.064275 0.530612 0.537815
v 1.097559 0.518497 0.537815
v 0.927281 0.050664 0.472065
v 0.854925 0.067870 -0.512630
v 0.854925 0.069535 -0.512969
v 0.865264 0.067729 -0.511257
v 0.860141 0.069403 -0.512611
v 0.908825 0.057382 -0.472065
v 0.927281 0.050664 -0.472065
v -0.964124 0.035420 -0.472065
v -0.964124 0.035420 0.472065
v -0.964124 0.039313 0.489632
v -0.964124 0.050263 0.503909
v -0.964124 0.050263 -0.503909
v -0.964124 0.039313 -0.489632
v -0.627125 0.449853 0.486908
v -0.627125 0.449853 -0.486908
v -0.656490 0.469660 -0.486908
v -0.656490 0.469660 0.486908
v -0.274135 0.973183 0.380809
v -0.303500 0.992989 0.380809
v -0.274135 0.973183 -0.380809
v -0.303500 0.992989 -0.380809
v -0.672739 0.325353 0.542316
v -0.672739 0.343003 0.526973
v -0.672739 0.349580 0.504530
v -0.672739 0.343003 -0.526973
v -0.672739 0.325353 -0.542316
v -0.221303 1.019646 -0.465164
v -0.233735 1.024633 -0.450559
v -0.239689 1.024251 -0.431661
v -0.428472 0.735924 -0.517744
v -0.416040 0.730938 -0.532349
v 1.045669 0.545803 0.573996
v 1.060110 0.537064 0.559028
v 1.058441 0.529919 0.557857
v 1.044221 0.532988 0.572842
v 0.865264 0.067729 0.511258
v 0.860141 0.069403 0.512611
v 0.973302 0.296002 0.524982
v 0.959082 0.299072 0.539967
v -0.964124 0.067870 0.512631
v -0.964124 0.069535 0.512970
v -1.095565 0.292491 0.504530
v -1.089753 0.292018 0.524524
v -1.075719 0.295554 0.539502
v -0.982858 0.064554 0.507037
v -0.996892 0.061018 0.492059
v -1.002704 0.061491 0.472065
v -0.980170 0.038641 0.472065
v -0.993730 0.047805 0.472065
v -0.977901 0.057815 0.506286
v -0.984945 0.046709 0.491504
v -1.056986 0.325353 0.542316
v -1.056986 0.343003 0.526973
v -1.056986 0.349580 0.504530
v -1.097073 0.319042 0.504530
v -1.082183 0.341076 0.504530
v -1.074666 0.341233 0.522190
v -1.090276 0.332636 0.508241
v -1.078687 0.320622 0.537676
v -1.094014 0.313474 0.522638
v 1.031529 0.571639 0.574268
v 1.051995 0.563185 0.569951
v 1.066436 0.554446 0.554983
v 1.070601 0.547993 0.533770
v -0.980170 0.038641 -0.472065
v -0.993730 0.047804 -0.472065
v -1.002704 0.061491 -0.472065
v -0.764878 0.052338 -0.223300
v -1.095565 0.292491 -0.504530
v -1.097073 0.319042 -0.504530
v -1.082183 0.341076 -0.504530
v -1.056986 0.343003 -0.526973
v -1.056986 0.325353 -0.542316
v -0.996892 0.061018 -0.492059
v -0.982858 0.064554 -0.507037
v -1.075719 0.295554 -0.539502
v -1.089753 0.292018 -0.524524
v 1.064275 0.530611 -0.537815
v 1.059640 0.533215 -0.558320
v 1.046317 0.538750 -0.573651
v 0.960315 0.302458 -0.540443
v 0.974535 0.299388 -0.525457
v -0.977901 0.057815 -0.506285
v -0.984945 0.046709 -0.491504
v -1.078687 0.320621 -0.537676
v -1.094014 0.313474 -0.522637
v -1.074666 0.341233 -0.522190
v -1.090276 0.332635 -0.508241
v -0.239689 1.024251 0.431661
v -0.233735 1.024633 0.450559
v -0.221303 1.019647 0.465164
v -0.205218 1.010424 0.472159
v -0.428472 0.735924 0.517744
v -0.416040 0.730938 0.532349
v 0.834477 1.042580 0.431661
v 0.834477 1.038488 0.449649
v 0.834477 1.027017 0.464096
v 0.834477 1.010424 0.472159
v -0.205218 1.027017 0.464096
v -0.205218 1.038488 0.449649
v -0.205218 1.042580 0.431661
v -0.230434 1.034061 0.431661
v -0.218526 1.040393 0.431661
v -0.220912 1.029295 0.457776
v 1.054461 0.715617 0.503056
v 1.048406 0.716399 0.522051
v 1.035538 0.712070 0.536673
v 1.018820 0.703626 0.543553
v 0.851194 1.018868 0.465279
v 0.864062 1.023198 0.450657
v 0.870118 1.022416 0.431661
v 1.040605 0.616250 0.563886
v 1.036242 0.661566 0.553341
v 1.072470 0.676118 0.510293
v 1.081397 0.633616 0.518081
v 1.080830 0.590203 0.526036
v 1.047463 0.651612 0.554644
v 1.048070 0.597520 0.567130
v 1.068318 0.591710 0.556531
v 1.072594 0.589836 0.551513
v 1.049966 0.627626 0.560181
v 1.070101 0.625532 0.549297
v 1.074436 0.624472 0.544333
v 1.039419 0.680618 0.547947
v 1.057715 0.684773 0.536605
v 1.061784 0.685150 0.531730
v 1.071303 0.651980 0.538624
v 1.067027 0.652391 0.543546
v 0.848470 1.040155 0.431661
v 0.860831 1.033161 0.431661
v 0.850921 1.028839 0.457804
v -0.230434 1.034061 -0.431661
v -0.218526 1.040393 -0.431661
v -0.205218 1.042580 -0.431661
v 0.834477 1.042580 -0.431661
v 0.848470 1.040155 -0.431661
v 0.860831 1.033161 -0.431661
v 0.870118 1.022416 -0.431661
v 0.864062 1.023198 -0.450657
v 0.851194 1.018868 -0.465279
v 1.035538 0.712070 -0.536673
v 1.048406 0.716399 -0.522051
v 1.054461 0.715617 -0.503055
v 1.051995 0.563185 -0.569951
v 1.066436 0.554445 -0.554983
v 1.070601 0.547993 -0.533770
v 1.080791 0.590201 -0.526036
v 1.081369 0.633618 -0.518080
v 1.072507 0.676126 -0.510291
v 1.047463 0.651612 -0.554644
v 1.072594 0.589836 -0.551513
v 1.068318 0.591710 -0.556531
v 1.048070 0.597519 -0.567130
v 1.074436 0.624472 -0.544333
v 1.070101 0.625532 -0.549297
v 1.049966 0.627626 -0.560181
v 1.071303 0.651980 -0.538623
v 1.067027 0.652391 -0.543546
v 1.061784 0.685150 -0.531730
v 1.057715 0.684773 -0.536605
v 1.039419 0.680617 -0.547947
v -0.205218 1.038488 -0.449649
v -0.205218 1.027017 -0.464096
v 0.834477 1.027017 -0.464096
v 0.834477 1.038488 -0.449649
v -0.220912 1.029295 -0.457776
v 0.850921 1.028839 -0.457804
v 1.103885 0.535879 0.533770
v 1.097559 0.518497 -0.537815
v 0.900478 1.040658 0.431661
v 1.084822 0.733860 0.503056
v 1.106197 0.687227 0.510290
v 1.116753 0.637026 0.518078
v 1.115969 0.585734 0.526035
v 0.900478 1.040658 -0.431661
v 1.084822 0.733859 -0.503055
v 1.103885 0.535879 -0.533770
v 1.115969 0.585733 -0.526035
v 1.116753 0.637026 -0.518078
v 1.106197 0.687226 -0.510290
v 1.023632 0.549544 -0.615720
v 1.025013 0.548894 -0.615795
v 1.025514 0.548431 -0.615865
v 1.025737 0.547876 -0.615967
v 1.025396 0.547880 -0.615985
v 1.025055 0.547883 -0.615996
v 1.024493 0.548797 -0.615840
v 1.024430 0.548696 -0.615861
v 1.024051 0.548088 -0.615971
v -0.528359 0.547883 -0.615997
v -0.528655 0.547880 -0.615989
v -0.528951 0.547877 -0.615975
v -0.528862 0.548346 -0.615852
v -0.528560 0.548729 -0.615766
v -0.527711 0.549277 -0.615667
v -0.525660 0.549888 -0.615605
v -0.527876 0.548014 -0.615970
v -0.526144 0.548179 -0.615953
v -0.526517 0.549053 -0.615775
v -0.526579 0.549198 -0.615739
v -0.528656 0.548196 -0.615904
v -0.528579 0.548162 -0.615917
v -0.528411 0.548462 -0.615845
v -0.528334 0.548398 -0.615865
v -0.528120 0.547954 -0.615982
v -0.708159 0.393057 -0.583154
v -0.269054 1.044058 -0.431661
v -0.258028 1.044765 -0.466657
v -0.235006 1.035530 -0.493704
v -0.205218 1.018452 -0.506657
v 1.052125 0.525275 0.607253
v 1.075190 0.519235 0.590493
v 1.091094 0.516863 0.566186
v 1.093755 0.526893 0.567944
v 1.078472 0.538293 0.593028
v 1.054271 0.550787 0.608868
v 1.054593 0.539328 0.608771
v 0.881847 0.057442 0.541504
v 0.904913 0.051403 0.524743
v 0.920817 0.049030 0.500437
v 0.854925 0.008597 0.507421
v 0.854925 0.032468 0.534882
v 0.885423 0.006297 0.472065
v 0.910933 0.024159 0.472065
v 0.907559 0.032771 0.506742
v 0.892857 0.052027 0.534247
v 0.867378 0.034362 0.534962
v 0.879143 0.013089 0.507531
v -1.083503 0.287594 0.573880
v -1.106242 0.280811 0.557100
v -1.121964 0.277902 0.532831
v -1.128429 0.279280 0.504530
v -1.035568 0.048280 0.472065
v -1.029102 0.046902 0.500366
v -1.013380 0.049811 0.524635
v -0.990641 0.056594 0.541415
v -1.018950 0.022934 0.472065
v -0.993839 0.005965 0.472065
v -0.987735 0.012860 0.507528
v -0.976286 0.034279 0.534962
v -1.001300 0.051030 0.534295
v -1.015685 0.031562 0.506790
v -1.056986 0.378067 0.536462
v -1.056986 0.358517 0.562643
v -1.056986 0.329869 0.578359
v -0.708159 0.329869 0.578359
v -0.708159 0.358517 0.562643
v -0.708159 0.378067 0.536462
v -1.093105 0.376003 0.504530
v -1.120784 0.351114 0.504530
v -1.133553 0.316149 0.504530
v -1.087167 0.322357 0.573899
v -1.112527 0.313708 0.557554
v -1.128660 0.304111 0.532400
v -1.087173 0.354220 0.558209
v -1.112533 0.346531 0.541392
v -1.128665 0.332441 0.518450
v -1.076541 0.376832 0.532969
v -1.101581 0.369825 0.515391
v 1.100081 0.544275 0.563899
v 1.084799 0.555674 0.588983
v 1.060597 0.568169 0.604823
v 0.885423 0.006297 -0.472065
v 0.910933 0.024159 -0.472065
v 0.652868 0.056734 0.223300
v 0.613680 0.017623 -0.223300
v -1.035568 0.048280 -0.472065
v -1.018950 0.022934 -0.472065
v -0.993839 0.005964 -0.472065
v 0.665562 0.066220 0.000000
v -0.775338 0.069566 -0.207900
v -1.128429 0.279280 -0.504530
v -1.056986 0.385000 -0.504530
v -1.093105 0.376003 -0.504530
v -1.120784 0.351114 -0.504530
v -1.133553 0.316149 -0.504530
v -1.056986 0.329869 -0.578359
v -1.056986 0.358516 -0.562643
v -1.056986 0.378067 -0.536461
v -0.708159 0.378067 -0.536461
v -0.708159 0.358516 -0.562643
v -0.708159 0.329869 -0.578359
v -0.990641 0.056594 -0.541415
v -1.013380 0.049811 -0.524635
v -1.029102 0.046901 -0.500366
v -1.121964 0.277902 -0.532831
v -1.106242 0.280811 -0.557100
v -1.083503 0.287594 -0.573880
v 1.056282 0.536697 -0.608858
v 1.078344 0.527900 -0.591711
v 1.092793 0.521530 -0.566842
v 0.920817 0.049030 -0.500436
v 0.904913 0.051402 -0.524743
v 0.881847 0.057442 -0.541503
v 0.879143 0.013089 -0.507531
v 0.867378 0.034362 -0.534961
v 0.892857 0.052027 -0.534246
v 0.907559 0.032771 -0.506742
v -0.987735 0.012860 -0.507528
v -0.976286 0.034279 -0.534962
v -1.015685 0.031562 -0.506790
v -1.001300 0.051030 -0.534294
v -1.128660 0.304110 -0.532400
v -1.112527 0.313708 -0.557554
v -1.087167 0.322357 -0.573898
v -1.128665 0.332441 -0.518450
v -1.112533 0.346531 -0.541392
v -1.087173 0.354220 -0.558209
v -1.101581 0.369825 -0.515391
v -1.076541 0.376832 -0.532969
v -0.235006 1.035531 0.493704
v -0.258028 1.044765 0.466657
v -0.269054 1.044058 0.431661
v -0.708159 0.393057 0.583154
v 0.834477 1.049179 0.491726
v 0.834477 1.070422 0.464972
v 0.834477 1.078000 0.431661
v -0.205218 1.078000 0.431661
v -0.205218 1.070422 0.464972
v -0.205218 1.049179 0.491726
v -0.229862 1.073950 0.431661
v -0.251914 1.062225 0.431661
v -0.225691 1.067220 0.465200
v -0.217419 1.047226 0.492021
v -0.249851 1.054460 0.464507
v 1.049779 0.727291 0.565310
v 1.073608 0.735308 0.538233
v 0.889265 1.042107 0.466839
v 0.865435 1.034089 0.493916
v 1.056948 0.648208 0.590877
v 1.112828 0.591571 0.549415
v 1.102410 0.597794 0.570464
v 1.094372 0.600998 0.579841
v 1.077160 0.606107 0.592383
v 1.056911 0.610354 0.599558
v 1.112645 0.641902 0.540743
v 1.101778 0.645635 0.561286
v 1.093706 0.647012 0.570543
v 1.076716 0.648318 0.583181
v 1.101464 0.690789 0.532305
v 1.090739 0.691925 0.552387
v 1.083033 0.691513 0.561533
v 1.067067 0.689208 0.574256
v 1.048683 0.685047 0.582425
v 0.883282 1.060557 0.431661
v 0.860391 1.073509 0.431661
v 0.847271 1.047025 0.492051
v 0.855990 1.066877 0.465224
v 0.881083 1.052790 0.464442
v -0.205218 1.078000 -0.431661
v -0.229862 1.073950 -0.431661
v -0.251914 1.062224 -0.431661
v 0.834477 1.078000 -0.431661
v 0.883282 1.060557 -0.431661
v 0.860391 1.073508 -0.431661
v 0.834477 1.018452 -0.506657
v 0.865435 1.034089 -0.493916
v 0.889265 1.042107 -0.466839
v 1.073608 0.735308 -0.538233
v 1.049779 0.727291 -0.565310
v 1.018820 0.711653 -0.578052
v 1.100081 0.544275 -0.563899
v 1.084799 0.555674 -0.588983
v 1.060597 0.568169 -0.604823
v 1.031529 0.579666 -0.608766
v 1.040605 0.624278 -0.598384
v 1.036242 0.669594 -0.587839
v 1.056912 0.610353 -0.599557
v 1.048684 0.685047 -0.582425
v 1.077160 0.606107 -0.592383
v 1.094372 0.600998 -0.579841
v 1.102410 0.597793 -0.570463
v 1.112828 0.591571 -0.549415
v 1.056949 0.648207 -0.590876
v 1.076716 0.648318 -0.583181
v 1.093706 0.647012 -0.570542
v 1.101779 0.645635 -0.561285
v 1.112645 0.641902 -0.540742
v 1.067067 0.689208 -0.574256
v 1.083033 0.691512 -0.561533
v 1.090740 0.691925 -0.552386
v 1.101464 0.690788 -0.532304
v -0.205218 1.049179 -0.491726
v -0.205218 1.070422 -0.464972
v 0.834477 1.070422 -0.464972
v 0.834477 1.049179 -0.491726
v -0.217419 1.047226 -0.492021
v -0.225691 1.067219 -0.465200
v -0.249851 1.054460 -0.464507
v 0.855990 1.066877 -0.465224
v 0.847271 1.047025 -0.492051
v 0.881083 1.052790 -0.464442
v -0.836352 0.066240 0.007700
v -0.794723 0.092400 -0.215600
v -0.269054 1.044058 -0.000000
v -1.056986 0.349580 0.000000
v -0.818318 0.026402 0.223300
v -0.768550 0.061477 -0.223300
v -0.775330 0.069556 -0.207900
v -0.800073 0.015868 0.223300
v -0.753087 0.066220 0.000000
v 0.582288 0.066220 0.000000
v 0.657038 0.075768 0.000000
v 0.657038 0.075768 -0.219450
v -0.761610 0.075766 0.000000
v -0.770152 0.085323 -0.215600
v 0.895250 0.066220 0.000000
v -0.964124 0.035420 0.000000
v -0.656490 0.469660 0.000000
v -0.761616 0.075770 -0.207900
v 0.597708 0.030894 -0.223300
v 0.639325 0.072874 0.223300
v -1.128429 0.279280 0.000000
v 0.768845 0.066220 0.000000
v -0.980170 0.038641 0.000000
v -0.993730 0.047804 0.000000
v -1.002704 0.061491 0.000000
v -0.939644 0.066220 0.000000
v -0.964124 -0.000000 0.000000
v -0.239689 1.024251 0.000000
v -0.205218 1.042580 0.000000
v 0.910933 0.024159 0.000000
v -1.035568 0.048280 0.000000
v -0.229862 1.073950 0.000000
v 0.883282 1.060557 0.000000
v 0.594003 0.051327 -0.223300
v 0.618577 0.076532 0.223300
v -0.761630 0.075798 -0.207900
v -0.768550 0.061477 -0.207900
v -0.779324 0.019526 0.223300
v -0.818224 0.066109 -0.223300
v -0.649804 0.066220 0.000000
v 0.493252 -0.000000 0.000000
v 0.599334 0.085312 0.211750
v 0.908825 0.066220 0.000000
v 0.815772 0.066220 0.000000
v 0.927281 0.050664 0.000000
v -0.964124 0.037366 -0.008783
v -0.761625 0.075788 -0.207900
v -0.251914 1.062225 0.000000
v 0.860391 1.073509 0.000000
v 0.900478 1.040658 0.000000
v 0.604299 0.069360 -0.223300
v -0.825500 0.047071 -0.223300
v -0.775346 0.069575 -0.207900
v -0.765782 0.035666 0.223300
v 0.623925 0.092400 0.211750
v -0.827832 0.075770 0.215600
v -0.761630 0.075798 -0.215600
v 0.875088 0.066220 0.000000
v 0.854925 0.066220 0.000000
v -0.964124 0.044788 0.000000
v -0.964124 0.039313 0.000000
v -0.274135 0.973183 0.000000
v -0.993839 0.005965 0.000000
v -0.818224 0.066109 -0.207900
v 0.593125 0.046200 0.223300
v 0.600331 0.065998 0.223300
v -0.770139 0.085315 0.215600
v 0.600331 0.026402 0.223300
v 0.643326 0.069549 -0.223300
v 0.623778 0.076557 -0.223300
v -0.765782 0.056734 0.223300
v -0.819281 0.027677 -0.223300
v -0.818216 0.066119 -0.207900
v 0.648516 0.085311 0.211750
v 0.590814 0.075770 -0.219450
v -0.672739 0.382228 0.000000
v -0.761621 0.075779 -0.207900
v -0.964124 0.050263 0.000000
v -0.303500 0.992989 0.000000
v -0.672739 0.365904 0.000000
v -1.018950 0.022934 0.000000
v -1.095565 0.292491 0.000000
v 0.834477 1.042580 0.000000
v 0.834477 1.078000 0.000000
v -0.779324 0.072874 0.223300
v -0.782666 0.074307 -0.223300
v -0.802323 0.016442 -0.223300
v -0.818208 0.066128 -0.207900
v -0.664051 -0.000000 0.000000
v -0.230434 1.034061 -0.000000
v 0.599336 0.085313 -0.219450
v -0.827817 0.075800 -0.207900
v -0.794724 0.092400 0.215600
v -0.836347 0.066250 0.007700
v 0.618577 0.015868 0.223300
v 0.653796 0.051616 -0.223300
v -0.205218 1.078000 0.000000
v 0.848470 1.040155 0.000000
v 0.870118 1.022416 0.000000
v -0.819309 0.085316 0.215600
v -0.809076 0.071405 -0.207900
v 0.650289 0.031149 -0.223300
v 0.885423 0.006297 0.000000
v 0.623926 0.092400 -0.219450
v 0.854925 -0.000000 0.000000
v 0.639325 0.019526 0.223300
v -0.782100 0.018272 -0.223300
v -0.800073 0.076532 0.223300
v 0.754598 -0.000000 0.000000
v -0.925398 -0.000000 0.000000
v -0.801756 0.076137 -0.223300
v -0.955771 0.066220 0.000000
v -0.836361 0.066220 0.000000
v -0.964124 0.066220 0.000000
v -0.827817 0.075800 -0.215600
v -0.708159 0.393057 0.000000
v 0.860831 1.033161 -0.000000
v 0.634446 0.017724 -0.223300
v 0.590812 0.075766 0.211750
v -0.708159 0.389028 -0.039312
v -0.825524 0.046200 0.223300
v -0.767494 0.032309 -0.223300
v -0.818318 0.065998 0.223300
v 0.479005 0.066220 0.000000
v 0.648516 0.085312 -0.219450
v -0.836357 0.066230 0.007700
v -0.819295 0.085325 -0.215600
v -0.218526 1.040393 0.000000
v 0.908825 0.057382 0.000000
v -0.627125 0.449853 0.000000
v 0.652868 0.035666 0.223300
v -1.097073 0.319042 0.000000
v -1.082183 0.341076 0.000000
v -1.093105 0.376003 0.000000
v -1.120784 0.351114 0.000000
v -1.133553 0.316149 0.000000
v 0.320288 1.012068 0.508143
v 0.320288 1.027017 0.464096
v 0.320288 1.010424 0.472159
v 0.320288 1.070422 -0.464972
v 0.320288 1.018452 -0.506657
v 0.516087 1.008054 0.472711
v 0.320288 1.042580 -0.431661
v 0.516087 1.008054 -0.472711
v 0.320288 1.038488 0.449649
v 0.320288 1.042580 0.431661
v 0.320288 1.038488 -0.449649
v 0.320288 1.078000 0.431661
v 0.320288 1.018452 0.506657
v 0.320288 1.027017 -0.464096
v 0.320288 1.010424 -0.472159
v 0.320288 1.078000 -0.431661
v 0.320288 1.012068 -0.508143
v 0.320288 1.049179 -0.491726
v 0.320288 1.049179 0.491726
v 0.320288 1.070422 0.464972
v 0.320288 1.042580 0.000000
v 0.320288 1.078000 0.000000
v -0.084745 0.053120 -0.543946
v -0.085400 0.066220 -0.446600
v -0.085400 0.066220 0.431200
v -0.085400 0.000000 0.446600
v -0.137505 0.081683 -0.550480
v -0.137505 0.081683 -0.514712
v -0.086209 0.002429 -0.485519
v -0.085400 -0.000000 -0.472065
v -0.087196 0.011889 -0.510795
v -0.085402 0.066252 -0.512232
v -0.085400 0.066220 0.512223
v -0.085400 0.000000 0.472065
v -0.084590 0.002432 0.485527
v -0.086059 0.053152 0.543951
v -0.085400 0.066284 0.548316
v -0.084116 0.029478 0.531106
v -0.083601 0.011900 0.510807
v -0.085400 0.066284 -0.548315
v -0.093172 0.066226 -0.512225
v -0.086682 0.029456 -0.531094
v -0.085400 -0.000000 -0.446600
v -0.085400 0.066220 -0.512223
v -0.085400 0.071213 0.513241
v -0.137505 0.081684 0.514712
v -0.085404 0.066257 -0.548312
v -0.085400 0.071213 -0.513240
v -0.137505 0.081684 0.550480
v -0.085400 0.066220 0.000000
v -0.085400 -0.000000 0.000000
v -0.672739 0.349580 -0.504530
v -1.056986 0.349580 -0.504530
v -0.672739 0.349580 0.000000
v -1.056986 0.385000 0.504530
v -0.708159 0.385000 0.504530
v -0.708159 0.385000 -0.504530
v -0.708159 0.385000 0.000000
v -1.056986 0.385000 0.000000
vt 0.447048 0.660591
vt 0.426630 0.681009
vt 0.426630 0.660591
vt 0.452790 0.660591
vt 0.473208 0.681009
vt 0.452790 0.681009
vt 0.478949 0.660591
vt 0.499367 0.681009
vt 0.478949 0.681009
vt 0.002871 0.002871
vt 0.017308 0.017308
vt 0.002871 0.031746
vt 0.023050 0.002871
vt 0.037487 0.017308
vt 0.023050 0.031746
vt 0.525527 0.660591
vt 0.505108 0.681009
vt 0.505108 0.660591
vt 0.531268 0.660591
vt 0.551686 0.681009
vt 0.531268 0.681009
vt 0.043229 0.002871
vt 0.057666 0.017308
vt 0.043229 0.031746
vt 0.002871 0.037487
vt 0.017308 0.051925
vt 0.002871 0.066363
vt 0.023050 0.037487
vt 0.037487 0.051925
vt 0.023050 0.066363
vt 0.043229 0.037487
vt 0.057666 0.051925
vt 0.043229 0.066363
vt 0.063408 0.002871
vt 0.077846 0.017308
vt 0.063408 0.031746
vt 0.063408 0.037487
vt 0.077846 0.051925
vt 0.063408 0.066363
vt 0.083587 0.002871
vt 0.098025 0.017308
vt 0.083587 0.031746
vt 0.577845 0.660591
vt 0.557427 0.681009
vt 0.557427 0.660591
vt 0.083587 0.037487
vt 0.098025 0.051925
vt 0.083587 0.066363
vt 0.583586 0.660591
vt 0.604005 0.681009
vt 0.583586 0.681009
vt 0.002871 0.072104
vt 0.017308 0.086542
vt 0.002871 0.100980
vt 0.023050 0.072104
vt 0.037487 0.086542
vt 0.023050 0.100980
vt 0.043229 0.072104
vt 0.057666 0.086542
vt 0.043229 0.100980
vt 0.609746 0.660591
vt 0.630164 0.681009
vt 0.609746 0.681009
vt 0.635905 0.660591
vt 0.656323 0.681009
vt 0.635905 0.681009
vt 0.682483 0.660591
vt 0.662065 0.681009
vt 0.662065 0.660591
vt 0.447048 0.686751
vt 0.426630 0.707169
vt 0.426630 0.686751
vt 0.452790 0.686751
vt 0.473208 0.707169
vt 0.452790 0.707169
vt 0.499367 0.686751
vt 0.478949 0.707169
vt 0.478949 0.686751
vt 0.525527 0.686751
vt 0.505108 0.707169
vt 0.505108 0.686751
vt 0.531268 0.686751
vt 0.551686 0.707169
vt 0.531268 0.707169
vt 0.557427 0.686751
vt 0.577845 0.707169
vt 0.557427 0.707169
vt 0.063408 0.072104
vt 0.077846 0.086542
vt 0.063408 0.100980
vt 0.604005 0.686751
vt 0.583586 0.707169
vt 0.583586 0.686751
vt 0.083587 0.072104
vt 0.098025 0.086542
vt 0.083587 0.100980
vt 0.976711 0.271519
vt 0.980420 0.282933
vt 0.996130 0.271519
vt 0.976711 0.295728
vt 0.992421 0.307142
vt 0.996130 0.295728
vt 0.103766 0.002871
vt 0.118204 0.017308
vt 0.103766 0.031746
vt 0.103766 0.037487
vt 0.118204 0.051925
vt 0.103766 0.066363
vt 0.103766 0.072104
vt 0.118204 0.086542
vt 0.103766 0.100980
vt 0.609746 0.686751
vt 0.630164 0.707169
vt 0.609746 0.707169
vt 0.002871 0.106721
vt 0.017308 0.121159
vt 0.002871 0.135597
vt 0.023050 0.106721
vt 0.037487 0.121159
vt 0.023050 0.135597
vt 0.043229 0.106721
vt 0.057666 0.121159
vt 0.043229 0.135597
vt 0.063408 0.106721
vt 0.077846 0.121159
vt 0.063408 0.135597
vt 0.083587 0.106721
vt 0.098025 0.121159
vt 0.083587 0.135597
vt 0.103766 0.106721
vt 0.118204 0.121159
vt 0.103766 0.135597
vt 0.123945 0.002871
vt 0.138383 0.017308
vt 0.123945 0.031746
vt 0.123945 0.037487
vt 0.138383 0.051925
vt 0.123945 0.066363
vt 0.123945 0.072104
vt 0.138383 0.086542
vt 0.123945 0.100980
vt 0.123945 0.106721
vt 0.138383 0.121159
vt 0.123945 0.135597
vt 0.144124 0.002871
vt 0.158562 0.017308
vt 0.144124 0.031746
vt 0.635905 0.686751
vt 0.656323 0.707169
vt 0.635905 0.707169
vt 0.682483 0.686751
vt 0.662065 0.707169
vt 0.662065 0.686751
vt 0.688224 0.660591
vt 0.708642 0.681009
vt 0.688224 0.681009
vt 0.144124 0.037487
vt 0.158562 0.051925
vt 0.144124 0.066363
vt 0.144124 0.072104
vt 0.158562 0.086542
vt 0.144124 0.100980
vt 0.144124 0.106721
vt 0.158562 0.121159
vt 0.144124 0.135597
vt 0.002871 0.141338
vt 0.017308 0.155776
vt 0.002871 0.170214
vt 0.023050 0.141338
vt 0.037487 0.155776
vt 0.023050 0.170214
vt 0.043229 0.141338
vt 0.057666 0.155776
vt 0.043229 0.170214
vt 0.063408 0.141338
vt 0.077846 0.155776
vt 0.063408 0.170214
vt 0.083587 0.141338
vt 0.098025 0.155776
vt 0.083587 0.170214
vt 0.103766 0.141338
vt 0.118204 0.155776
vt 0.103766 0.170214
vt 0.123945 0.141338
vt 0.138383 0.155776
vt 0.123945 0.170214
vt 0.144124 0.141338
vt 0.158562 0.155776
vt 0.144124 0.170214
vt 0.164303 0.002871
vt 0.178741 0.017308
vt 0.164303 0.031746
vt 0.164303 0.037487
vt 0.178741 0.051925
vt 0.164303 0.066363
vt 0.164303 0.072104
vt 0.178741 0.086542
vt 0.164303 0.100980
vt 0.164303 0.106721
vt 0.178741 0.121159
vt 0.164303 0.135597
vt 0.164303 0.141338
vt 0.178741 0.155776
vt 0.164303 0.170214
vt 0.184482 0.002871
vt 0.198920 0.017308
vt 0.184482 0.031746
vt 0.184482 0.037487
vt 0.198920 0.051925
vt 0.184482 0.066363
vt 0.184482 0.072104
vt 0.198920 0.086542
vt 0.184482 0.100980
vt 0.184482 0.106721
vt 0.198920 0.121159
vt 0.184482 0.135597
vt 0.184482 0.141338
vt 0.198920 0.155776
vt 0.184482 0.170214
vt 0.002871 0.175955
vt 0.017308 0.190393
vt 0.002871 0.204831
vt 0.023050 0.175955
vt 0.037487 0.190393
vt 0.023050 0.204831
vt 0.043229 0.175955
vt 0.057666 0.190393
vt 0.043229 0.204831
vt 0.688224 0.686751
vt 0.708642 0.707169
vt 0.688224 0.707169
vt 0.709376 0.002871
vt 0.688958 0.023289
vt 0.688958 0.002871
vt 0.709376 0.029030
vt 0.688958 0.049448
vt 0.688958 0.029030
vt 0.063408 0.175955
vt 0.077846 0.190393
vt 0.063408 0.204831
vt 0.688958 0.055189
vt 0.709376 0.075608
vt 0.688958 0.075608
vt 0.083587 0.175955
vt 0.098025 0.190393
vt 0.083587 0.204831
vt 0.709376 0.081349
vt 0.688958 0.101767
vt 0.688958 0.081349
vt 0.103766 0.175955
vt 0.118204 0.190393
vt 0.103766 0.204831
vt 0.123945 0.175955
vt 0.138383 0.190393
vt 0.123945 0.204831
vt 0.709376 0.107508
vt 0.688958 0.127926
vt 0.688958 0.107508
vt 0.144124 0.175955
vt 0.158562 0.190393
vt 0.144124 0.204831
vt 0.164303 0.175955
vt 0.178741 0.190393
vt 0.164303 0.204831
vt 0.184482 0.175955
vt 0.198920 0.190393
vt 0.184482 0.204831
vt 0.688958 0.133667
vt 0.709376 0.154086
vt 0.688958 0.154086
vt 0.688958 0.159827
vt 0.709376 0.180245
vt 0.688958 0.180245
vt 0.688958 0.185986
vt 0.709376 0.206404
vt 0.688958 0.206404
vt 0.688958 0.212146
vt 0.709376 0.232564
vt 0.688958 0.232564
vt 0.204661 0.002871
vt 0.219099 0.017308
vt 0.204661 0.031746
vt 0.204661 0.037487
vt 0.219099 0.051925
vt 0.204661 0.066363
vt 0.204661 0.072104
vt 0.219099 0.086542
vt 0.204661 0.100980
vt 0.204661 0.106721
vt 0.219099 0.121159
vt 0.204661 0.135597
vt 0.204661 0.141338
vt 0.219099 0.155776
vt 0.204661 0.170214
vt 0.204661 0.175955
vt 0.219099 0.190393
vt 0.204661 0.204831
vt 0.224840 0.002871
vt 0.239278 0.017308
vt 0.224840 0.031746
vt 0.224840 0.037487
vt 0.239278 0.051925
vt 0.224840 0.066363
vt 0.224840 0.072104
vt 0.239278 0.086542
vt 0.224840 0.100980
vt 0.224840 0.106721
vt 0.239278 0.121159
vt 0.224840 0.135597
vt 0.224840 0.141338
vt 0.239278 0.155776
vt 0.224840 0.170214
vt 0.709376 0.238305
vt 0.688958 0.258723
vt 0.688958 0.238305
vt 0.224840 0.175955
vt 0.239278 0.190393
vt 0.224840 0.204831
vt 0.002871 0.210572
vt 0.017308 0.225010
vt 0.002871 0.239448
vt 0.023050 0.210572
vt 0.037487 0.225010
vt 0.023050 0.239448
vt 0.043229 0.210572
vt 0.057666 0.225010
vt 0.043229 0.239448
vt 0.063408 0.210572
vt 0.077846 0.225010
vt 0.063408 0.239448
vt 0.083587 0.210572
vt 0.098025 0.225010
vt 0.083587 0.239448
vt 0.103766 0.210572
vt 0.118204 0.225010
vt 0.103766 0.239448
vt 0.123945 0.210572
vt 0.138383 0.225010
vt 0.123945 0.239448
vt 0.144124 0.210572
vt 0.158562 0.225010
vt 0.144124 0.239448
vt 0.164303 0.210572
vt 0.178741 0.225010
vt 0.164303 0.239448
vt 0.184482 0.210572
vt 0.198920 0.225010
vt 0.184482 0.239448
vt 0.204661 0.210572
vt 0.219099 0.225010
vt 0.204661 0.239448
vt 0.224840 0.210572
vt 0.239278 0.225010
vt 0.224840 0.239448
vt 0.245019 0.002871
vt 0.259457 0.017308
vt 0.245019 0.031746
vt 0.245019 0.037487
vt 0.259457 0.051925
vt 0.245019 0.066363
vt 0.245019 0.072104
vt 0.259457 0.086542
vt 0.245019 0.100980
vt 0.245019 0.106721
vt 0.259457 0.121159
vt 0.245019 0.135597
vt 0.245019 0.141338
vt 0.259457 0.155776
vt 0.245019 0.170214
vt 0.245019 0.175955
vt 0.259457 0.190393
vt 0.245019 0.204831
vt 0.245019 0.210572
vt 0.259457 0.225010
vt 0.245019 0.239448
vt 0.688958 0.264464
vt 0.709376 0.284883
vt 0.688958 0.284883
vt 0.688958 0.290624
vt 0.709376 0.311042
vt 0.688958 0.311042
vt 0.688958 0.316783
vt 0.709376 0.337201
vt 0.688958 0.337201
vt 0.002871 0.245189
vt 0.017308 0.259627
vt 0.002871 0.274064
vt 0.023050 0.245189
vt 0.037487 0.259627
vt 0.023050 0.274064
vt 0.043229 0.245189
vt 0.057666 0.259627
vt 0.043229 0.274064
vt 0.063408 0.245189
vt 0.077846 0.259627
vt 0.063408 0.274064
vt 0.083587 0.245189
vt 0.098025 0.259627
vt 0.083587 0.274064
vt 0.103766 0.245189
vt 0.118204 0.259627
vt 0.103766 0.274064
vt 0.123945 0.245189
vt 0.138383 0.259627
vt 0.123945 0.274064
vt 0.709376 0.342943
vt 0.688958 0.363361
vt 0.688958 0.342943
vt 0.688958 0.369102
vt 0.709376 0.389520
vt 0.688958 0.389520
vt 0.144124 0.245189
vt 0.158562 0.259627
vt 0.144124 0.274064
vt 0.709376 0.395261
vt 0.688958 0.415679
vt 0.688958 0.395261
vt 0.709376 0.421421
vt 0.688958 0.441839
vt 0.688958 0.421421
vt 0.164303 0.245189
vt 0.178741 0.259627
vt 0.164303 0.274064
vt 0.184482 0.245189
vt 0.198920 0.259627
vt 0.184482 0.274064
vt 0.688958 0.447580
vt 0.709376 0.467998
vt 0.688958 0.467998
vt 0.709376 0.473739
vt 0.688958 0.494158
vt 0.688958 0.473739
vt 0.204661 0.245189
vt 0.219099 0.259627
vt 0.204661 0.274064
vt 0.224840 0.245189
vt 0.239278 0.259627
vt 0.224840 0.274064
vt 0.245019 0.245189
vt 0.259457 0.259627
vt 0.245019 0.274064
vt 0.688958 0.499899
vt 0.709376 0.520317
vt 0.688958 0.520317
vt 0.265198 0.002871
vt 0.279636 0.017308
vt 0.265198 0.031746
vt 0.688958 0.526058
vt 0.709376 0.546476
vt 0.688958 0.546476
vt 0.688958 0.552218
vt 0.709376 0.572636
vt 0.688958 0.572636
vt 0.688958 0.578377
vt 0.709376 0.598795
vt 0.688958 0.598795
vt 0.688958 0.604536
vt 0.709376 0.624954
vt 0.688958 0.624954
vt 0.688958 0.630696
vt 0.709376 0.651114
vt 0.688958 0.651114
vt 0.002871 0.695208
vt 0.023289 0.715626
vt 0.002871 0.715626
vt 0.029030 0.695208
vt 0.049448 0.715626
vt 0.029030 0.715626
vt 0.265198 0.037487
vt 0.279636 0.051925
vt 0.265198 0.066363
vt 0.055189 0.695208
vt 0.075608 0.715626
vt 0.055189 0.715626
vt 0.265198 0.072104
vt 0.279636 0.086542
vt 0.265198 0.100980
vt 0.101767 0.695208
vt 0.081349 0.715626
vt 0.081349 0.695208
vt 0.265198 0.106721
vt 0.279636 0.121159
vt 0.265198 0.135597
vt 0.265198 0.141338
vt 0.279636 0.155776
vt 0.265198 0.170214
vt 0.265198 0.175955
vt 0.279636 0.190393
vt 0.265198 0.204831
vt 0.265198 0.210572
vt 0.279636 0.225010
vt 0.265198 0.239448
vt 0.107508 0.695208
vt 0.127926 0.715626
vt 0.107508 0.715626
vt 0.285377 0.002871
vt 0.299815 0.017308
vt 0.285377 0.031746
vt 0.133667 0.695208
vt 0.154086 0.715626
vt 0.133667 0.715626
vt 0.285377 0.037487
vt 0.299815 0.051925
vt 0.285377 0.066363
vt 0.159827 0.695208
vt 0.180245 0.715626
vt 0.159827 0.715626
vt 0.980420 0.331352
vt 0.992421 0.331352
vt 0.996130 0.319938
vt 0.185986 0.695208
vt 0.206404 0.715626
vt 0.185986 0.715626
vt 0.212146 0.695208
vt 0.232564 0.715626
vt 0.212146 0.715626
vt 0.238305 0.695208
vt 0.258723 0.715626
vt 0.238305 0.715626
vt 0.285616 0.695208
vt 0.265198 0.715626
vt 0.265198 0.695208
vt 0.291357 0.695208
vt 0.311775 0.715626
vt 0.291357 0.715626
vt 0.337935 0.695208
vt 0.317517 0.715626
vt 0.317517 0.695208
vt 0.364094 0.695208
vt 0.343676 0.715626
vt 0.343676 0.695208
vt 0.390254 0.695208
vt 0.369835 0.715626
vt 0.369835 0.695208
vt 0.395995 0.695208
vt 0.416413 0.715626
vt 0.395995 0.715626
vt 0.447048 0.712910
vt 0.426630 0.733328
vt 0.426630 0.712910
vt 0.473208 0.712910
vt 0.452790 0.733328
vt 0.452790 0.712910
vt 0.499367 0.712910
vt 0.478949 0.733328
vt 0.478949 0.712910
vt 0.525527 0.712910
vt 0.505108 0.733328
vt 0.505108 0.712910
vt 0.551686 0.712910
vt 0.531268 0.733328
vt 0.531268 0.712910
vt 0.577845 0.712910
vt 0.557427 0.733328
vt 0.557427 0.712910
vt 0.583586 0.712910
vt 0.604005 0.733328
vt 0.583586 0.733328
vt 0.609746 0.712910
vt 0.630164 0.733328
vt 0.609746 0.733328
vt 0.635905 0.712910
vt 0.656323 0.733328
vt 0.635905 0.733328
vt 0.662065 0.712910
vt 0.682483 0.733328
vt 0.662065 0.733328
vt 0.688224 0.712910
vt 0.708642 0.733328
vt 0.688224 0.733328
vt 0.714383 0.660591
vt 0.734802 0.681009
vt 0.714383 0.681009
vt 0.714383 0.686751
vt 0.734802 0.707169
vt 0.714383 0.707169
vt 0.714383 0.712910
vt 0.734802 0.733328
vt 0.714383 0.733328
vt 0.715117 0.002871
vt 0.735535 0.023289
vt 0.715117 0.023289
vt 0.285377 0.072104
vt 0.299815 0.086542
vt 0.285377 0.100980
vt 0.285377 0.106721
vt 0.299815 0.121159
vt 0.285377 0.135597
vt 0.285377 0.141338
vt 0.299815 0.155776
vt 0.285377 0.170214
vt 0.735535 0.029030
vt 0.715117 0.049448
vt 0.715117 0.029030
vt 0.285377 0.175955
vt 0.299815 0.190393
vt 0.285377 0.204831
vt 0.285377 0.210572
vt 0.299815 0.225010
vt 0.285377 0.239448
vt 0.285377 0.245189
vt 0.299815 0.259627
vt 0.285377 0.274064
vt 0.715117 0.055189
vt 0.735535 0.075608
vt 0.715117 0.075608
vt 0.002871 0.279806
vt 0.017308 0.294243
vt 0.002871 0.308681
vt 0.023050 0.279806
vt 0.037487 0.294243
vt 0.023050 0.308681
vt 0.735535 0.081349
vt 0.715117 0.101767
vt 0.715117 0.081349
vt 0.735535 0.107508
vt 0.715117 0.127926
vt 0.715117 0.107508
vt 0.735535 0.133667
vt 0.715117 0.154086
vt 0.715117 0.133667
vt 0.715117 0.159827
vt 0.735535 0.180245
vt 0.715117 0.180245
vt 0.715117 0.185986
vt 0.735535 0.206404
vt 0.715117 0.206404
vt 0.715117 0.212146
vt 0.735535 0.232564
vt 0.715117 0.232564
vt 0.715117 0.238305
vt 0.735535 0.258723
vt 0.715117 0.258723
vt 0.715117 0.264464
vt 0.735535 0.284883
vt 0.715117 0.284883
vt 0.043229 0.279806
vt 0.057666 0.294243
vt 0.043229 0.308681
vt 0.735535 0.290624
vt 0.715117 0.311042
vt 0.715117 0.290624
vt 0.063408 0.279806
vt 0.077846 0.294243
vt 0.063408 0.308681
vt 0.083587 0.279806
vt 0.098025 0.294243
vt 0.083587 0.308681
vt 0.103766 0.279806
vt 0.118204 0.294243
vt 0.103766 0.308681
vt 0.123945 0.279806
vt 0.138383 0.294243
vt 0.123945 0.308681
vt 0.715117 0.316783
vt 0.735535 0.337201
vt 0.715117 0.337201
vt 0.144124 0.279806
vt 0.158562 0.294243
vt 0.144124 0.308681
vt 0.164303 0.279806
vt 0.178741 0.294243
vt 0.164303 0.308681
vt 0.184482 0.279806
vt 0.198920 0.294243
vt 0.184482 0.308681
vt 0.204661 0.279806
vt 0.219099 0.294243
vt 0.204661 0.308681
vt 0.715117 0.342943
vt 0.735535 0.363361
vt 0.715117 0.363361
vt 0.224840 0.279806
vt 0.239278 0.294243
vt 0.224840 0.308681
vt 0.245019 0.279806
vt 0.259457 0.294243
vt 0.245019 0.308681
vt 0.265198 0.279806
vt 0.279636 0.294243
vt 0.265198 0.308681
vt 0.285377 0.279806
vt 0.299815 0.294243
vt 0.285377 0.308681
vt 0.305556 0.002871
vt 0.319994 0.017308
vt 0.305556 0.031746
vt 0.735535 0.369102
vt 0.715117 0.389520
vt 0.715117 0.369102
vt 0.305556 0.037487
vt 0.319994 0.051925
vt 0.305556 0.066363
vt 0.305556 0.072104
vt 0.319994 0.086542
vt 0.305556 0.100980
vt 0.305556 0.141338
vt 0.319994 0.155776
vt 0.305556 0.170214
vt 0.715117 0.395261
vt 0.735535 0.415679
vt 0.715117 0.415679
vt 0.715117 0.421421
vt 0.735535 0.441839
vt 0.715117 0.441839
vt 0.305556 0.175955
vt 0.319994 0.190393
vt 0.305556 0.204831
vt 0.305556 0.210572
vt 0.319994 0.225010
vt 0.305556 0.239448
vt 0.305556 0.245189
vt 0.319994 0.259627
vt 0.305556 0.274064
vt 0.305556 0.279806
vt 0.319994 0.294243
vt 0.305556 0.308681
vt 0.325735 0.002871
vt 0.340173 0.017308
vt 0.325735 0.031746
vt 0.715117 0.447580
vt 0.735535 0.467998
vt 0.715117 0.467998
vt 0.735535 0.473739
vt 0.715117 0.494158
vt 0.715117 0.473739
vt 0.325735 0.037487
vt 0.340173 0.051925
vt 0.325735 0.066363
vt 0.325735 0.072104
vt 0.340173 0.086542
vt 0.325735 0.100980
vt 0.325735 0.106721
vt 0.340173 0.121159
vt 0.325735 0.135597
vt 0.715117 0.499899
vt 0.735535 0.520317
vt 0.715117 0.520317
vt 0.325735 0.141338
vt 0.340173 0.155776
vt 0.325735 0.170214
vt 0.325735 0.175955
vt 0.340173 0.190393
vt 0.325735 0.204831
vt 0.325735 0.210572
vt 0.340173 0.225010
vt 0.325735 0.239448
vt 0.325735 0.245189
vt 0.340173 0.259627
vt 0.325735 0.274064
vt 0.325735 0.279806
vt 0.340173 0.294243
vt 0.325735 0.308681
vt 0.735535 0.526058
vt 0.715117 0.546476
vt 0.715117 0.526058
vt 0.002871 0.314422
vt 0.017308 0.328860
vt 0.002871 0.343298
vt 0.023050 0.314422
vt 0.037487 0.328860
vt 0.023050 0.343298
vt 0.043229 0.314422
vt 0.057666 0.328860
vt 0.043229 0.343298
vt 0.063408 0.314422
vt 0.077846 0.328860
vt 0.063408 0.343298
vt 0.083587 0.314422
vt 0.098025 0.328860
vt 0.083587 0.343298
vt 0.103766 0.314422
vt 0.118204 0.328860
vt 0.103766 0.343298
vt 0.123945 0.314422
vt 0.138383 0.328860
vt 0.123945 0.343298
vt 0.144124 0.314422
vt 0.158562 0.328860
vt 0.144124 0.343298
vt 0.164303 0.314422
vt 0.178741 0.328860
vt 0.164303 0.343298
vt 0.184482 0.314422
vt 0.198920 0.328860
vt 0.184482 0.343298
vt 0.204661 0.314422
vt 0.219099 0.328860
vt 0.204661 0.343298
vt 0.224840 0.314422
vt 0.239278 0.328860
vt 0.224840 0.343298
vt 0.245019 0.314422
vt 0.259457 0.328860
vt 0.245019 0.343298
vt 0.265198 0.314422
vt 0.279636 0.328860
vt 0.265198 0.343298
vt 0.285377 0.314422
vt 0.299815 0.328860
vt 0.285377 0.343298
vt 0.305556 0.314422
vt 0.319994 0.328860
vt 0.305556 0.343298
vt 0.325735 0.314422
vt 0.340173 0.328860
vt 0.325735 0.343298
vt 0.345914 0.002871
vt 0.360352 0.017308
vt 0.345914 0.031746
vt 0.345914 0.037487
vt 0.360352 0.051925
vt 0.345914 0.066363
vt 0.345914 0.072104
vt 0.360352 0.086542
vt 0.345914 0.100980
vt 0.345914 0.106721
vt 0.360352 0.121159
vt 0.345914 0.135597
vt 0.980420 0.355562
vt 0.992421 0.355562
vt 0.996130 0.344148
vt 0.976711 0.368357
vt 0.992421 0.379771
vt 0.996130 0.368357
vt 0.345914 0.141338
vt 0.360352 0.155776
vt 0.345914 0.170214
vt 0.735535 0.552218
vt 0.715117 0.572636
vt 0.715117 0.552218
vt 0.345914 0.175955
vt 0.360352 0.190393
vt 0.345914 0.204831
vt 0.715117 0.578377
vt 0.735535 0.598795
vt 0.715117 0.598795
vt 0.735535 0.604536
vt 0.715117 0.624954
vt 0.715117 0.604536
vt 0.980420 0.403981
vt 0.992421 0.403981
vt 0.996130 0.392567
vt 0.980420 0.428190
vt 0.992421 0.428190
vt 0.996130 0.416776
vt 0.735535 0.630696
vt 0.715117 0.651114
vt 0.715117 0.630696
vt 0.980420 0.452400
vt 0.992421 0.452400
vt 0.996130 0.440986
vt 0.002871 0.721367
vt 0.023289 0.741786
vt 0.002871 0.741786
vt 0.049448 0.721367
vt 0.029030 0.741786
vt 0.029030 0.721367
vt 0.055189 0.721367
vt 0.075608 0.741786
vt 0.055189 0.741786
vt 0.101767 0.721367
vt 0.081349 0.741786
vt 0.081349 0.721367
vt 0.107508 0.721367
vt 0.127926 0.741786
vt 0.107508 0.741786
vt 0.133667 0.721367
vt 0.154086 0.741786
vt 0.133667 0.741786
vt 0.159827 0.721367
vt 0.180245 0.741786
vt 0.159827 0.741786
vt 0.976711 0.465196
vt 0.992421 0.476610
vt 0.996130 0.465196
vt 0.980420 0.500819
vt 0.992421 0.500819
vt 0.996130 0.489405
vt 0.980420 0.525029
vt 0.992421 0.525029
vt 0.996130 0.513615
vt 0.185986 0.721367
vt 0.206404 0.741786
vt 0.185986 0.741786
vt 0.212146 0.721367
vt 0.232564 0.741786
vt 0.212146 0.741786
vt 0.345914 0.210572
vt 0.360352 0.225010
vt 0.345914 0.239448
vt 0.258723 0.721367
vt 0.238305 0.741786
vt 0.238305 0.721367
vt 0.284883 0.721367
vt 0.264464 0.741786
vt 0.264464 0.721367
vt 0.311042 0.721367
vt 0.290624 0.741786
vt 0.290624 0.721367
vt 0.337935 0.721367
vt 0.317517 0.741786
vt 0.317517 0.721367
vt 0.364094 0.721367
vt 0.343676 0.741786
vt 0.343676 0.721367
vt 0.390254 0.721367
vt 0.369835 0.741786
vt 0.369835 0.721367
vt 0.345914 0.245189
vt 0.360352 0.259627
vt 0.345914 0.274064
vt 0.345914 0.279806
vt 0.360352 0.294243
vt 0.345914 0.308681
vt 0.345914 0.314422
vt 0.360352 0.328860
vt 0.345914 0.343298
vt 0.002871 0.349039
vt 0.017308 0.363477
vt 0.002871 0.377915
vt 0.023050 0.349039
vt 0.037487 0.363477
vt 0.023050 0.377915
vt 0.043229 0.349039
vt 0.057666 0.363477
vt 0.043229 0.377915
vt 0.063408 0.349039
vt 0.077846 0.363477
vt 0.063408 0.377915
vt 0.083587 0.349039
vt 0.098025 0.363477
vt 0.083587 0.377915
vt 0.103766 0.349039
vt 0.118204 0.363477
vt 0.103766 0.377915
vt 0.123945 0.349039
vt 0.138383 0.363477
vt 0.123945 0.377915
vt 0.144124 0.349039
vt 0.158562 0.363477
vt 0.144124 0.377915
vt 0.164303 0.349039
vt 0.178741 0.363477
vt 0.164303 0.377915
vt 0.184482 0.349039
vt 0.198920 0.363477
vt 0.184482 0.377915
vt 0.204661 0.349039
vt 0.219099 0.363477
vt 0.204661 0.377915
vt 0.224840 0.349039
vt 0.239278 0.363477
vt 0.224840 0.377915
vt 0.245019 0.349039
vt 0.259457 0.363477
vt 0.245019 0.377915
vt 0.265198 0.349039
vt 0.279636 0.363477
vt 0.265198 0.377915
vt 0.416413 0.721367
vt 0.395995 0.741786
vt 0.395995 0.721367
vt 0.426630 0.739069
vt 0.447048 0.759488
vt 0.426630 0.759488
vt 0.473208 0.739069
vt 0.452790 0.759488
vt 0.452790 0.739069
vt 0.285377 0.349039
vt 0.299815 0.363477
vt 0.285377 0.377915
vt 0.305556 0.349039
vt 0.319994 0.363477
vt 0.305556 0.377915
vt 0.478949 0.739069
vt 0.499367 0.759488
vt 0.478949 0.759488
vt 0.325735 0.349039
vt 0.340173 0.363477
vt 0.325735 0.377915
vt 0.505108 0.739069
vt 0.525527 0.759488
vt 0.505108 0.759488
vt 0.345914 0.349039
vt 0.360352 0.363477
vt 0.345914 0.377915
vt 0.551686 0.739069
vt 0.531268 0.759488
vt 0.531268 0.739069
vt 0.577845 0.739069
vt 0.557427 0.759488
vt 0.557427 0.739069
vt 0.604005 0.739069
vt 0.583586 0.759488
vt 0.583586 0.739069
vt 0.609746 0.739069
vt 0.630164 0.759488
vt 0.609746 0.759488
vt 0.366093 0.002871
vt 0.380531 0.017308
vt 0.366093 0.031746
vt 0.656323 0.739069
vt 0.635905 0.759488
vt 0.635905 0.739069
vt 0.366093 0.037487
vt 0.380531 0.051925
vt 0.366093 0.066363
vt 0.682483 0.739069
vt 0.662065 0.759488
vt 0.662065 0.739069
vt 0.366093 0.072104
vt 0.380531 0.086542
vt 0.366093 0.100980
vt 0.366093 0.106721
vt 0.380531 0.121159
vt 0.366093 0.135597
vt 0.366093 0.141338
vt 0.380531 0.155776
vt 0.366093 0.170214
vt 0.366093 0.175955
vt 0.380531 0.190393
vt 0.366093 0.204831
vt 0.366093 0.210572
vt 0.380531 0.225010
vt 0.366093 0.239448
vt 0.366093 0.245189
vt 0.380531 0.259627
vt 0.366093 0.274064
vt 0.366093 0.279806
vt 0.380531 0.294243
vt 0.366093 0.308681
vt 0.366093 0.314422
vt 0.380531 0.328860
vt 0.366093 0.343298
vt 0.366093 0.349039
vt 0.380531 0.363477
vt 0.366093 0.377915
vt 0.386272 0.002871
vt 0.400710 0.017308
vt 0.386272 0.031746
vt 0.386272 0.037487
vt 0.400710 0.051925
vt 0.386272 0.066363
vt 0.386272 0.072104
vt 0.400710 0.086542
vt 0.386272 0.100980
vt 0.386272 0.106721
vt 0.400710 0.121159
vt 0.386272 0.135597
vt 0.688224 0.739069
vt 0.708642 0.759488
vt 0.688224 0.759488
vt 0.714383 0.739069
vt 0.734802 0.759488
vt 0.714383 0.759488
vt 0.740543 0.660591
vt 0.760961 0.681009
vt 0.740543 0.681009
vt 0.740543 0.686751
vt 0.760961 0.707169
vt 0.740543 0.707169
vt 0.740543 0.712910
vt 0.760961 0.733328
vt 0.740543 0.733328
vt 0.740543 0.739069
vt 0.760961 0.759488
vt 0.740543 0.759488
vt 0.741276 0.002871
vt 0.761695 0.023289
vt 0.741276 0.023289
vt 0.741276 0.029030
vt 0.761695 0.049448
vt 0.741276 0.049448
vt 0.741276 0.055189
vt 0.761695 0.075608
vt 0.741276 0.075608
vt 0.386272 0.141338
vt 0.400710 0.155776
vt 0.386272 0.170214
vt 0.386272 0.175955
vt 0.400710 0.190393
vt 0.386272 0.204831
vt 0.386272 0.210572
vt 0.400710 0.225010
vt 0.386272 0.239448
vt 0.386272 0.245189
vt 0.400710 0.259627
vt 0.386272 0.274064
vt 0.386272 0.279806
vt 0.400710 0.294243
vt 0.386272 0.308681
vt 0.386272 0.349039
vt 0.400710 0.363477
vt 0.386272 0.377915
vt 0.002871 0.383656
vt 0.017308 0.398094
vt 0.002871 0.412532
vt 0.761695 0.081349
vt 0.741276 0.101767
vt 0.741276 0.081349
vt 0.741276 0.107508
vt 0.761695 0.127926
vt 0.741276 0.127926
vt 0.741276 0.133667
vt 0.761695 0.154086
vt 0.741276 0.154086
vt 0.761695 0.159827
vt 0.741276 0.180245
vt 0.741276 0.159827
vt 0.023050 0.383656
vt 0.037487 0.398094
vt 0.023050 0.412532
vt 0.761695 0.185986
vt 0.741276 0.206404
vt 0.741276 0.185986
vt 0.043229 0.383656
vt 0.057666 0.398094
vt 0.043229 0.412532
vt 0.986421 0.554980
vt 0.976711 0.562034
vt 0.996130 0.562034
vt 0.063408 0.383656
vt 0.077846 0.398094
vt 0.063408 0.412532
vt 0.741276 0.212146
vt 0.761695 0.232564
vt 0.741276 0.232564
vt 0.083587 0.383656
vt 0.098025 0.398094
vt 0.083587 0.412532
vt 0.741276 0.238305
vt 0.761695 0.258723
vt 0.741276 0.258723
vt 0.741276 0.264464
vt 0.761695 0.284883
vt 0.741276 0.284883
vt 0.761695 0.290624
vt 0.741276 0.311042
vt 0.741276 0.290624
vt 0.741276 0.316783
vt 0.761695 0.337201
vt 0.741276 0.337201
vt 0.761695 0.342943
vt 0.741276 0.363361
vt 0.741276 0.342943
vt 0.741276 0.369102
vt 0.761695 0.389520
vt 0.741276 0.389520
vt 0.741276 0.395261
vt 0.761695 0.415679
vt 0.741276 0.415679
vt 0.741276 0.421421
vt 0.761695 0.441839
vt 0.741276 0.441839
vt 0.741276 0.447580
vt 0.761695 0.467998
vt 0.741276 0.467998
vt 0.103766 0.383656
vt 0.118204 0.398094
vt 0.103766 0.412532
vt 0.123945 0.383656
vt 0.138383 0.398094
vt 0.123945 0.412532
vt 0.144124 0.383656
vt 0.158562 0.398094
vt 0.144124 0.412532
vt 0.164303 0.383656
vt 0.178741 0.398094
vt 0.164303 0.412532
vt 0.184482 0.383656
vt 0.198920 0.398094
vt 0.184482 0.412532
vt 0.204661 0.383656
vt 0.219099 0.398094
vt 0.204661 0.412532
vt 0.224840 0.383656
vt 0.239278 0.398094
vt 0.224840 0.412532
vt 0.245019 0.383656
vt 0.259457 0.398094
vt 0.245019 0.412532
vt 0.265198 0.383656
vt 0.279636 0.398094
vt 0.265198 0.412532
vt 0.285377 0.383656
vt 0.299815 0.398094
vt 0.285377 0.412532
vt 0.741276 0.473739
vt 0.761695 0.494158
vt 0.741276 0.494158
vt 0.761695 0.499899
vt 0.741276 0.520317
vt 0.741276 0.499899
vt 0.741276 0.526058
vt 0.761695 0.546476
vt 0.741276 0.546476
vt 0.305556 0.383656
vt 0.319994 0.398094
vt 0.305556 0.412532
vt 0.325735 0.383656
vt 0.340173 0.398094
vt 0.325735 0.412532
vt 0.345914 0.383656
vt 0.360352 0.398094
vt 0.345914 0.412532
vt 0.366093 0.383656
vt 0.380531 0.398094
vt 0.366093 0.412532
vt 0.761695 0.552218
vt 0.741276 0.572636
vt 0.741276 0.552218
vt 0.386272 0.383656
vt 0.400710 0.398094
vt 0.386272 0.412532
vt 0.761695 0.578377
vt 0.741276 0.598795
vt 0.741276 0.578377
vt 0.406451 0.002871
vt 0.420889 0.017308
vt 0.406451 0.031746
vt 0.761695 0.604536
vt 0.741276 0.624954
vt 0.741276 0.604536
vt 0.406451 0.037487
vt 0.420889 0.051925
vt 0.406451 0.066363
vt 0.741276 0.630696
vt 0.761695 0.651114
vt 0.741276 0.651114
vt 0.406451 0.072104
vt 0.420889 0.086542
vt 0.406451 0.100980
vt 0.406451 0.106721
vt 0.420889 0.121159
vt 0.406451 0.135597
vt 0.406451 0.141338
vt 0.420889 0.155776
vt 0.406451 0.170214
vt 0.406451 0.175955
vt 0.420889 0.190393
vt 0.406451 0.204831
vt 0.406451 0.210572
vt 0.420889 0.225010
vt 0.406451 0.239448
vt 0.406451 0.245189
vt 0.420889 0.259627
vt 0.406451 0.274064
vt 0.023289 0.747527
vt 0.002871 0.767945
vt 0.002871 0.747527
vt 0.029030 0.747527
vt 0.049448 0.767945
vt 0.029030 0.767945
vt 0.055189 0.747527
vt 0.075608 0.767945
vt 0.055189 0.767945
vt 0.081349 0.747527
vt 0.101767 0.767945
vt 0.081349 0.767945
vt 0.406451 0.279806
vt 0.420889 0.294243
vt 0.406451 0.308681
vt 0.107508 0.747527
vt 0.127926 0.767945
vt 0.107508 0.767945
vt 0.133667 0.747527
vt 0.154086 0.767945
vt 0.133667 0.767945
vt 0.159827 0.747527
vt 0.180245 0.767945
vt 0.159827 0.767945
vt 0.185986 0.747527
vt 0.206404 0.767945
vt 0.185986 0.767945
vt 0.212146 0.747527
vt 0.232564 0.767945
vt 0.212146 0.767945
vt 0.406451 0.314422
vt 0.420889 0.328860
vt 0.406451 0.343298
vt 0.406451 0.349039
vt 0.420889 0.363477
vt 0.406451 0.377915
vt 0.406451 0.383656
vt 0.420889 0.398094
vt 0.406451 0.412532
vt 0.426630 0.002871
vt 0.441068 0.017308
vt 0.426630 0.031746
vt 0.238305 0.747527
vt 0.258723 0.767945
vt 0.238305 0.767945
vt 0.426630 0.037487
vt 0.441068 0.051925
vt 0.426630 0.066363
vt 0.264464 0.747527
vt 0.284883 0.767945
vt 0.264464 0.767945
vt 0.290624 0.747527
vt 0.311042 0.767945
vt 0.290624 0.767945
vt 0.337201 0.747527
vt 0.316783 0.767945
vt 0.316783 0.747527
vt 0.363361 0.747527
vt 0.342943 0.767945
vt 0.342943 0.747527
vt 0.389520 0.747527
vt 0.369102 0.767945
vt 0.369102 0.747527
vt 0.415679 0.747527
vt 0.395261 0.767945
vt 0.395261 0.747527
vt 0.447048 0.765229
vt 0.426630 0.785647
vt 0.426630 0.765229
vt 0.426630 0.072104
vt 0.441068 0.086542
vt 0.426630 0.100980
vt 0.452790 0.765229
vt 0.473208 0.785647
vt 0.452790 0.785647
vt 0.478949 0.765229
vt 0.499367 0.785647
vt 0.478949 0.785647
vt 0.505108 0.765229
vt 0.525527 0.785647
vt 0.505108 0.785647
vt 0.531268 0.765229
vt 0.551686 0.785647
vt 0.531268 0.785647
vt 0.557427 0.765229
vt 0.577845 0.785647
vt 0.557427 0.785647
vt 0.583586 0.765229
vt 0.604005 0.785647
vt 0.583586 0.785647
vt 0.609746 0.765229
vt 0.630164 0.785647
vt 0.609746 0.785647
vt 0.635905 0.765229
vt 0.656323 0.785647
vt 0.635905 0.785647
vt 0.426630 0.106721
vt 0.441068 0.121159
vt 0.426630 0.135597
vt 0.426630 0.141338
vt 0.441068 0.155776
vt 0.426630 0.170214
vt 0.426630 0.175955
vt 0.441068 0.190393
vt 0.426630 0.204831
vt 0.426630 0.210572
vt 0.441068 0.225010
vt 0.426630 0.239448
vt 0.426630 0.245189
vt 0.441068 0.259627
vt 0.426630 0.274064
vt 0.426630 0.279806
vt 0.441068 0.294243
vt 0.426630 0.308681
vt 0.426630 0.314422
vt 0.441068 0.328860
vt 0.426630 0.343298
vt 0.426630 0.349039
vt 0.441068 0.363477
vt 0.426630 0.377915
vt 0.426630 0.383656
vt 0.441068 0.398094
vt 0.426630 0.412532
vt 0.002871 0.418273
vt 0.017308 0.432711
vt 0.002871 0.447149
vt 0.023050 0.418273
vt 0.037487 0.432711
vt 0.023050 0.447149
vt 0.043229 0.418273
vt 0.057666 0.432711
vt 0.043229 0.447149
vt 0.063408 0.418273
vt 0.077846 0.432711
vt 0.063408 0.447149
vt 0.083587 0.418273
vt 0.098025 0.432711
vt 0.083587 0.447149
vt 0.103766 0.418273
vt 0.118204 0.432711
vt 0.103766 0.447149
vt 0.123945 0.418273
vt 0.138383 0.432711
vt 0.123945 0.447149
vt 0.662065 0.765229
vt 0.682483 0.785647
vt 0.662065 0.785647
vt 0.688224 0.765229
vt 0.708642 0.785647
vt 0.688224 0.785647
vt 0.144124 0.418273
vt 0.158562 0.432711
vt 0.144124 0.447149
vt 0.164303 0.418273
vt 0.178741 0.432711
vt 0.164303 0.447149
vt 0.184482 0.418273
vt 0.198920 0.432711
vt 0.184482 0.447149
vt 0.204661 0.418273
vt 0.219099 0.432711
vt 0.204661 0.447149
vt 0.224840 0.418273
vt 0.239278 0.432711
vt 0.224840 0.447149
vt 0.245019 0.418273
vt 0.259457 0.432711
vt 0.245019 0.447149
vt 0.265198 0.418273
vt 0.279636 0.432711
vt 0.265198 0.447149
vt 0.285377 0.418273
vt 0.299815 0.432711
vt 0.285377 0.447149
vt 0.305556 0.418273
vt 0.319994 0.432711
vt 0.305556 0.447149
vt 0.325735 0.418273
vt 0.340173 0.432711
vt 0.325735 0.447149
vt 0.345914 0.418273
vt 0.360352 0.432711
vt 0.345914 0.447149
vt 0.366093 0.418273
vt 0.380531 0.432711
vt 0.366093 0.447149
vt 0.386272 0.418273
vt 0.400710 0.432711
vt 0.386272 0.447149
vt 0.406451 0.418273
vt 0.420889 0.432711
vt 0.406451 0.447149
vt 0.426630 0.418273
vt 0.441068 0.432711
vt 0.426630 0.447149
vt 0.446809 0.002871
vt 0.461247 0.017308
vt 0.446809 0.031746
vt 0.446809 0.037487
vt 0.461247 0.051925
vt 0.446809 0.066363
vt 0.446809 0.072104
vt 0.461247 0.086542
vt 0.446809 0.100980
vt 0.446809 0.106721
vt 0.461247 0.121159
vt 0.446809 0.135597
vt 0.446809 0.141338
vt 0.461247 0.155776
vt 0.446809 0.170214
vt 0.446809 0.175955
vt 0.461247 0.190393
vt 0.446809 0.204831
vt 0.446809 0.210572
vt 0.461247 0.225010
vt 0.446809 0.239448
vt 0.446809 0.245189
vt 0.461247 0.259627
vt 0.446809 0.274064
vt 0.446809 0.279806
vt 0.461247 0.294243
vt 0.446809 0.308681
vt 0.446809 0.314422
vt 0.461247 0.328860
vt 0.446809 0.343298
vt 0.446809 0.349039
vt 0.461247 0.363477
vt 0.446809 0.377915
vt 0.446809 0.383656
vt 0.461247 0.398094
vt 0.446809 0.412532
vt 0.446809 0.418273
vt 0.461247 0.432711
vt 0.446809 0.447149
vt 0.466988 0.002871
vt 0.481426 0.017308
vt 0.466988 0.031746
vt 0.466988 0.037487
vt 0.481426 0.051925
vt 0.466988 0.066363
vt 0.466988 0.072104
vt 0.481426 0.086542
vt 0.466988 0.100980
vt 0.466988 0.106721
vt 0.481426 0.121159
vt 0.466988 0.135597
vt 0.466988 0.141338
vt 0.481426 0.155776
vt 0.466988 0.170214
vt 0.466988 0.175955
vt 0.481426 0.190393
vt 0.466988 0.204831
vt 0.466988 0.210572
vt 0.481426 0.225010
vt 0.466988 0.239448
vt 0.466988 0.245189
vt 0.481426 0.259627
vt 0.466988 0.274064
vt 0.466988 0.279806
vt 0.481426 0.294243
vt 0.466988 0.308681
vt 0.466988 0.314422
vt 0.481426 0.328860
vt 0.466988 0.343298
vt 0.466988 0.349039
vt 0.481426 0.363477
vt 0.466988 0.377915
vt 0.466988 0.383656
vt 0.481426 0.398094
vt 0.466988 0.412532
vt 0.466988 0.418273
vt 0.481426 0.432711
vt 0.466988 0.447149
vt 0.002871 0.452890
vt 0.017308 0.467328
vt 0.002871 0.481766
vt 0.023050 0.452890
vt 0.037487 0.467328
vt 0.023050 0.481766
vt 0.043229 0.452890
vt 0.057666 0.467328
vt 0.043229 0.481766
vt 0.063408 0.452890
vt 0.077846 0.467328
vt 0.063408 0.481766
vt 0.083587 0.452890
vt 0.098025 0.467328
vt 0.083587 0.481766
vt 0.103766 0.452890
vt 0.118204 0.467328
vt 0.103766 0.481766
vt 0.123945 0.452890
vt 0.138383 0.467328
vt 0.123945 0.481766
vt 0.144124 0.452890
vt 0.158562 0.467328
vt 0.144124 0.481766
vt 0.164303 0.452890
vt 0.178741 0.467328
vt 0.164303 0.481766
vt 0.184482 0.452890
vt 0.198920 0.467328
vt 0.184482 0.481766
vt 0.204661 0.452890
vt 0.219099 0.467328
vt 0.204661 0.481766
vt 0.224840 0.452890
vt 0.239278 0.467328
vt 0.224840 0.481766
vt 0.245019 0.452890
vt 0.259457 0.467328
vt 0.245019 0.481766
vt 0.265198 0.452890
vt 0.279636 0.467328
vt 0.265198 0.481766
vt 0.285377 0.452890
vt 0.299815 0.467328
vt 0.285377 0.481766
vt 0.305556 0.452890
vt 0.319994 0.467328
vt 0.305556 0.481766
vt 0.325735 0.452890
vt 0.340173 0.467328
vt 0.325735 0.481766
vt 0.345914 0.452890
vt 0.360352 0.467328
vt 0.345914 0.481766
vt 0.366093 0.452890
vt 0.380531 0.467328
vt 0.366093 0.481766
vt 0.386272 0.452890
vt 0.400710 0.467328
vt 0.386272 0.481766
vt 0.406451 0.452890
vt 0.420889 0.467328
vt 0.406451 0.481766
vt 0.426630 0.452890
vt 0.441068 0.467328
vt 0.426630 0.481766
vt 0.446809 0.452890
vt 0.461247 0.467328
vt 0.446809 0.481766
vt 0.466988 0.452890
vt 0.481426 0.467328
vt 0.466988 0.481766
vt 0.714383 0.765229
vt 0.734802 0.785647
vt 0.714383 0.785647
vt 0.976711 0.586244
vt 0.992422 0.597658
vt 0.996130 0.586244
vt 0.487167 0.002871
vt 0.501605 0.017308
vt 0.487167 0.031746
vt 0.976711 0.610453
vt 0.980420 0.621867
vt 0.992422 0.621867
vt 0.487167 0.037487
vt 0.501605 0.051925
vt 0.487167 0.066363
vt 0.740543 0.765229
vt 0.760961 0.785647
vt 0.740543 0.785647
vt 0.766702 0.660591
vt 0.787120 0.681009
vt 0.766702 0.681009
vt 0.487167 0.072104
vt 0.501605 0.086542
vt 0.487167 0.100980
vt 0.976711 0.634663
vt 0.992422 0.646077
vt 0.996130 0.634663
vt 0.976711 0.658873
vt 0.992422 0.670287
vt 0.996130 0.658873
vt 0.976711 0.683082
vt 0.992422 0.694496
vt 0.996130 0.683082
vt 0.976711 0.707292
vt 0.992422 0.718706
vt 0.996130 0.707292
vt 0.487167 0.106721
vt 0.501605 0.121159
vt 0.487167 0.135597
vt 0.766702 0.686751
vt 0.787120 0.707169
vt 0.766702 0.707169
vt 0.980420 0.742916
vt 0.992422 0.742916
vt 0.996130 0.731501
vt 0.980420 0.767125
vt 0.992422 0.767125
vt 0.996130 0.755711
vt 0.487167 0.141338
vt 0.501605 0.155776
vt 0.487167 0.170214
vt 0.766702 0.712910
vt 0.787120 0.733328
vt 0.766702 0.733328
vt 0.766702 0.739069
vt 0.787120 0.759488
vt 0.766702 0.759488
vt 0.787120 0.765229
vt 0.766702 0.785647
vt 0.766702 0.765229
vt 0.767436 0.002871
vt 0.787854 0.023289
vt 0.767436 0.023289
vt 0.487167 0.175955
vt 0.501605 0.190393
vt 0.487167 0.204831
vt 0.487167 0.210572
vt 0.501605 0.225010
vt 0.487167 0.239448
vt 0.487167 0.245189
vt 0.501605 0.259627
vt 0.487167 0.274064
vt 0.487167 0.279806
vt 0.501605 0.294243
vt 0.487167 0.308681
vt 0.767436 0.029030
vt 0.787854 0.049448
vt 0.767436 0.049448
vt 0.487167 0.314422
vt 0.501605 0.328860
vt 0.487167 0.343298
vt 0.767436 0.055189
vt 0.787854 0.075608
vt 0.767436 0.075608
vt 0.487167 0.349039
vt 0.501605 0.363477
vt 0.487167 0.377915
vt 0.767436 0.081349
vt 0.787854 0.101767
vt 0.767436 0.101767
vt 0.487167 0.383656
vt 0.501605 0.398094
vt 0.487167 0.412532
vt 0.787854 0.107508
vt 0.767436 0.127926
vt 0.767436 0.107508
vt 0.487167 0.418273
vt 0.501605 0.432711
vt 0.487167 0.447149
vt 0.487167 0.452890
vt 0.501605 0.467328
vt 0.487167 0.481766
vt 0.002871 0.487507
vt 0.017308 0.501945
vt 0.002871 0.516382
vt 0.023050 0.487507
vt 0.037487 0.501945
vt 0.023050 0.516382
vt 0.043229 0.487507
vt 0.057666 0.501945
vt 0.043229 0.516382
vt 0.063408 0.487507
vt 0.077846 0.501945
vt 0.063408 0.516382
vt 0.767436 0.133667
vt 0.787854 0.154086
vt 0.767436 0.154086
vt 0.767436 0.159827
vt 0.787854 0.180245
vt 0.767436 0.180245
vt 0.767436 0.185986
vt 0.787854 0.206404
vt 0.767436 0.206404
vt 0.767436 0.212146
vt 0.787854 0.232564
vt 0.767436 0.232564
vt 0.083587 0.487507
vt 0.098025 0.501945
vt 0.083587 0.516382
vt 0.787854 0.238305
vt 0.767436 0.258723
vt 0.767436 0.238305
vt 0.767436 0.264464
vt 0.787854 0.284883
vt 0.767436 0.284883
vt 0.767436 0.290624
vt 0.787854 0.311042
vt 0.767436 0.311042
vt 0.767436 0.316783
vt 0.787854 0.337201
vt 0.767436 0.337201
vt 0.767436 0.342943
vt 0.787854 0.363361
vt 0.767436 0.363361
vt 0.103766 0.487507
vt 0.118204 0.501945
vt 0.103766 0.516382
vt 0.123945 0.487507
vt 0.138383 0.501945
vt 0.123945 0.516382
vt 0.144124 0.487507
vt 0.158562 0.501945
vt 0.144124 0.516382
vt 0.164303 0.487507
vt 0.178741 0.501945
vt 0.164303 0.516382
vt 0.184482 0.487507
vt 0.198920 0.501945
vt 0.184482 0.516382
vt 0.767436 0.369102
vt 0.787854 0.389520
vt 0.767436 0.389520
vt 0.767436 0.395261
vt 0.787854 0.415679
vt 0.767436 0.415679
vt 0.767436 0.421421
vt 0.787854 0.441839
vt 0.767436 0.441839
vt 0.767436 0.447580
vt 0.787854 0.467998
vt 0.767436 0.467998
vt 0.787854 0.473739
vt 0.767436 0.494158
vt 0.767436 0.473739
vt 0.767436 0.499899
vt 0.787854 0.520317
vt 0.767436 0.520317
vt 0.767436 0.526058
vt 0.787854 0.546476
vt 0.767436 0.546476
vt 0.767436 0.552218
vt 0.787854 0.572636
vt 0.767436 0.572636
vt 0.767436 0.578377
vt 0.787854 0.598795
vt 0.767436 0.598795
vt 0.204661 0.487507
vt 0.219099 0.501945
vt 0.204661 0.516382
vt 0.224840 0.487507
vt 0.239278 0.501945
vt 0.224840 0.516382
vt 0.245019 0.487507
vt 0.259457 0.501945
vt 0.245019 0.516382
vt 0.265198 0.487507
vt 0.279636 0.501945
vt 0.265198 0.516382
vt 0.285377 0.487507
vt 0.299815 0.501945
vt 0.285377 0.516382
vt 0.305556 0.487507
vt 0.319994 0.501945
vt 0.305556 0.516382
vt 0.325735 0.487507
vt 0.340173 0.501945
vt 0.325735 0.516382
vt 0.345914 0.487507
vt 0.360352 0.501945
vt 0.345914 0.516382
vt 0.366093 0.487507
vt 0.380531 0.501945
vt 0.366093 0.516382
vt 0.386272 0.487507
vt 0.400710 0.501945
vt 0.386272 0.516382
vt 0.406451 0.487507
vt 0.420889 0.501945
vt 0.406451 0.516382
vt 0.426630 0.487507
vt 0.441068 0.501945
vt 0.426630 0.516382
vt 0.446809 0.487507
vt 0.461247 0.501945
vt 0.446809 0.516382
vt 0.466988 0.487507
vt 0.481426 0.501945
vt 0.466988 0.516382
vt 0.787854 0.604536
vt 0.767436 0.624954
vt 0.767436 0.604536
vt 0.487167 0.487507
vt 0.501605 0.501945
vt 0.487167 0.516382
vt 0.787854 0.630696
vt 0.767436 0.651114
vt 0.767436 0.630696
vt 0.507346 0.002871
vt 0.521784 0.017308
vt 0.507346 0.031746
vt 0.002871 0.773686
vt 0.023289 0.794104
vt 0.002871 0.794104
vt 0.029030 0.773686
vt 0.049448 0.794104
vt 0.029030 0.794104
vt 0.507346 0.037487
vt 0.521784 0.051925
vt 0.507346 0.066363
vt 0.507346 0.072104
vt 0.521784 0.086542
vt 0.507346 0.100980
vt 0.507346 0.106721
vt 0.521784 0.121159
vt 0.507346 0.135597
vt 0.507346 0.141338
vt 0.521784 0.155776
vt 0.507346 0.170214
vt 0.507346 0.175955
vt 0.521784 0.190393
vt 0.507346 0.204831
vt 0.507346 0.210572
vt 0.521784 0.225010
vt 0.507346 0.239448
vt 0.507346 0.245189
vt 0.521784 0.259627
vt 0.507346 0.274064
vt 0.507346 0.279806
vt 0.521784 0.294243
vt 0.507346 0.308681
vt 0.507346 0.314422
vt 0.521784 0.328860
vt 0.507346 0.343298
vt 0.507346 0.349039
vt 0.521784 0.363477
vt 0.507346 0.377915
vt 0.507346 0.383656
vt 0.521784 0.398094
vt 0.507346 0.412532
vt 0.507346 0.418273
vt 0.521784 0.432711
vt 0.507346 0.447149
vt 0.055189 0.773686
vt 0.075608 0.794104
vt 0.055189 0.794104
vt 0.081349 0.773686
vt 0.101767 0.794104
vt 0.081349 0.794104
vt 0.507346 0.452890
vt 0.521784 0.467328
vt 0.507346 0.481766
vt 0.127926 0.773686
vt 0.107508 0.794104
vt 0.107508 0.773686
vt 0.133667 0.773686
vt 0.154086 0.794104
vt 0.133667 0.794104
vt 0.507346 0.487507
vt 0.521784 0.501945
vt 0.507346 0.516382
vt 0.527525 0.002871
vt 0.541963 0.017308
vt 0.527525 0.031746
vt 0.527525 0.037487
vt 0.541963 0.051925
vt 0.527525 0.066363
vt 0.159827 0.773686
vt 0.180245 0.794104
vt 0.159827 0.794104
vt 0.527525 0.072104
vt 0.541963 0.086542
vt 0.527525 0.100980
vt 0.527525 0.141338
vt 0.541963 0.155776
vt 0.527525 0.170214
vt 0.527525 0.175955
vt 0.541963 0.190393
vt 0.527525 0.204831
vt 0.185986 0.773686
vt 0.206404 0.794104
vt 0.185986 0.794104
vt 0.527525 0.210572
vt 0.541963 0.225010
vt 0.527525 0.239448
vt 0.212146 0.773686
vt 0.232564 0.794104
vt 0.212146 0.794104
vt 0.527525 0.245189
vt 0.541963 0.259627
vt 0.527525 0.274064
vt 0.527525 0.279806
vt 0.541963 0.294243
vt 0.527525 0.308681
vt 0.238305 0.773686
vt 0.258723 0.794104
vt 0.238305 0.794104
vt 0.527525 0.314422
vt 0.541963 0.328860
vt 0.527525 0.343298
vt 0.264464 0.773686
vt 0.284883 0.794104
vt 0.264464 0.794104
vt 0.976711 0.779921
vt 0.980420 0.791335
vt 0.992422 0.791335
vt 0.980420 0.815544
vt 0.992422 0.815544
vt 0.996130 0.804130
vt 0.527525 0.349039
vt 0.541963 0.363477
vt 0.527525 0.377915
vt 0.311042 0.773686
vt 0.290624 0.794104
vt 0.290624 0.773686
vt 0.316783 0.773686
vt 0.337201 0.794104
vt 0.316783 0.794104
vt 0.363361 0.773686
vt 0.342943 0.794104
vt 0.342943 0.773686
vt 0.369102 0.773686
vt 0.389520 0.794104
vt 0.369102 0.794104
vt 0.415679 0.773686
vt 0.395261 0.794104
vt 0.395261 0.773686
vt 0.447048 0.791388
vt 0.426630 0.811806
vt 0.426630 0.791388
vt 0.527525 0.383656
vt 0.541963 0.398094
vt 0.527525 0.412532
vt 0.527525 0.418273
vt 0.541963 0.432711
vt 0.527525 0.447149
vt 0.527525 0.452890
vt 0.541963 0.467328
vt 0.527525 0.481766
vt 0.527525 0.487507
vt 0.541963 0.501945
vt 0.527525 0.516382
vt 0.473208 0.791388
vt 0.452790 0.811806
vt 0.452790 0.791388
vt 0.002871 0.522124
vt 0.017308 0.536561
vt 0.002871 0.550999
vt 0.023050 0.522124
vt 0.037487 0.536561
vt 0.023050 0.550999
vt 0.043229 0.522124
vt 0.057666 0.536561
vt 0.043229 0.550999
vt 0.063408 0.522124
vt 0.077845 0.536561
vt 0.063408 0.550999
vt 0.083587 0.522124
vt 0.098025 0.536561
vt 0.083587 0.550999
vt 0.103766 0.522124
vt 0.118204 0.536561
vt 0.103766 0.550999
vt 0.123945 0.522124
vt 0.138383 0.536561
vt 0.123945 0.550999
vt 0.144124 0.522124
vt 0.158562 0.536561
vt 0.144124 0.550999
vt 0.164303 0.522124
vt 0.178741 0.536561
vt 0.164303 0.550999
vt 0.184482 0.522124
vt 0.198920 0.536561
vt 0.184482 0.550999
vt 0.204661 0.522124
vt 0.219099 0.536561
vt 0.204661 0.550999
vt 0.478949 0.791388
vt 0.499367 0.811806
vt 0.478949 0.811806
vt 0.224840 0.522124
vt 0.239278 0.536561
vt 0.224840 0.550999
vt 0.505108 0.791388
vt 0.525527 0.811806
vt 0.505108 0.811806
vt 0.245019 0.522124
vt 0.259457 0.536561
vt 0.245019 0.550999
vt 0.265198 0.522124
vt 0.279636 0.536561
vt 0.265198 0.550999
vt 0.531268 0.791388
vt 0.551686 0.811806
vt 0.531268 0.811806
vt 0.285377 0.522124
vt 0.299815 0.536561
vt 0.285377 0.550999
vt 0.305556 0.522124
vt 0.319994 0.536561
vt 0.305556 0.550999
vt 0.325735 0.522124
vt 0.340173 0.536561
vt 0.325735 0.550999
vt 0.557427 0.791388
vt 0.577845 0.811806
vt 0.557427 0.811806
vt 0.345914 0.522124
vt 0.360352 0.536561
vt 0.345914 0.550999
vt 0.366093 0.522124
vt 0.380531 0.536561
vt 0.366093 0.550999
vt 0.386272 0.522124
vt 0.400710 0.536561
vt 0.386272 0.550999
vt 0.406451 0.522124
vt 0.420889 0.536561
vt 0.406451 0.550999
vt 0.426630 0.522124
vt 0.441068 0.536561
vt 0.426630 0.550999
vt 0.446809 0.522124
vt 0.461247 0.536561
vt 0.446809 0.550999
vt 0.604005 0.791388
vt 0.583586 0.811806
vt 0.583586 0.791388
vt 0.466988 0.522124
vt 0.481426 0.536561
vt 0.466988 0.550999
vt 0.487167 0.522124
vt 0.501605 0.536561
vt 0.487167 0.550999
vt 0.630164 0.791388
vt 0.609746 0.811806
vt 0.609746 0.791388
vt 0.507346 0.522124
vt 0.521784 0.536561
vt 0.507346 0.550999
vt 0.527525 0.522124
vt 0.541963 0.536561
vt 0.527525 0.550999
vt 0.635905 0.791388
vt 0.656323 0.811806
vt 0.635905 0.811806
vt 0.662065 0.791388
vt 0.682483 0.811806
vt 0.662065 0.811806
vt 0.547704 0.002871
vt 0.562142 0.017308
vt 0.547704 0.031746
vt 0.547704 0.037487
vt 0.562142 0.051925
vt 0.547704 0.066363
vt 0.688224 0.791388
vt 0.708642 0.811806
vt 0.688224 0.811806
vt 0.734802 0.791388
vt 0.714383 0.811806
vt 0.714383 0.791388
vt 0.760961 0.791388
vt 0.740543 0.811806
vt 0.740543 0.791388
vt 0.766702 0.791388
vt 0.787120 0.811806
vt 0.766702 0.811806
vt 0.547704 0.072104
vt 0.562142 0.086542
vt 0.547704 0.100980
vt 0.792862 0.660591
vt 0.813280 0.681009
vt 0.792862 0.681009
vt 0.792862 0.686751
vt 0.813280 0.707169
vt 0.792862 0.707169
vt 0.792862 0.712910
vt 0.813280 0.733328
vt 0.792862 0.733328
vt 0.547704 0.106721
vt 0.562142 0.121159
vt 0.547704 0.135597
vt 0.547704 0.141338
vt 0.562142 0.155776
vt 0.547704 0.170214
vt 0.792862 0.739069
vt 0.813280 0.759488
vt 0.792862 0.759488
vt 0.547704 0.175955
vt 0.562142 0.190393
vt 0.547704 0.204831
vt 0.813280 0.765229
vt 0.792862 0.785647
vt 0.792862 0.765229
vt 0.813280 0.791388
vt 0.792862 0.811806
vt 0.792862 0.791388
vt 0.814013 0.002871
vt 0.793595 0.023289
vt 0.793595 0.002871
vt 0.793595 0.029030
vt 0.814013 0.049448
vt 0.793595 0.049448
vt 0.793595 0.055189
vt 0.814013 0.075608
vt 0.793595 0.075608
vt 0.793595 0.081349
vt 0.814013 0.101767
vt 0.793595 0.101767
vt 0.793595 0.107508
vt 0.814013 0.127926
vt 0.793595 0.127926
vt 0.793595 0.133667
vt 0.814013 0.154086
vt 0.793595 0.154086
vt 0.547704 0.210572
vt 0.562142 0.225010
vt 0.547704 0.239448
vt 0.814013 0.159827
vt 0.793595 0.180245
vt 0.793595 0.159827
vt 0.547704 0.245189
vt 0.562142 0.259627
vt 0.547704 0.274064
vt 0.547704 0.279806
vt 0.562142 0.294243
vt 0.547704 0.308681
vt 0.814013 0.185986
vt 0.793595 0.206404
vt 0.793595 0.185986
vt 0.793595 0.212146
vt 0.814013 0.232564
vt 0.793595 0.232564
vt 0.814013 0.238305
vt 0.793595 0.258723
vt 0.793595 0.238305
vt 0.814013 0.264464
vt 0.793595 0.284883
vt 0.793595 0.264464
vt 0.814013 0.290624
vt 0.793595 0.311042
vt 0.793595 0.290624
vt 0.814013 0.316783
vt 0.793595 0.337201
vt 0.793595 0.316783
vt 0.814013 0.342943
vt 0.793595 0.363361
vt 0.793595 0.342943
vt 0.793595 0.369102
vt 0.814013 0.389520
vt 0.793595 0.389520
vt 0.814013 0.395261
vt 0.793595 0.415679
vt 0.793595 0.395261
vt 0.814013 0.421421
vt 0.793595 0.441839
vt 0.793595 0.421421
vt 0.814013 0.447580
vt 0.793595 0.467998
vt 0.793595 0.447580
vt 0.793595 0.473739
vt 0.814013 0.494158
vt 0.793595 0.494158
vt 0.814013 0.499899
vt 0.793595 0.520317
vt 0.793595 0.499899
vt 0.814013 0.526058
vt 0.793595 0.546476
vt 0.793595 0.526058
vt 0.814013 0.552218
vt 0.793595 0.572636
vt 0.793595 0.552218
vt 0.793595 0.578377
vt 0.814013 0.598795
vt 0.793595 0.598795
vt 0.793595 0.604536
vt 0.814013 0.624954
vt 0.793595 0.624954
vt 0.793595 0.630696
vt 0.814013 0.651114
vt 0.793595 0.651114
vt 0.547704 0.314422
vt 0.562142 0.328860
vt 0.547704 0.343298
vt 0.547704 0.349039
vt 0.562142 0.363477
vt 0.547704 0.377915
vt 0.023289 0.799846
vt 0.002871 0.820264
vt 0.002871 0.799846
vt 0.547704 0.383656
vt 0.562142 0.398094
vt 0.547704 0.412532
vt 0.547704 0.418273
vt 0.562142 0.432711
vt 0.547704 0.447149
vt 0.547704 0.452890
vt 0.562142 0.467328
vt 0.547704 0.481766
vt 0.029030 0.799846
vt 0.049448 0.820264
vt 0.029030 0.820264
vt 0.547704 0.487507
vt 0.562142 0.501945
vt 0.547704 0.516382
vt 0.075608 0.799846
vt 0.055189 0.820264
vt 0.055189 0.799846
vt 0.547704 0.522124
vt 0.562142 0.536561
vt 0.547704 0.550999
vt 0.081349 0.799846
vt 0.101767 0.820264
vt 0.081349 0.820264
vt 0.567883 0.002871
vt 0.582321 0.017308
vt 0.567883 0.031746
vt 0.107508 0.799846
vt 0.127926 0.820264
vt 0.107508 0.820264
vt 0.154086 0.799846
vt 0.133667 0.820264
vt 0.133667 0.799846
vt 0.159827 0.799846
vt 0.180245 0.820264
vt 0.159827 0.820264
vt 0.206404 0.799846
vt 0.185986 0.820264
vt 0.185986 0.799846
vt 0.567883 0.037487
vt 0.582321 0.051925
vt 0.567883 0.066363
vt 0.567883 0.072104
vt 0.582321 0.086542
vt 0.567883 0.100980
vt 0.567883 0.106721
vt 0.582321 0.121159
vt 0.567883 0.135597
vt 0.212146 0.799846
vt 0.232564 0.820264
vt 0.212146 0.820264
vt 0.258723 0.799846
vt 0.238305 0.820264
vt 0.238305 0.799846
vt 0.264464 0.799846
vt 0.284883 0.820264
vt 0.264464 0.820264
vt 0.290624 0.799846
vt 0.311042 0.820264
vt 0.290624 0.820264
vt 0.337201 0.799846
vt 0.316783 0.820264
vt 0.316783 0.799846
vt 0.567883 0.141338
vt 0.582321 0.155776
vt 0.567883 0.170214
vt 0.342943 0.799846
vt 0.363361 0.820264
vt 0.342943 0.820264
vt 0.567883 0.175955
vt 0.582321 0.190393
vt 0.567883 0.204831
vt 0.567883 0.210572
vt 0.582321 0.225010
vt 0.567883 0.239448
vt 0.567883 0.245189
vt 0.582321 0.259627
vt 0.567883 0.274064
vt 0.567883 0.279806
vt 0.582321 0.294243
vt 0.567883 0.308681
vt 0.567883 0.314422
vt 0.582321 0.328860
vt 0.567883 0.343298
vt 0.369102 0.799846
vt 0.389520 0.820264
vt 0.369102 0.820264
vt 0.567883 0.349039
vt 0.582321 0.363477
vt 0.567883 0.377915
vt 0.567883 0.383656
vt 0.582321 0.398094
vt 0.567883 0.412532
vt 0.567883 0.418273
vt 0.582321 0.432711
vt 0.567883 0.447149
vt 0.567883 0.452890
vt 0.582321 0.467328
vt 0.567883 0.481766
vt 0.567883 0.487507
vt 0.582321 0.501945
vt 0.567883 0.516382
vt 0.567883 0.522124
vt 0.582321 0.536561
vt 0.567883 0.550999
vt 0.415679 0.799846
vt 0.395261 0.820264
vt 0.395261 0.799846
vt 0.447048 0.817548
vt 0.426630 0.837966
vt 0.426630 0.817548
vt 0.473208 0.817548
vt 0.452790 0.837966
vt 0.452790 0.817548
vt 0.478949 0.817548
vt 0.499367 0.837966
vt 0.478949 0.837966
vt 0.505108 0.817548
vt 0.525527 0.837966
vt 0.505108 0.837966
vt 0.002871 0.556740
vt 0.017308 0.571178
vt 0.002871 0.585616
vt 0.023050 0.556740
vt 0.037487 0.571178
vt 0.023050 0.585616
vt 0.531268 0.817548
vt 0.551686 0.837966
vt 0.531268 0.837966
vt 0.043229 0.556740
vt 0.057666 0.571178
vt 0.043229 0.585616
vt 0.577845 0.817548
vt 0.557427 0.837966
vt 0.557427 0.817548
vt 0.604005 0.817548
vt 0.583586 0.837966
vt 0.583586 0.817548
vt 0.630164 0.817548
vt 0.609746 0.837966
vt 0.609746 0.817548
vt 0.635905 0.817548
vt 0.656323 0.837966
vt 0.635905 0.837966
vt 0.682483 0.817548
vt 0.662065 0.837966
vt 0.662065 0.817548
vt 0.708642 0.817548
vt 0.688224 0.837966
vt 0.688224 0.817548
vt 0.714383 0.817548
vt 0.734802 0.837966
vt 0.714383 0.837966
vt 0.063408 0.556740
vt 0.077846 0.571178
vt 0.063408 0.585616
vt 0.083587 0.556740
vt 0.098025 0.571178
vt 0.083587 0.585616
vt 0.103766 0.556740
vt 0.118204 0.571178
vt 0.103766 0.585616
vt 0.123945 0.556740
vt 0.138383 0.571178
vt 0.123945 0.585616
vt 0.144124 0.556740
vt 0.158562 0.571178
vt 0.144124 0.585616
vt 0.976711 0.828340
vt 0.992422 0.839754
vt 0.996130 0.828340
vt 0.740543 0.817548
vt 0.760961 0.837966
vt 0.740543 0.837966
vt 0.766702 0.817548
vt 0.787120 0.837966
vt 0.766702 0.837966
vt 0.164303 0.556740
vt 0.178741 0.571178
vt 0.164303 0.585616
vt 0.792862 0.817548
vt 0.813280 0.837966
vt 0.792862 0.837966
vt 0.819021 0.660591
vt 0.839439 0.681009
vt 0.819021 0.681009
vt 0.819021 0.686751
vt 0.839439 0.707169
vt 0.819021 0.707169
vt 0.184482 0.556740
vt 0.198920 0.571178
vt 0.184482 0.585616
vt 0.839439 0.712910
vt 0.819021 0.733328
vt 0.819021 0.712910
vt 0.839439 0.739069
vt 0.819021 0.759488
vt 0.819021 0.739069
vt 0.839439 0.765229
vt 0.819021 0.785647
vt 0.819021 0.765229
vt 0.819021 0.791388
vt 0.839439 0.811806
vt 0.819021 0.811806
vt 0.204661 0.556740
vt 0.219099 0.571178
vt 0.204661 0.585616
vt 0.819021 0.817548
vt 0.839439 0.837966
vt 0.819021 0.837966
vt 0.819755 0.002871
vt 0.840173 0.023289
vt 0.819755 0.023289
vt 0.224840 0.556740
vt 0.239278 0.571178
vt 0.224840 0.585616
vt 0.819755 0.029030
vt 0.840173 0.049448
vt 0.819755 0.049448
vt 0.245019 0.556740
vt 0.259457 0.571178
vt 0.245019 0.585616
vt 0.819755 0.055189
vt 0.840173 0.075608
vt 0.819755 0.075608
vt 0.265198 0.556740
vt 0.279636 0.571178
vt 0.265198 0.585616
vt 0.285377 0.556740
vt 0.299815 0.571178
vt 0.285377 0.585616
vt 0.305556 0.556740
vt 0.319994 0.571178
vt 0.305556 0.585616
vt 0.819755 0.081349
vt 0.840173 0.101767
vt 0.819755 0.101767
vt 0.840173 0.107508
vt 0.819755 0.127926
vt 0.819755 0.107508
vt 0.325735 0.556740
vt 0.340173 0.571178
vt 0.325735 0.585616
vt 0.345914 0.556740
vt 0.360352 0.571178
vt 0.345914 0.585616
vt 0.366093 0.556740
vt 0.380531 0.571178
vt 0.366093 0.585616
vt 0.976711 0.852550
vt 0.992422 0.863964
vt 0.996130 0.852550
vt 0.819755 0.133667
vt 0.840173 0.154086
vt 0.819755 0.154086
vt 0.840173 0.159827
vt 0.819755 0.180245
vt 0.819755 0.159827
vt 0.840173 0.185986
vt 0.819755 0.206404
vt 0.819755 0.185986
vt 0.840173 0.212146
vt 0.819755 0.232564
vt 0.819755 0.212146
vt 0.840173 0.238305
vt 0.819755 0.258723
vt 0.819755 0.238305
vt 0.840173 0.264464
vt 0.819755 0.284883
vt 0.819755 0.264464
vt 0.819755 0.290624
vt 0.840173 0.311042
vt 0.819755 0.311042
vt 0.840173 0.316783
vt 0.819755 0.337201
vt 0.819755 0.316783
vt 0.386272 0.556740
vt 0.400710 0.571178
vt 0.386272 0.585616
vt 0.840173 0.342943
vt 0.819755 0.363361
vt 0.819755 0.342943
vt 0.840173 0.369102
vt 0.819755 0.389520
vt 0.819755 0.369102
vt 0.819755 0.395261
vt 0.840173 0.415679
vt 0.819755 0.415679
vt 0.819755 0.421421
vt 0.840173 0.441839
vt 0.819755 0.441839
vt 0.406451 0.556741
vt 0.420889 0.571178
vt 0.406451 0.585616
vt 0.819755 0.447580
vt 0.840173 0.467998
vt 0.819755 0.467998
vt 0.819755 0.473739
vt 0.840173 0.494158
vt 0.819755 0.494158
vt 0.819755 0.499899
vt 0.840173 0.520317
vt 0.819755 0.520317
vt 0.819755 0.526058
vt 0.840173 0.546476
vt 0.819755 0.546476
vt 0.426630 0.556740
vt 0.441068 0.571178
vt 0.426630 0.585616
vt 0.446809 0.556740
vt 0.461247 0.571178
vt 0.446809 0.585616
vt 0.466988 0.556740
vt 0.481426 0.571178
vt 0.466988 0.585616
vt 0.487167 0.556741
vt 0.501605 0.571178
vt 0.487167 0.585616
vt 0.507346 0.556740
vt 0.521784 0.571178
vt 0.507346 0.585616
vt 0.819755 0.552218
vt 0.840173 0.572636
vt 0.819755 0.572636
vt 0.819755 0.578377
vt 0.840173 0.598795
vt 0.819755 0.598795
vt 0.840173 0.604536
vt 0.819755 0.624954
vt 0.819755 0.604536
vt 0.819755 0.630696
vt 0.840173 0.651114
vt 0.819755 0.651114
vt 0.002871 0.826005
vt 0.023289 0.846423
vt 0.002871 0.846423
vt 0.029030 0.826005
vt 0.049448 0.846423
vt 0.029030 0.846423
vt 0.075608 0.826005
vt 0.055189 0.846423
vt 0.055189 0.826005
vt 0.101767 0.826005
vt 0.081349 0.846423
vt 0.081349 0.826005
vt 0.127926 0.826005
vt 0.107508 0.846423
vt 0.107508 0.826005
vt 0.527525 0.556740
vt 0.541963 0.571178
vt 0.527525 0.585616
vt 0.133667 0.826005
vt 0.154086 0.846423
vt 0.133667 0.846423
vt 0.159827 0.826005
vt 0.180245 0.846423
vt 0.159827 0.846423
vt 0.547704 0.556740
vt 0.562142 0.571178
vt 0.547704 0.585616
vt 0.185986 0.826005
vt 0.206404 0.846423
vt 0.185986 0.846423
vt 0.567883 0.556740
vt 0.582321 0.571178
vt 0.567883 0.585616
vt 0.212146 0.826005
vt 0.232564 0.846423
vt 0.212146 0.846423
vt 0.238305 0.826005
vt 0.258723 0.846423
vt 0.238305 0.846423
vt 0.588062 0.002871
vt 0.602500 0.017308
vt 0.588062 0.031746
vt 0.588062 0.037487
vt 0.602500 0.051925
vt 0.588062 0.066363
vt 0.284883 0.826005
vt 0.264464 0.846423
vt 0.264464 0.826005
vt 0.588062 0.072104
vt 0.602500 0.086542
vt 0.588062 0.100980
vt 0.588062 0.106721
vt 0.602500 0.121159
vt 0.588062 0.135597
vt 0.290624 0.826005
vt 0.311042 0.846423
vt 0.290624 0.846423
vt 0.316783 0.826005
vt 0.337201 0.846423
vt 0.316783 0.846423
vt 0.342943 0.826005
vt 0.363361 0.846423
vt 0.342943 0.846423
vt 0.389520 0.826005
vt 0.369102 0.846423
vt 0.369102 0.826005
vt 0.588062 0.141338
vt 0.602500 0.155776
vt 0.588062 0.170214
vt 0.980420 0.888173
vt 0.992422 0.888173
vt 0.996130 0.876759
vt 0.845914 0.023289
vt 0.866332 0.002871
vt 0.866332 0.023289
vt 0.588062 0.175955
vt 0.602500 0.190393
vt 0.588062 0.204831
vt 0.588062 0.210572
vt 0.602500 0.225010
vt 0.588062 0.239448
vt 0.845914 0.049448
vt 0.866332 0.029030
vt 0.866332 0.049448
vt 0.588062 0.245189
vt 0.602500 0.259627
vt 0.588062 0.274064
vt 0.845914 0.055189
vt 0.866332 0.075608
vt 0.845914 0.075608
vt 0.588062 0.279806
vt 0.602500 0.294243
vt 0.588062 0.308681
vt 0.845914 0.081349
vt 0.866332 0.101767
vt 0.845914 0.101767
vt 0.588062 0.314422
vt 0.602500 0.328860
vt 0.588062 0.343298
vt 0.845914 0.107508
vt 0.866332 0.127926
vt 0.845914 0.127926
vt 0.845914 0.154086
vt 0.866332 0.133667
vt 0.866332 0.154086
vt 0.845914 0.180245
vt 0.866332 0.159827
vt 0.866332 0.180245
vt 0.845914 0.206404
vt 0.866332 0.185986
vt 0.866332 0.206404
vt 0.845914 0.212146
vt 0.866332 0.232564
vt 0.845914 0.232564
vt 0.845914 0.238305
vt 0.866332 0.258723
vt 0.845914 0.258723
vt 0.845914 0.284883
vt 0.866332 0.264464
vt 0.866332 0.284883
vt 0.845914 0.311042
vt 0.866332 0.290624
vt 0.866332 0.311042
vt 0.845914 0.316783
vt 0.866332 0.337201
vt 0.845914 0.337201
vt 0.845914 0.342943
vt 0.866332 0.363361
vt 0.845914 0.363361
vt 0.845914 0.389520
vt 0.866332 0.369102
vt 0.866332 0.389520
vt 0.845914 0.415679
vt 0.866332 0.395261
vt 0.866332 0.415679
vt 0.588062 0.349039
vt 0.602500 0.363477
vt 0.588062 0.377915
vt 0.588062 0.383656
vt 0.602500 0.398094
vt 0.588062 0.412532
vt 0.845914 0.441839
vt 0.866332 0.421421
vt 0.866332 0.441839
vt 0.588062 0.418273
vt 0.602500 0.432711
vt 0.588062 0.447149
vt 0.588062 0.452890
vt 0.602500 0.467328
vt 0.588062 0.481766
vt 0.588062 0.487507
vt 0.602500 0.501945
vt 0.588062 0.516382
vt 0.588062 0.522124
vt 0.602500 0.536561
vt 0.588062 0.550999
vt 0.588062 0.556740
vt 0.602500 0.571178
vt 0.588062 0.585616
vt 0.002871 0.591357
vt 0.017308 0.605795
vt 0.002871 0.620233
vt 0.845914 0.467998
vt 0.866332 0.447580
vt 0.866332 0.467998
vt 0.023050 0.591357
vt 0.037487 0.605795
vt 0.023050 0.620233
vt 0.043229 0.591357
vt 0.057666 0.605795
vt 0.043229 0.620233
vt 0.063408 0.591357
vt 0.077845 0.605795
vt 0.063408 0.620233
vt 0.083587 0.591357
vt 0.098025 0.605795
vt 0.083587 0.620233
vt 0.103766 0.591357
vt 0.118204 0.605795
vt 0.103766 0.620233
vt 0.123945 0.591357
vt 0.138383 0.605795
vt 0.123945 0.620233
vt 0.144124 0.591357
vt 0.158562 0.605795
vt 0.144124 0.620233
vt 0.164303 0.591357
vt 0.178741 0.605795
vt 0.164303 0.620233
vt 0.845914 0.473739
vt 0.866332 0.494158
vt 0.845914 0.494158
vt 0.845914 0.520317
vt 0.866332 0.499899
vt 0.866332 0.520317
vt 0.184482 0.591357
vt 0.198920 0.605795
vt 0.184482 0.620233
vt 0.204661 0.591357
vt 0.219099 0.605795
vt 0.204661 0.620233
vt 0.845914 0.546476
vt 0.866332 0.526058
vt 0.866332 0.546476
vt 0.224840 0.591357
vt 0.239278 0.605795
vt 0.224840 0.620233
vt 0.245019 0.591357
vt 0.259457 0.605795
vt 0.245019 0.620233
vt 0.265198 0.591357
vt 0.279636 0.605795
vt 0.265198 0.620233
vt 0.285377 0.591357
vt 0.299815 0.605795
vt 0.285377 0.620233
vt 0.305556 0.591357
vt 0.319994 0.605795
vt 0.305556 0.620233
vt 0.325735 0.591357
vt 0.340173 0.605795
vt 0.325735 0.620233
vt 0.345914 0.591357
vt 0.360352 0.605795
vt 0.345914 0.620233
vt 0.366093 0.591357
vt 0.380531 0.605795
vt 0.366093 0.620233
vt 0.845914 0.578377
vt 0.866332 0.598795
vt 0.845914 0.598795
vt 0.386272 0.591357
vt 0.400710 0.605795
vt 0.386272 0.620233
vt 0.845914 0.604536
vt 0.866332 0.624954
vt 0.845914 0.624954
vt 0.406451 0.591357
vt 0.420889 0.605795
vt 0.406451 0.620233
vt 0.426630 0.591357
vt 0.441068 0.605795
vt 0.426630 0.620233
vt 0.446809 0.591357
vt 0.461247 0.605795
vt 0.446809 0.620233
vt 0.466988 0.591357
vt 0.481426 0.605795
vt 0.466988 0.620233
vt 0.487167 0.591357
vt 0.501605 0.605795
vt 0.487167 0.620233
vt 0.507346 0.591357
vt 0.521784 0.605795
vt 0.507346 0.620233
vt 0.527525 0.591357
vt 0.541963 0.605795
vt 0.527525 0.620233
vt 0.547704 0.591357
vt 0.562142 0.605795
vt 0.547704 0.620233
vt 0.567883 0.591357
vt 0.582321 0.605795
vt 0.567883 0.620233
vt 0.588062 0.591357
vt 0.602500 0.605795
vt 0.588062 0.620233
vt 0.608241 0.002871
vt 0.622679 0.017308
vt 0.608241 0.031746
vt 0.608241 0.037487
vt 0.622679 0.051925
vt 0.608241 0.066363
vt 0.608241 0.072104
vt 0.622679 0.086542
vt 0.608241 0.100980
vt 0.608241 0.106721
vt 0.622679 0.121159
vt 0.608241 0.135597
vt 0.608241 0.141338
vt 0.622679 0.155776
vt 0.608241 0.170214
vt 0.608241 0.175955
vt 0.622679 0.190393
vt 0.608241 0.204831
vt 0.608241 0.210572
vt 0.622679 0.225010
vt 0.608241 0.239448
vt 0.608241 0.245189
vt 0.622679 0.259627
vt 0.608241 0.274064
vt 0.608241 0.279806
vt 0.622679 0.294243
vt 0.608241 0.308681
vt 0.845914 0.651114
vt 0.866332 0.630696
vt 0.866332 0.651114
vt 0.608241 0.314422
vt 0.622679 0.328860
vt 0.608241 0.343298
vt 0.845914 0.656855
vt 0.866332 0.677273
vt 0.845914 0.677273
vt 0.845914 0.683015
vt 0.866332 0.703433
vt 0.845914 0.703433
vt 0.845914 0.729592
vt 0.866332 0.709174
vt 0.866332 0.729592
vt 0.845914 0.755752
vt 0.866332 0.735333
vt 0.866332 0.755752
vt 0.608241 0.349039
vt 0.622679 0.363477
vt 0.608241 0.377915
vt 0.608241 0.383656
vt 0.622679 0.398094
vt 0.608241 0.412532
vt 0.845914 0.761493
vt 0.866332 0.781911
vt 0.845914 0.781911
vt 0.845914 0.787652
vt 0.866332 0.808070
vt 0.845914 0.808070
vt 0.845914 0.834230
vt 0.866332 0.813812
vt 0.866332 0.834230
vt 0.023289 0.852164
vt 0.002871 0.872583
vt 0.002871 0.852164
vt 0.608241 0.418273
vt 0.622679 0.432711
vt 0.608241 0.447149
vt 0.608241 0.452890
vt 0.622679 0.467328
vt 0.608241 0.481766
vt 0.029030 0.852164
vt 0.049448 0.872583
vt 0.029030 0.872583
vt 0.055189 0.852164
vt 0.075608 0.872583
vt 0.055189 0.872583
vt 0.608241 0.487507
vt 0.622679 0.501945
vt 0.608241 0.516382
vt 0.081349 0.852164
vt 0.101767 0.872583
vt 0.081349 0.872583
vt 0.107508 0.852164
vt 0.127926 0.872583
vt 0.107508 0.872583
vt 0.133667 0.852164
vt 0.154086 0.872583
vt 0.133667 0.872583
vt 0.159827 0.852164
vt 0.180245 0.872583
vt 0.159827 0.872583
vt 0.206404 0.852164
vt 0.185986 0.872583
vt 0.185986 0.852164
vt 0.212146 0.852164
vt 0.232564 0.872583
vt 0.212146 0.872583
vt 0.608241 0.522124
vt 0.622679 0.536561
vt 0.608241 0.550999
vt 0.608241 0.556740
vt 0.622679 0.571178
vt 0.608241 0.585616
vt 0.238305 0.852164
vt 0.258723 0.872583
vt 0.238305 0.872583
vt 0.608241 0.591357
vt 0.622679 0.605795
vt 0.608241 0.620233
vt 0.628421 0.002871
vt 0.642858 0.017308
vt 0.628421 0.031746
vt 0.284883 0.852164
vt 0.264464 0.872583
vt 0.264464 0.852164
vt 0.290624 0.852164
vt 0.311042 0.872583
vt 0.290624 0.872583
vt 0.316783 0.852164
vt 0.337201 0.872583
vt 0.316783 0.872583
vt 0.363361 0.852164
vt 0.342943 0.872583
vt 0.342943 0.852164
vt 0.369102 0.852164
vt 0.389520 0.872583
vt 0.369102 0.872583
vt 0.628421 0.037487
vt 0.642858 0.051925
vt 0.628421 0.066363
vt 0.628421 0.072104
vt 0.642858 0.086542
vt 0.628421 0.100980
vt 0.628421 0.106721
vt 0.642858 0.121159
vt 0.628421 0.135597
vt 0.628421 0.141338
vt 0.642858 0.155776
vt 0.628421 0.170214
vt 0.395261 0.852164
vt 0.415679 0.872583
vt 0.395261 0.872583
vt 0.441839 0.852164
vt 0.421421 0.872583
vt 0.421421 0.852164
vt 0.447580 0.852164
vt 0.467998 0.872583
vt 0.447580 0.872583
vt 0.473739 0.852164
vt 0.494158 0.872583
vt 0.473739 0.872583
vt 0.499899 0.852164
vt 0.520317 0.872583
vt 0.499899 0.872583
vt 0.546476 0.852164
vt 0.526058 0.872583
vt 0.526058 0.852164
vt 0.572636 0.852164
vt 0.552218 0.872583
vt 0.552218 0.852164
vt 0.598795 0.852164
vt 0.578377 0.872583
vt 0.578377 0.852164
vt 0.604536 0.852164
vt 0.624954 0.872583
vt 0.604536 0.872583
vt 0.630696 0.852164
vt 0.651114 0.872583
vt 0.630696 0.872583
vt 0.656855 0.852164
vt 0.677273 0.872583
vt 0.656855 0.872583
vt 0.628421 0.175955
vt 0.642858 0.190393
vt 0.628421 0.204831
vt 0.628421 0.210572
vt 0.642858 0.225010
vt 0.628421 0.239448
vt 0.628421 0.245189
vt 0.642858 0.259627
vt 0.628421 0.274064
vt 0.703433 0.852164
vt 0.683015 0.872583
vt 0.683015 0.852164
vt 0.729592 0.852164
vt 0.709174 0.872583
vt 0.709174 0.852164
vt 0.735333 0.852164
vt 0.755752 0.872583
vt 0.735333 0.872583
vt 0.761493 0.852164
vt 0.781911 0.872583
vt 0.761493 0.872583
vt 0.808070 0.852164
vt 0.787652 0.872583
vt 0.787652 0.852164
vt 0.628421 0.279806
vt 0.642858 0.294243
vt 0.628421 0.308681
vt 0.628421 0.314422
vt 0.642858 0.328860
vt 0.628421 0.343298
vt 0.813812 0.852164
vt 0.834230 0.872583
vt 0.813812 0.872583
vt 0.628421 0.349039
vt 0.642858 0.363477
vt 0.628421 0.377915
vt 0.839971 0.852164
vt 0.860389 0.872583
vt 0.839971 0.872583
vt 0.872074 0.002871
vt 0.892492 0.023289
vt 0.872074 0.023289
vt 0.872074 0.029030
vt 0.892492 0.049448
vt 0.872074 0.049448
vt 0.872074 0.075608
vt 0.892492 0.055189
vt 0.892492 0.075608
vt 0.872074 0.081349
vt 0.892492 0.101767
vt 0.872074 0.101767
vt 0.872074 0.107508
vt 0.892492 0.127926
vt 0.872074 0.127926
vt 0.872074 0.133667
vt 0.892492 0.154086
vt 0.872074 0.154086
vt 0.872074 0.159827
vt 0.892492 0.180245
vt 0.872074 0.180245
vt 0.872074 0.206404
vt 0.892492 0.185986
vt 0.892492 0.206404
vt 0.872074 0.212146
vt 0.892492 0.232564
vt 0.872074 0.232564
vt 0.872074 0.258723
vt 0.892492 0.238305
vt 0.892492 0.258723
vt 0.872074 0.284883
vt 0.892492 0.264464
vt 0.892492 0.284883
vt 0.872074 0.290624
vt 0.892492 0.311042
vt 0.872074 0.311042
vt 0.872074 0.316783
vt 0.892492 0.337201
vt 0.872074 0.337201
vt 0.872074 0.342943
vt 0.892492 0.363361
vt 0.872074 0.363361
vt 0.872074 0.389520
vt 0.892492 0.369102
vt 0.892492 0.389520
vt 0.872074 0.395261
vt 0.892492 0.415679
vt 0.872074 0.415679
vt 0.872074 0.441839
vt 0.892492 0.421421
vt 0.892492 0.441839
vt 0.872074 0.447580
vt 0.892492 0.467998
vt 0.872074 0.467998
vt 0.872074 0.473739
vt 0.892492 0.494158
vt 0.872074 0.494158
vt 0.872074 0.499899
vt 0.892492 0.520317
vt 0.872074 0.520317
vt 0.872074 0.526058
vt 0.892492 0.546476
vt 0.872074 0.546476
vt 0.872074 0.552218
vt 0.892492 0.572636
vt 0.872074 0.572636
vt 0.872074 0.578377
vt 0.892492 0.598795
vt 0.872074 0.598795
vt 0.872074 0.604536
vt 0.892492 0.624954
vt 0.872074 0.624954
vt 0.872074 0.630696
vt 0.892492 0.651114
vt 0.872074 0.651114
vt 0.872074 0.656855
vt 0.892492 0.677273
vt 0.872074 0.677273
vt 0.872074 0.683015
vt 0.892492 0.703433
vt 0.872074 0.703433
vt 0.872074 0.709174
vt 0.892492 0.729592
vt 0.872074 0.729592
vt 0.872074 0.735333
vt 0.892492 0.755752
vt 0.872074 0.755752
vt 0.872074 0.761493
vt 0.892492 0.781911
vt 0.872074 0.781911
vt 0.872074 0.787652
vt 0.892492 0.808070
vt 0.872074 0.808070
vt 0.872074 0.813812
vt 0.892492 0.834230
vt 0.872074 0.834230
vt 0.872074 0.860389
vt 0.892492 0.839971
vt 0.892492 0.860389
vt 0.023289 0.878324
vt 0.002871 0.898742
vt 0.002871 0.878324
vt 0.029030 0.878324
vt 0.049448 0.898742
vt 0.029030 0.898742
vt 0.055189 0.878324
vt 0.075608 0.898742
vt 0.055189 0.898742
vt 0.081349 0.878324
vt 0.101767 0.898742
vt 0.081349 0.898742
vt 0.628421 0.383656
vt 0.642858 0.398094
vt 0.628421 0.412532
vt 0.628421 0.418273
vt 0.642858 0.432711
vt 0.628421 0.447149
vt 0.628420 0.452890
vt 0.642858 0.467328
vt 0.628420 0.481766
vt 0.628420 0.487507
vt 0.642858 0.501945
vt 0.628420 0.516382
vt 0.107508 0.878324
vt 0.127926 0.898742
vt 0.107508 0.898742
vt 0.154086 0.878324
vt 0.133667 0.898742
vt 0.133667 0.878324
vt 0.180245 0.878324
vt 0.159827 0.898742
vt 0.159827 0.878324
vt 0.185986 0.878324
vt 0.206404 0.898742
vt 0.185986 0.898742
vt 0.212146 0.878324
vt 0.232564 0.898742
vt 0.212146 0.898742
vt 0.238305 0.878324
vt 0.258723 0.898742
vt 0.238305 0.898742
vt 0.628421 0.522124
vt 0.642858 0.536561
vt 0.628421 0.550999
vt 0.284883 0.878324
vt 0.264464 0.898742
vt 0.264464 0.878324
vt 0.628421 0.556741
vt 0.642858 0.571178
vt 0.628421 0.585616
vt 0.628421 0.591357
vt 0.642858 0.605795
vt 0.628421 0.620233
vt 0.290624 0.878324
vt 0.311042 0.898742
vt 0.290624 0.898742
vt 0.316783 0.878324
vt 0.337201 0.898742
vt 0.316783 0.898742
vt 0.363361 0.878324
vt 0.342943 0.898742
vt 0.342943 0.878324
vt 0.389520 0.878324
vt 0.369102 0.898742
vt 0.369102 0.878324
vt 0.002871 0.625974
vt 0.017308 0.640412
vt 0.002871 0.654850
vt 0.395261 0.878324
vt 0.415679 0.898742
vt 0.395261 0.898742
vt 0.421421 0.878324
vt 0.441839 0.898742
vt 0.421421 0.898742
vt 0.447580 0.878324
vt 0.467998 0.898742
vt 0.447580 0.898742
vt 0.473739 0.878324
vt 0.494158 0.898742
vt 0.473739 0.898742
vt 0.023050 0.625974
vt 0.037487 0.640412
vt 0.023050 0.654850
vt 0.499899 0.878324
vt 0.520317 0.898742
vt 0.499899 0.898742
vt 0.526058 0.878324
vt 0.546476 0.898742
vt 0.526058 0.898742
vt 0.043229 0.625974
vt 0.057666 0.640412
vt 0.043229 0.654850
vt 0.063408 0.625974
vt 0.077846 0.640412
vt 0.063408 0.654850
vt 0.083587 0.625974
vt 0.098025 0.640412
vt 0.083587 0.654850
vt 0.103766 0.625974
vt 0.118204 0.640412
vt 0.103766 0.654850
vt 0.123945 0.625974
vt 0.138383 0.640412
vt 0.123945 0.654850
vt 0.572636 0.878324
vt 0.552218 0.898742
vt 0.552218 0.878324
vt 0.578377 0.878324
vt 0.598795 0.898742
vt 0.578377 0.898742
vt 0.624954 0.878324
vt 0.604536 0.898742
vt 0.604536 0.878324
vt 0.630696 0.878324
vt 0.651114 0.898742
vt 0.630696 0.898742
vt 0.144124 0.625974
vt 0.158562 0.640412
vt 0.144124 0.654850
vt 0.164303 0.625974
vt 0.178741 0.640412
vt 0.164303 0.654850
vt 0.184482 0.625974
vt 0.198920 0.640412
vt 0.184482 0.654850
vt 0.204661 0.625974
vt 0.219099 0.640412
vt 0.204661 0.654850
vt 0.224840 0.625974
vt 0.239278 0.640412
vt 0.224840 0.654850
vt 0.245019 0.625974
vt 0.259457 0.640412
vt 0.245019 0.654850
vt 0.265198 0.625974
vt 0.279636 0.640412
vt 0.265198 0.654850
vt 0.677273 0.878324
vt 0.656855 0.898742
vt 0.656855 0.878324
vt 0.703433 0.878324
vt 0.683015 0.898742
vt 0.683015 0.878324
vt 0.729592 0.878324
vt 0.709174 0.898742
vt 0.709174 0.878324
vt 0.285377 0.625974
vt 0.299815 0.640412
vt 0.285377 0.654850
vt 0.305556 0.625974
vt 0.319994 0.640412
vt 0.305556 0.654850
vt 0.755752 0.878324
vt 0.735333 0.898742
vt 0.735333 0.878324
vt 0.781911 0.878324
vt 0.761493 0.898742
vt 0.761493 0.878324
vt 0.787652 0.878324
vt 0.808070 0.898742
vt 0.787652 0.898742
vt 0.813812 0.878324
vt 0.834230 0.898742
vt 0.813812 0.898742
vt 0.325735 0.625974
vt 0.340173 0.640412
vt 0.325735 0.654850
vt 0.839971 0.878324
vt 0.860389 0.898742
vt 0.839971 0.898742
vt 0.866130 0.878324
vt 0.886549 0.898742
vt 0.866130 0.898742
vt 0.898233 0.023289
vt 0.918651 0.002871
vt 0.918651 0.023289
vt 0.898233 0.029030
vt 0.918651 0.049448
vt 0.898233 0.049448
vt 0.345914 0.625974
vt 0.360352 0.640412
vt 0.345914 0.654850
vt 0.898233 0.075608
vt 0.918651 0.055189
vt 0.918651 0.075608
vt 0.898233 0.081349
vt 0.918651 0.101767
vt 0.898233 0.101767
vt 0.366093 0.625974
vt 0.380531 0.640412
vt 0.366093 0.654850
vt 0.898233 0.127926
vt 0.918651 0.107508
vt 0.918651 0.127926
vt 0.898233 0.154086
vt 0.918651 0.133667
vt 0.918651 0.154086
vt 0.898233 0.180245
vt 0.918651 0.159827
vt 0.918651 0.180245
vt 0.898233 0.185986
vt 0.918651 0.206404
vt 0.898233 0.206404
vt 0.898233 0.232564
vt 0.918651 0.212146
vt 0.918651 0.232564
vt 0.898233 0.258723
vt 0.918651 0.238305
vt 0.918651 0.258723
vt 0.898233 0.284883
vt 0.918651 0.264464
vt 0.918651 0.284883
vt 0.898233 0.290624
vt 0.918651 0.311042
vt 0.898233 0.311042
vt 0.386272 0.625974
vt 0.400710 0.640412
vt 0.386272 0.654850
vt 0.898233 0.337201
vt 0.918651 0.316783
vt 0.918651 0.337201
vt 0.898233 0.342943
vt 0.918651 0.363361
vt 0.898233 0.363361
vt 0.406451 0.625974
vt 0.420889 0.640412
vt 0.406451 0.654850
vt 0.898233 0.389520
vt 0.918651 0.369102
vt 0.918651 0.389520
vt 0.898233 0.415679
vt 0.918651 0.395261
vt 0.918651 0.415679
vt 0.898233 0.441839
vt 0.918651 0.421421
vt 0.918651 0.441839
vt 0.426630 0.625974
vt 0.441068 0.640412
vt 0.426630 0.654850
vt 0.446809 0.625974
vt 0.461247 0.640412
vt 0.446809 0.654850
vt 0.466988 0.625974
vt 0.481426 0.640412
vt 0.466988 0.654850
vt 0.487167 0.625974
vt 0.501605 0.640412
vt 0.487167 0.654850
vt 0.898233 0.447580
vt 0.918651 0.467998
vt 0.898233 0.467998
vt 0.898233 0.494158
vt 0.918651 0.473739
vt 0.918651 0.494158
vt 0.507346 0.625974
vt 0.521784 0.640412
vt 0.507346 0.654850
vt 0.527525 0.625974
vt 0.541963 0.640412
vt 0.527525 0.654850
vt 0.898233 0.520317
vt 0.918651 0.499899
vt 0.918651 0.520317
vt 0.547704 0.625974
vt 0.562142 0.640412
vt 0.547704 0.654850
vt 0.898233 0.526058
vt 0.918651 0.546476
vt 0.898233 0.546476
vt 0.898233 0.572636
vt 0.918651 0.552218
vt 0.918651 0.572636
vt 0.898233 0.598795
vt 0.918651 0.578377
vt 0.918651 0.598795
vt 0.898233 0.624954
vt 0.918651 0.604536
vt 0.918651 0.624954
vt 0.567883 0.625974
vt 0.582321 0.640412
vt 0.567883 0.654850
vt 0.588062 0.625974
vt 0.602500 0.640412
vt 0.588062 0.654850
vt 0.608241 0.625974
vt 0.622679 0.640412
vt 0.608241 0.654850
vt 0.976711 0.900969
vt 0.992421 0.912383
vt 0.996130 0.900969
vt 0.976711 0.925178
vt 0.992421 0.936592
vt 0.996130 0.925178
vt 0.628420 0.625974
vt 0.642858 0.640412
vt 0.628420 0.654850
vt 0.648600 0.002871
vt 0.663037 0.017308
vt 0.648600 0.031746
vt 0.648600 0.037487
vt 0.663037 0.051925
vt 0.648600 0.066363
vt 0.648600 0.072104
vt 0.663037 0.086542
vt 0.648600 0.100980
vt 0.648600 0.106721
vt 0.663037 0.121159
vt 0.648600 0.135597
vt 0.648600 0.141338
vt 0.663037 0.155776
vt 0.648600 0.170214
vt 0.648600 0.175955
vt 0.663037 0.190393
vt 0.648600 0.204831
vt 0.898233 0.630696
vt 0.918651 0.651114
vt 0.898233 0.651114
vt 0.648600 0.210572
vt 0.663037 0.225010
vt 0.648600 0.239448
vt 0.648600 0.245189
vt 0.663037 0.259627
vt 0.648600 0.274064
vt 0.898233 0.677273
vt 0.918651 0.656855
vt 0.918651 0.677273
vt 0.648600 0.279806
vt 0.663037 0.294243
vt 0.648600 0.308681
vt 0.648600 0.314422
vt 0.663037 0.328860
vt 0.648600 0.343298
vt 0.898233 0.703433
vt 0.918651 0.683015
vt 0.918651 0.703433
vt 0.898233 0.709174
vt 0.918651 0.729592
vt 0.898233 0.729592
vt 0.898233 0.735333
vt 0.918651 0.755752
vt 0.898233 0.755752
vt 0.898233 0.761493
vt 0.918651 0.781911
vt 0.898233 0.781911
vt 0.898233 0.787652
vt 0.918651 0.808070
vt 0.898233 0.808070
vt 0.898233 0.834230
vt 0.918651 0.813812
vt 0.918651 0.834230
vt 0.898233 0.839971
vt 0.918651 0.860389
vt 0.898233 0.860389
vt 0.898233 0.866130
vt 0.918651 0.886549
vt 0.898233 0.886549
vt 0.023289 0.904483
vt 0.002871 0.924901
vt 0.002871 0.904483
vt 0.029030 0.904483
vt 0.049448 0.924901
vt 0.029030 0.924901
vt 0.055189 0.904483
vt 0.075608 0.924901
vt 0.055189 0.924901
vt 0.648600 0.349039
vt 0.663037 0.363477
vt 0.648600 0.377915
vt 0.081349 0.904483
vt 0.101767 0.924901
vt 0.081349 0.924901
vt 0.127926 0.904483
vt 0.107508 0.924901
vt 0.107508 0.904483
vt 0.133667 0.904483
vt 0.154086 0.924901
vt 0.133667 0.924901
vt 0.159827 0.904483
vt 0.180245 0.924901
vt 0.159827 0.924901
vt 0.185986 0.904483
vt 0.206404 0.924901
vt 0.185986 0.924901
vt 0.648600 0.383656
vt 0.663037 0.398094
vt 0.648600 0.412532
vt 0.648600 0.418273
vt 0.663037 0.432711
vt 0.648600 0.447149
vt 0.648600 0.452890
vt 0.663037 0.467328
vt 0.648600 0.481766
vt 0.648600 0.487507
vt 0.663037 0.501945
vt 0.648600 0.516382
vt 0.648600 0.522124
vt 0.663037 0.536561
vt 0.648600 0.550999
vt 0.232564 0.904483
vt 0.212146 0.924901
vt 0.212146 0.904483
vt 0.648600 0.556740
vt 0.663037 0.571178
vt 0.648600 0.585616
vt 0.258723 0.904483
vt 0.238305 0.924901
vt 0.238305 0.904483
vt 0.264464 0.904483
vt 0.284883 0.924901
vt 0.264464 0.924901
vt 0.648600 0.591357
vt 0.663037 0.605795
vt 0.648600 0.620233
vt 0.290624 0.904483
vt 0.311042 0.924901
vt 0.290624 0.924901
vt 0.337201 0.904483
vt 0.316783 0.924901
vt 0.316783 0.904483
vt 0.363361 0.904483
vt 0.342943 0.924901
vt 0.342943 0.904483
vt 0.389520 0.904483
vt 0.369102 0.924901
vt 0.369102 0.904483
vt 0.395261 0.904483
vt 0.415679 0.924901
vt 0.395261 0.924901
vt 0.421421 0.904483
vt 0.441839 0.924901
vt 0.421421 0.924901
vt 0.447580 0.904483
vt 0.467998 0.924901
vt 0.447580 0.924901
vt 0.494158 0.904483
vt 0.473739 0.924901
vt 0.473739 0.904483
vt 0.520317 0.904483
vt 0.499899 0.924901
vt 0.499899 0.904483
vt 0.546476 0.904483
vt 0.526058 0.924901
vt 0.526058 0.904483
vt 0.648600 0.625974
vt 0.663037 0.640412
vt 0.648600 0.654850
vt 0.668779 0.002871
vt 0.683217 0.017308
vt 0.668779 0.031746
vt 0.552218 0.904483
vt 0.572636 0.924901
vt 0.552218 0.924901
vt 0.668779 0.037487
vt 0.683217 0.051925
vt 0.668779 0.066363
vt 0.598795 0.904483
vt 0.578377 0.924901
vt 0.578377 0.904483
vt 0.624954 0.904483
vt 0.604536 0.924901
vt 0.604536 0.904483
vt 0.630696 0.904483
vt 0.651114 0.924901
vt 0.630696 0.924901
vt 0.656855 0.904483
vt 0.677273 0.924901
vt 0.656855 0.924901
vt 0.668779 0.072104
vt 0.683217 0.086542
vt 0.668779 0.100980
vt 0.668779 0.106721
vt 0.683217 0.121159
vt 0.668779 0.135597
vt 0.683015 0.904483
vt 0.703433 0.924901
vt 0.683015 0.924901
vt 0.729592 0.904483
vt 0.709174 0.924901
vt 0.709174 0.904483
vt 0.755752 0.904483
vt 0.735333 0.924901
vt 0.735333 0.904483
vt 0.761493 0.904483
vt 0.781911 0.924901
vt 0.761493 0.924901
vt 0.787652 0.904483
vt 0.808070 0.924901
vt 0.787652 0.924901
vt 0.668779 0.141338
vt 0.683217 0.155776
vt 0.668779 0.170214
vt 0.668779 0.175955
vt 0.683216 0.190393
vt 0.668779 0.204831
vt 0.668779 0.210572
vt 0.683216 0.225010
vt 0.668779 0.239448
vt 0.668779 0.245189
vt 0.683216 0.259627
vt 0.668779 0.274064
vt 0.668779 0.279806
vt 0.683216 0.294243
vt 0.668779 0.308681
vt 0.668779 0.314422
vt 0.683216 0.328860
vt 0.668779 0.343298
vt 0.668779 0.349039
vt 0.683216 0.363477
vt 0.668779 0.377915
vt 0.813812 0.904483
vt 0.834230 0.924901
vt 0.813812 0.924901
vt 0.839971 0.904483
vt 0.860389 0.924901
vt 0.839971 0.924901
vt 0.866130 0.904483
vt 0.886549 0.924901
vt 0.866130 0.924901
vt 0.892290 0.904483
vt 0.912708 0.924901
vt 0.892290 0.924901
vt 0.924392 0.023289
vt 0.944811 0.002871
vt 0.944811 0.023289
vt 0.668779 0.383656
vt 0.683216 0.398094
vt 0.668779 0.412532
vt 0.668779 0.418273
vt 0.683216 0.432711
vt 0.668779 0.447149
vt 0.976711 0.949388
vt 0.992421 0.960802
vt 0.996130 0.949388
vt 0.668779 0.452890
vt 0.683217 0.467328
vt 0.668779 0.481766
vt 0.668779 0.487507
vt 0.683216 0.501945
vt 0.668779 0.516382
vt 0.668779 0.522124
vt 0.683216 0.536561
vt 0.668779 0.550999
vt 0.924392 0.049448
vt 0.944811 0.029030
vt 0.944811 0.049448
vt 0.924392 0.055189
vt 0.944811 0.075608
vt 0.924392 0.075608
vt 0.924392 0.081349
vt 0.944811 0.101767
vt 0.924392 0.101767
vt 0.924392 0.107508
vt 0.944811 0.127926
vt 0.924392 0.127926
vt 0.924392 0.133667
vt 0.944811 0.154086
vt 0.924392 0.154086
vt 0.924392 0.159827
vt 0.944811 0.180245
vt 0.924392 0.180245
vt 0.924392 0.185986
vt 0.944811 0.206404
vt 0.924392 0.206404
vt 0.924392 0.212146
vt 0.944811 0.232564
vt 0.924392 0.232564
vt 0.924392 0.238305
vt 0.944811 0.258723
vt 0.924392 0.258723
vt 0.924392 0.284883
vt 0.944811 0.264464
vt 0.944811 0.284883
vt 0.924392 0.290624
vt 0.944811 0.311042
vt 0.924392 0.311042
vt 0.924392 0.316783
vt 0.944811 0.337201
vt 0.924392 0.337201
vt 0.924392 0.342942
vt 0.944811 0.363361
vt 0.924392 0.363361
vt 0.924392 0.369102
vt 0.944811 0.389520
vt 0.924392 0.389520
vt 0.924392 0.415679
vt 0.944811 0.395261
vt 0.944811 0.415679
vt 0.924392 0.421421
vt 0.944811 0.441839
vt 0.924392 0.441839
vt 0.924392 0.467998
vt 0.944811 0.447580
vt 0.944811 0.467998
vt 0.924392 0.494158
vt 0.944811 0.473739
vt 0.944811 0.494158
vt 0.924392 0.499899
vt 0.944811 0.520317
vt 0.924392 0.520317
vt 0.924392 0.526058
vt 0.944811 0.546476
vt 0.924392 0.546476
vt 0.924392 0.552218
vt 0.944811 0.572636
vt 0.924392 0.572636
vt 0.924392 0.578377
vt 0.944811 0.598795
vt 0.924392 0.598795
vt 0.924392 0.604536
vt 0.944811 0.624954
vt 0.924392 0.624954
vt 0.924392 0.630696
vt 0.944811 0.651114
vt 0.924392 0.651114
vt 0.924392 0.656855
vt 0.944811 0.677273
vt 0.924392 0.677273
vt 0.924392 0.683015
vt 0.944811 0.703433
vt 0.924392 0.703433
vt 0.924392 0.729592
vt 0.944811 0.709174
vt 0.944811 0.729592
vt 0.924392 0.735333
vt 0.944811 0.755752
vt 0.924392 0.755752
vt 0.924392 0.761493
vt 0.944811 0.781911
vt 0.924392 0.781911
vt 0.924392 0.787652
vt 0.944811 0.808070
vt 0.924392 0.808070
vt 0.924392 0.813812
vt 0.944811 0.834230
vt 0.924392 0.834230
vt 0.924392 0.839971
vt 0.944811 0.860389
vt 0.924392 0.860389
vt 0.924392 0.886549
vt 0.944811 0.866130
vt 0.944811 0.886549
vt 0.924392 0.912708
vt 0.944811 0.892290
vt 0.944811 0.912708
vt 0.002871 0.930643
vt 0.023289 0.951061
vt 0.002871 0.951061
vt 0.049448 0.930643
vt 0.029030 0.951061
vt 0.029030 0.930643
vt 0.075608 0.930643
vt 0.055189 0.951061
vt 0.055189 0.930643
vt 0.101767 0.930643
vt 0.081349 0.951061
vt 0.081349 0.930643
vt 0.127926 0.930643
vt 0.107508 0.951061
vt 0.107508 0.930643
vt 0.154086 0.930643
vt 0.133667 0.951061
vt 0.133667 0.930643
vt 0.180245 0.930643
vt 0.159827 0.951061
vt 0.159827 0.930643
vt 0.206404 0.930643
vt 0.185986 0.951061
vt 0.185986 0.930643
vt 0.212146 0.930643
vt 0.232564 0.951061
vt 0.212146 0.951061
vt 0.258723 0.930643
vt 0.238305 0.951061
vt 0.238305 0.930643
vt 0.284883 0.930643
vt 0.264464 0.951061
vt 0.264464 0.930643
vt 0.290624 0.930643
vt 0.311042 0.951061
vt 0.290624 0.951061
vt 0.337201 0.930643
vt 0.316783 0.951061
vt 0.316783 0.930643
vt 0.363361 0.930643
vt 0.342943 0.951061
vt 0.342943 0.930643
vt 0.389520 0.930643
vt 0.369102 0.951061
vt 0.369102 0.930643
vt 0.415679 0.930643
vt 0.395261 0.951061
vt 0.395261 0.930643
vt 0.441839 0.930643
vt 0.421421 0.951061
vt 0.421421 0.930643
vt 0.467998 0.930643
vt 0.447580 0.951061
vt 0.447580 0.930643
vt 0.494158 0.930643
vt 0.473739 0.951061
vt 0.473739 0.930643
vt 0.520317 0.930643
vt 0.499899 0.951061
vt 0.499899 0.930643
vt 0.546476 0.930643
vt 0.526058 0.951061
vt 0.526058 0.930643
vt 0.572636 0.930643
vt 0.552218 0.951061
vt 0.552218 0.930643
vt 0.578377 0.930643
vt 0.598795 0.951061
vt 0.578377 0.951061
vt 0.668779 0.556740
vt 0.683216 0.571178
vt 0.668779 0.585616
vt 0.604536 0.930643
vt 0.624954 0.951061
vt 0.604536 0.951061
vt 0.651114 0.930643
vt 0.630696 0.951061
vt 0.630696 0.930643
vt 0.668779 0.591357
vt 0.683217 0.605795
vt 0.668779 0.620233
vt 0.656855 0.930643
vt 0.677273 0.951061
vt 0.656855 0.951061
vt 0.683015 0.930643
vt 0.703433 0.951061
vt 0.683015 0.951061
vt 0.709174 0.930643
vt 0.729592 0.951061
vt 0.709174 0.951061
vt 0.668779 0.625974
vt 0.683216 0.640412
vt 0.668779 0.654850
vt 0.755752 0.930643
vt 0.735333 0.951061
vt 0.735333 0.930643
vt 0.002871 0.660591
vt 0.017308 0.675029
vt 0.002871 0.689467
vt 0.761493 0.930643
vt 0.781911 0.951061
vt 0.761493 0.951061
vt 0.787652 0.930643
vt 0.808070 0.951061
vt 0.787652 0.951061
vt 0.834230 0.930643
vt 0.813812 0.951061
vt 0.813812 0.930643
vt 0.023050 0.660591
vt 0.037487 0.675029
vt 0.023050 0.689467
vt 0.043229 0.660591
vt 0.057666 0.675029
vt 0.043229 0.689467
vt 0.063408 0.660591
vt 0.077846 0.675029
vt 0.063408 0.689467
vt 0.083587 0.660591
vt 0.098025 0.675029
vt 0.083587 0.689467
vt 0.839971 0.930643
vt 0.860389 0.951061
vt 0.839971 0.951061
vt 0.866130 0.930643
vt 0.886549 0.951061
vt 0.866130 0.951061
vt 0.892290 0.930643
vt 0.912708 0.951061
vt 0.892290 0.951061
vt 0.938868 0.930643
vt 0.918449 0.951061
vt 0.918449 0.930643
vt 0.103766 0.660591
vt 0.118204 0.675029
vt 0.103766 0.689467
vt 0.123945 0.660591
vt 0.138383 0.675029
vt 0.123945 0.689467
vt 0.144124 0.660591
vt 0.158562 0.675029
vt 0.144124 0.689467
vt 0.164303 0.660591
vt 0.178741 0.675029
vt 0.164303 0.689467
vt 0.950552 0.023289
vt 0.970970 0.002871
vt 0.970970 0.023289
vt 0.184482 0.660591
vt 0.198920 0.675029
vt 0.184482 0.689467
vt 0.204661 0.660591
vt 0.219099 0.675029
vt 0.204661 0.689467
vt 0.224840 0.660591
vt 0.239278 0.675029
vt 0.224840 0.689467
vt 0.245019 0.660591
vt 0.259457 0.675029
vt 0.245019 0.689467
vt 0.950552 0.029030
vt 0.970970 0.049448
vt 0.950552 0.049448
vt 0.265198 0.660591
vt 0.279636 0.675029
vt 0.265198 0.689467
vt 0.950552 0.075608
vt 0.970970 0.055189
vt 0.970970 0.075608
vt 0.950552 0.101767
vt 0.970970 0.081349
vt 0.970970 0.101767
vt 0.285377 0.660591
vt 0.299815 0.675029
vt 0.285377 0.689467
vt 0.305556 0.660591
vt 0.319994 0.675029
vt 0.305556 0.689467
vt 0.325735 0.660591
vt 0.340173 0.675029
vt 0.325735 0.689467
vt 0.950552 0.127926
vt 0.970970 0.107508
vt 0.970970 0.127926
vt 0.950552 0.154086
vt 0.970970 0.133667
vt 0.970970 0.154086
vt 0.950552 0.159827
vt 0.970970 0.180245
vt 0.950552 0.180245
vt 0.950552 0.185986
vt 0.970970 0.206404
vt 0.950552 0.206404
vt 0.950552 0.212146
vt 0.970970 0.232564
vt 0.950552 0.232564
vt 0.950552 0.258723
vt 0.970970 0.238305
vt 0.970970 0.258723
vt 0.950552 0.284883
vt 0.970970 0.264464
vt 0.970970 0.284883
vt 0.950552 0.311042
vt 0.970970 0.290624
vt 0.970970 0.311042
vt 0.950552 0.316783
vt 0.970970 0.337201
vt 0.950552 0.337201
vt 0.950552 0.342942
vt 0.970970 0.363361
vt 0.950552 0.363361
vt 0.950552 0.369102
vt 0.970970 0.389520
vt 0.950552 0.389520
vt 0.950552 0.395261
vt 0.970970 0.415679
vt 0.950552 0.415679
vt 0.950552 0.421421
vt 0.970970 0.441839
vt 0.950552 0.441839
vt 0.950552 0.447580
vt 0.970970 0.467998
vt 0.950552 0.467998
vt 0.950552 0.494158
vt 0.970970 0.473739
vt 0.970970 0.494158
vt 0.950552 0.499899
vt 0.970970 0.520317
vt 0.950552 0.520317
vt 0.950552 0.546476
vt 0.970970 0.526058
vt 0.970970 0.546476
vt 0.345914 0.660591
vt 0.360352 0.675029
vt 0.345914 0.689467
vt 0.950552 0.552218
vt 0.970970 0.572636
vt 0.950552 0.572636
vt 0.950552 0.598795
vt 0.970970 0.578377
vt 0.970970 0.598795
vt 0.950552 0.624954
vt 0.970970 0.604536
vt 0.970970 0.624954
vt 0.950552 0.651114
vt 0.970970 0.630696
vt 0.970970 0.651114
vt 0.950552 0.677273
vt 0.970970 0.656855
vt 0.970970 0.677273
vt 0.950552 0.703433
vt 0.970970 0.683015
vt 0.970970 0.703433
vt 0.950552 0.729592
vt 0.970970 0.709174
vt 0.970970 0.729592
vt 0.950552 0.755752
vt 0.970970 0.735333
vt 0.970970 0.755752
vt 0.950552 0.781911
vt 0.970970 0.761493
vt 0.970970 0.781911
vt 0.950552 0.808070
vt 0.970970 0.787652
vt 0.970970 0.808070
vt 0.950552 0.813812
vt 0.970970 0.834230
vt 0.950552 0.834230
vt 0.950552 0.839971
vt 0.970970 0.860389
vt 0.950552 0.860389
vt 0.950552 0.866130
vt 0.970970 0.886549
vt 0.950552 0.886549
vt 0.950552 0.912708
vt 0.970970 0.892290
vt 0.970970 0.912708
vt 0.950552 0.918449
vt 0.970970 0.938868
vt 0.950552 0.938868
vt 0.023289 0.956802
vt 0.002871 0.977220
vt 0.002871 0.956802
vt 0.029030 0.956802
vt 0.049448 0.977220
vt 0.029030 0.977220
vt 0.075608 0.956802
vt 0.055189 0.977220
vt 0.055189 0.956802
vt 0.101767 0.956802
vt 0.081349 0.977220
vt 0.081349 0.956802
vt 0.127926 0.956802
vt 0.107508 0.977220
vt 0.107508 0.956802
vt 0.154086 0.956802
vt 0.133667 0.977220
vt 0.133667 0.956802
vt 0.180245 0.956802
vt 0.159827 0.977220
vt 0.159827 0.956802
vt 0.206404 0.956802
vt 0.185986 0.977220
vt 0.185986 0.956802
vt 0.212146 0.956802
vt 0.232564 0.977220
vt 0.212146 0.977220
vt 0.258723 0.956802
vt 0.238305 0.977220
vt 0.238305 0.956802
vt 0.284883 0.956802
vt 0.264464 0.977220
vt 0.264464 0.956802
vt 0.311042 0.956802
vt 0.290624 0.977220
vt 0.290624 0.956802
vt 0.337201 0.956802
vt 0.316783 0.977220
vt 0.316783 0.956802
vt 0.363361 0.956802
vt 0.342943 0.977220
vt 0.342943 0.956802
vt 0.389520 0.956802
vt 0.369102 0.977220
vt 0.369102 0.956802
vt 0.415679 0.956802
vt 0.395261 0.977220
vt 0.395261 0.956802
vt 0.441839 0.956802
vt 0.421421 0.977220
vt 0.421421 0.956802
vt 0.467998 0.956802
vt 0.447580 0.977220
vt 0.447580 0.956802
vt 0.494158 0.956802
vt 0.473739 0.977220
vt 0.473739 0.956802
vt 0.520317 0.956802
vt 0.499899 0.977220
vt 0.499899 0.956802
vt 0.526058 0.956802
vt 0.546476 0.977220
vt 0.526058 0.977220
vt 0.552218 0.956802
vt 0.572636 0.977220
vt 0.552218 0.977220
vt 0.598795 0.956802
vt 0.578377 0.977220
vt 0.578377 0.956802
vt 0.624954 0.956802
vt 0.604536 0.977220
vt 0.604536 0.956802
vt 0.651114 0.956802
vt 0.630696 0.977220
vt 0.630696 0.956802
vt 0.677273 0.956802
vt 0.656855 0.977220
vt 0.656855 0.956802
vt 0.703433 0.956802
vt 0.683015 0.977220
vt 0.683015 0.956802
vt 0.729592 0.956802
vt 0.709174 0.977220
vt 0.709174 0.956802
vt 0.735333 0.956802
vt 0.755752 0.977220
vt 0.735333 0.977220
vt 0.781911 0.956802
vt 0.761493 0.977220
vt 0.761493 0.956802
vt 0.808070 0.956802
vt 0.787652 0.977220
vt 0.787652 0.956802
vt 0.366093 0.660591
vt 0.380531 0.675029
vt 0.366093 0.689467
vt 0.834230 0.956802
vt 0.813812 0.977220
vt 0.813812 0.956802
vt 0.386272 0.660591
vt 0.400710 0.675029
vt 0.386272 0.689467
vt 0.839971 0.956802
vt 0.860389 0.977220
vt 0.839971 0.977220
vt 0.866130 0.956802
vt 0.886549 0.977220
vt 0.866130 0.977220
vt 0.912708 0.956802
vt 0.892290 0.977220
vt 0.892290 0.956802
vt 0.938868 0.956802
vt 0.918449 0.977220
vt 0.918449 0.956802
vt 0.965027 0.956802
vt 0.944609 0.977220
vt 0.944609 0.956802
vt 0.976711 0.002871
vt 0.997129 0.023289
vt 0.976711 0.023289
vt 0.976711 0.029030
vt 0.997129 0.049448
vt 0.976711 0.049448
vt 0.976711 0.055189
vt 0.997129 0.075608
vt 0.976711 0.075608
vt 0.406451 0.660591
vt 0.420889 0.675029
vt 0.406451 0.689467
vt 0.976711 0.081349
vt 0.997129 0.101767
vt 0.976711 0.101767
vt 0.976711 0.107508
vt 0.997129 0.127926
vt 0.976711 0.127926
vt 0.976711 0.133667
vt 0.997129 0.154086
vt 0.976711 0.154086
vt 0.976711 0.159827
vt 0.997129 0.180245
vt 0.976711 0.180245
vt 0.976711 0.185986
vt 0.997129 0.206404
vt 0.976711 0.206404
vt 0.976711 0.212146
vt 0.997129 0.232564
vt 0.976711 0.232564
vt 0.976711 0.238305
vt 0.997129 0.258723
vt 0.976711 0.258723
vt 0.734653 0.335944
vt 0.714202 0.356396
vt 0.714202 0.336010
vt 0.693816 0.336010
vt 0.714267 0.315558
vt 0.714267 0.335944
vt 0.734653 0.315493
vt 0.693750 0.356396
vt 0.986421 0.530770
vt 0.976711 0.537824
vt 0.996130 0.537824
vt 0.447048 0.681009
vt 0.473208 0.660591
vt 0.499367 0.660591
vt 0.525527 0.681009
vt 0.551686 0.660591
vt 0.577845 0.681009
vt 0.604005 0.660591
vt 0.630164 0.660591
vt 0.656323 0.660591
vt 0.682483 0.681009
vt 0.447048 0.707169
vt 0.473208 0.686751
vt 0.499367 0.707169
vt 0.525527 0.707169
vt 0.551686 0.686751
vt 0.577845 0.686751
vt 0.604005 0.707169
vt 0.986421 0.264464
vt 0.992421 0.282933
vt 0.986421 0.288674
vt 0.980420 0.307142
vt 0.630164 0.686751
vt 0.656323 0.686751
vt 0.682483 0.707169
vt 0.708642 0.660591
vt 0.708642 0.686751
vt 0.709376 0.023289
vt 0.709376 0.049448
vt 0.709376 0.055189
vt 0.709376 0.101767
vt 0.709376 0.127926
vt 0.709376 0.133667
vt 0.709376 0.159827
vt 0.709376 0.185986
vt 0.709376 0.212146
vt 0.709376 0.258723
vt 0.709376 0.264464
vt 0.709376 0.290624
vt 0.709376 0.316783
vt 0.709376 0.363361
vt 0.709376 0.369102
vt 0.709376 0.415679
vt 0.709376 0.441839
vt 0.709376 0.447580
vt 0.709376 0.494158
vt 0.709376 0.499899
vt 0.709376 0.526058
vt 0.709376 0.552218
vt 0.709376 0.578377
vt 0.709376 0.604536
vt 0.709376 0.630696
vt 0.023289 0.695208
vt 0.049448 0.695208
vt 0.075608 0.695208
vt 0.101767 0.715626
vt 0.127926 0.695208
vt 0.154086 0.695208
vt 0.180245 0.695208
vt 0.986421 0.312884
vt 0.976711 0.319938
vt 0.206404 0.695208
vt 0.232564 0.695208
vt 0.258723 0.695208
vt 0.285616 0.715626
vt 0.311775 0.695208
vt 0.337935 0.715626
vt 0.364094 0.715626
vt 0.390254 0.715626
vt 0.416413 0.695208
vt 0.447048 0.733328
vt 0.473208 0.733328
vt 0.499367 0.733328
vt 0.525527 0.733328
vt 0.551686 0.733328
vt 0.577845 0.733328
vt 0.604005 0.712910
vt 0.630164 0.712910
vt 0.656323 0.712910
vt 0.682483 0.712910
vt 0.708642 0.712910
vt 0.734802 0.660591
vt 0.734802 0.686751
vt 0.734802 0.712910
vt 0.735535 0.002871
vt 0.735535 0.049448
vt 0.735535 0.055189
vt 0.735535 0.101767
vt 0.735535 0.127926
vt 0.735535 0.154086
vt 0.735535 0.159827
vt 0.735535 0.185986
vt 0.735535 0.212146
vt 0.735535 0.238305
vt 0.735535 0.264464
vt 0.735535 0.311042
vt 0.735535 0.316783
vt 0.735535 0.342943
vt 0.735535 0.389520
vt 0.735535 0.395261
vt 0.735535 0.421421
vt 0.735535 0.447580
vt 0.735535 0.494158
vt 0.735535 0.499899
vt 0.735535 0.546476
vt 0.986421 0.337093
vt 0.976711 0.344148
vt 0.986421 0.361303
vt 0.980420 0.379771
vt 0.735535 0.572636
vt 0.735535 0.578377
vt 0.735535 0.624954
vt 0.986421 0.385512
vt 0.976711 0.392567
vt 0.986421 0.409722
vt 0.976711 0.416776
vt 0.735535 0.651114
vt 0.986421 0.433932
vt 0.976711 0.440986
vt 0.023289 0.721367
vt 0.049448 0.741786
vt 0.075608 0.721367
vt 0.101767 0.741786
vt 0.127926 0.721367
vt 0.154086 0.721367
vt 0.180245 0.721367
vt 0.986421 0.458141
vt 0.980420 0.476610
vt 0.986421 0.482351
vt 0.976711 0.489405
vt 0.986421 0.506561
vt 0.976711 0.513615
vt 0.206404 0.721367
vt 0.232564 0.721367
vt 0.258723 0.741786
vt 0.284883 0.741786
vt 0.311042 0.741786
vt 0.337935 0.741786
vt 0.364094 0.741786
vt 0.390254 0.741786
vt 0.416413 0.741786
vt 0.447048 0.739069
vt 0.473208 0.759488
vt 0.499367 0.739069
vt 0.525527 0.739069
vt 0.551686 0.759488
vt 0.577845 0.759488
vt 0.604005 0.759488
vt 0.630164 0.739069
vt 0.656323 0.759488
vt 0.682483 0.759488
vt 0.708642 0.739069
vt 0.734802 0.739069
vt 0.760961 0.660591
vt 0.760961 0.686751
vt 0.760961 0.712910
vt 0.760961 0.739069
vt 0.761695 0.002871
vt 0.761695 0.029030
vt 0.761695 0.055189
vt 0.761695 0.101767
vt 0.761695 0.107508
vt 0.761695 0.133667
vt 0.761695 0.180245
vt 0.761695 0.206404
vt 0.761695 0.212146
vt 0.761695 0.238305
vt 0.761695 0.264464
vt 0.761695 0.311042
vt 0.761695 0.316783
vt 0.761695 0.363361
vt 0.761695 0.369102
vt 0.761695 0.395261
vt 0.761695 0.421421
vt 0.761695 0.447580
vt 0.761695 0.473739
vt 0.761695 0.520317
vt 0.761695 0.526058
vt 0.761695 0.572636
vt 0.761695 0.598795
vt 0.761695 0.624954
vt 0.761695 0.630696
vt 0.023289 0.767945
vt 0.049448 0.747527
vt 0.075608 0.747527
vt 0.101767 0.747527
vt 0.127926 0.747527
vt 0.154086 0.747527
vt 0.180245 0.747527
vt 0.206404 0.747527
vt 0.232564 0.747527
vt 0.258723 0.747527
vt 0.284883 0.747527
vt 0.311042 0.747527
vt 0.337201 0.767945
vt 0.363361 0.767945
vt 0.389520 0.767945
vt 0.415679 0.767945
vt 0.447048 0.785647
vt 0.473208 0.765229
vt 0.499367 0.765229
vt 0.525527 0.765229
vt 0.551686 0.765229
vt 0.577845 0.765229
vt 0.604005 0.765229
vt 0.630164 0.765229
vt 0.656323 0.765229
vt 0.682483 0.765229
vt 0.708642 0.765229
vt 0.734802 0.765229
vt 0.986421 0.579189
vt 0.980420 0.597658
vt 0.996130 0.610453
vt 0.986421 0.603399
vt 0.760961 0.765229
vt 0.787120 0.660591
vt 0.986421 0.627609
vt 0.980420 0.646077
vt 0.986421 0.651818
vt 0.980420 0.670287
vt 0.986421 0.676028
vt 0.980420 0.694496
vt 0.986421 0.700238
vt 0.980420 0.718706
vt 0.787120 0.686751
vt 0.986421 0.724447
vt 0.976711 0.731501
vt 0.986421 0.748657
vt 0.976711 0.755711
vt 0.787120 0.712910
vt 0.787120 0.739069
vt 0.787120 0.785647
vt 0.787854 0.002871
vt 0.787854 0.029030
vt 0.787854 0.055189
vt 0.787854 0.081349
vt 0.787854 0.127926
vt 0.787854 0.133667
vt 0.787854 0.159827
vt 0.787854 0.185986
vt 0.787854 0.212146
vt 0.787854 0.258723
vt 0.787854 0.264464
vt 0.787854 0.290624
vt 0.787854 0.316783
vt 0.787854 0.342943
vt 0.787854 0.369102
vt 0.787854 0.395261
vt 0.787854 0.421421
vt 0.787854 0.447580
vt 0.787854 0.494158
vt 0.787854 0.499899
vt 0.787854 0.526058
vt 0.787854 0.552218
vt 0.787854 0.578377
vt 0.787854 0.624954
vt 0.787854 0.651114
vt 0.023289 0.773686
vt 0.049448 0.773686
vt 0.075608 0.773686
vt 0.101767 0.773686
vt 0.127926 0.794104
vt 0.154086 0.773686
vt 0.180245 0.773686
vt 0.206404 0.773686
vt 0.232564 0.773686
vt 0.258723 0.773686
vt 0.284883 0.773686
vt 0.996130 0.779921
vt 0.986421 0.772866
vt 0.986421 0.797076
vt 0.976711 0.804130
vt 0.311042 0.794104
vt 0.337201 0.773686
vt 0.363361 0.794104
vt 0.389520 0.773686
vt 0.415679 0.794104
vt 0.447048 0.811806
vt 0.473208 0.811806
vt 0.499367 0.791388
vt 0.525527 0.791388
vt 0.551686 0.791388
vt 0.577845 0.791388
vt 0.604005 0.811806
vt 0.630164 0.811806
vt 0.656323 0.791388
vt 0.682483 0.791388
vt 0.708642 0.791388
vt 0.734802 0.811806
vt 0.760961 0.811806
vt 0.787120 0.791388
vt 0.813280 0.660591
vt 0.813280 0.686751
vt 0.813280 0.712910
vt 0.813280 0.739069
vt 0.813280 0.785647
vt 0.813280 0.811806
vt 0.814013 0.023289
vt 0.814013 0.029030
vt 0.814013 0.055189
vt 0.814013 0.081349
vt 0.814013 0.107508
vt 0.814013 0.133667
vt 0.814013 0.180245
vt 0.814013 0.206404
vt 0.814013 0.212146
vt 0.814013 0.258723
vt 0.814013 0.284883
vt 0.814013 0.311042
vt 0.814013 0.337201
vt 0.814013 0.363361
vt 0.814013 0.369102
vt 0.814013 0.415679
vt 0.814013 0.441839
vt 0.814013 0.467998
vt 0.814013 0.473739
vt 0.814013 0.520317
vt 0.814013 0.546476
vt 0.814013 0.572636
vt 0.814013 0.578377
vt 0.814013 0.604536
vt 0.814013 0.630696
vt 0.023289 0.820264
vt 0.049448 0.799846
vt 0.075608 0.820264
vt 0.101767 0.799846
vt 0.127926 0.799846
vt 0.154086 0.820264
vt 0.180245 0.799846
vt 0.206404 0.820264
vt 0.232564 0.799846
vt 0.258723 0.820264
vt 0.284883 0.799846
vt 0.311042 0.799846
vt 0.337201 0.820264
vt 0.363361 0.799846
vt 0.389520 0.799846
vt 0.415679 0.820264
vt 0.447048 0.837966
vt 0.473208 0.837966
vt 0.499367 0.817548
vt 0.525527 0.817548
vt 0.551686 0.817548
vt 0.577845 0.837966
vt 0.604005 0.837966
vt 0.630164 0.837966
vt 0.656323 0.817548
vt 0.682483 0.837966
vt 0.708642 0.837966
vt 0.734802 0.817548
vt 0.986421 0.821286
vt 0.980420 0.839754
vt 0.760961 0.817548
vt 0.787120 0.817548
vt 0.813280 0.817548
vt 0.839439 0.660591
vt 0.839439 0.686751
vt 0.839439 0.733328
vt 0.839439 0.759488
vt 0.839439 0.785647
vt 0.839439 0.791388
vt 0.839439 0.817548
vt 0.840173 0.002871
vt 0.840173 0.029030
vt 0.840173 0.055189
vt 0.840173 0.081349
vt 0.840173 0.127926
vt 0.986421 0.845495
vt 0.980420 0.863964
vt 0.840173 0.133667
vt 0.840173 0.180245
vt 0.840173 0.206404
vt 0.840173 0.232564
vt 0.840173 0.258723
vt 0.840173 0.284883
vt 0.840173 0.290624
vt 0.840173 0.337201
vt 0.840173 0.363361
vt 0.840173 0.389520
vt 0.840173 0.395261
vt 0.840173 0.421421
vt 0.840173 0.447580
vt 0.840173 0.473739
vt 0.840173 0.499899
vt 0.840173 0.526058
vt 0.840173 0.552218
vt 0.840173 0.578377
vt 0.840173 0.624954
vt 0.840173 0.630696
vt 0.023289 0.826005
vt 0.049448 0.826005
vt 0.075608 0.846423
vt 0.101767 0.846423
vt 0.127926 0.846423
vt 0.154086 0.826005
vt 0.180245 0.826005
vt 0.206404 0.826005
vt 0.232564 0.826005
vt 0.258723 0.826005
vt 0.284883 0.846423
vt 0.311042 0.826005
vt 0.337201 0.826005
vt 0.363361 0.826005
vt 0.389520 0.846423
vt 0.986421 0.869705
vt 0.976711 0.876759
vt 0.845914 0.002871
vt 0.845914 0.029030
vt 0.866332 0.055189
vt 0.866332 0.081349
vt 0.866332 0.107508
vt 0.845914 0.133667
vt 0.845914 0.159827
vt 0.845914 0.185986
vt 0.866332 0.212146
vt 0.866332 0.238305
vt 0.845914 0.264464
vt 0.845914 0.290624
vt 0.866332 0.316783
vt 0.866332 0.342943
vt 0.845914 0.369102
vt 0.845914 0.395261
vt 0.845914 0.421421
vt 0.845914 0.447580
vt 0.866332 0.473739
vt 0.845914 0.499899
vt 0.845914 0.526058
vt 0.866332 0.578377
vt 0.866332 0.604536
vt 0.845914 0.630696
vt 0.866332 0.656855
vt 0.866332 0.683015
vt 0.845914 0.709174
vt 0.845914 0.735333
vt 0.866332 0.761493
vt 0.866332 0.787652
vt 0.845914 0.813812
vt 0.023289 0.872583
vt 0.049448 0.852164
vt 0.075608 0.852164
vt 0.101767 0.852164
vt 0.127926 0.852164
vt 0.154086 0.852164
vt 0.180245 0.852164
vt 0.206404 0.872583
vt 0.232564 0.852164
vt 0.258723 0.852164
vt 0.284883 0.872583
vt 0.311042 0.852164
vt 0.337201 0.852164
vt 0.363361 0.872583
vt 0.389520 0.852164
vt 0.415679 0.852164
vt 0.441839 0.872583
vt 0.467998 0.852164
vt 0.494158 0.852164
vt 0.520317 0.852164
vt 0.546476 0.872583
vt 0.572636 0.872583
vt 0.598795 0.872583
vt 0.624954 0.852164
vt 0.651114 0.852164
vt 0.677273 0.852164
vt 0.703433 0.872583
vt 0.729592 0.872583
vt 0.755752 0.852164
vt 0.781911 0.852164
vt 0.808070 0.872583
vt 0.834230 0.852164
vt 0.860389 0.852164
vt 0.892492 0.002871
vt 0.892492 0.029030
vt 0.872074 0.055189
vt 0.892492 0.081349
vt 0.892492 0.107508
vt 0.892492 0.133667
vt 0.892492 0.159827
vt 0.872074 0.185986
vt 0.892492 0.212146
vt 0.872074 0.238305
vt 0.872074 0.264464
vt 0.892492 0.290624
vt 0.892492 0.316783
vt 0.892492 0.342943
vt 0.872074 0.369102
vt 0.892492 0.395261
vt 0.872074 0.421421
vt 0.892492 0.447580
vt 0.892492 0.473739
vt 0.892492 0.499899
vt 0.892492 0.526058
vt 0.892492 0.552218
vt 0.892492 0.578377
vt 0.892492 0.604536
vt 0.892492 0.630696
vt 0.892492 0.656855
vt 0.892492 0.683015
vt 0.892492 0.709174
vt 0.892492 0.735333
vt 0.892492 0.761493
vt 0.892492 0.787652
vt 0.892492 0.813812
vt 0.872074 0.839971
vt 0.023289 0.898742
vt 0.049448 0.878324
vt 0.075608 0.878324
vt 0.101767 0.878324
vt 0.127926 0.878324
vt 0.154086 0.898742
vt 0.180245 0.898742
vt 0.206404 0.878324
vt 0.232564 0.878324
vt 0.258723 0.878324
vt 0.284883 0.898742
vt 0.311042 0.878324
vt 0.337201 0.878324
vt 0.363361 0.898742
vt 0.389520 0.898742
vt 0.415679 0.878324
vt 0.441839 0.878324
vt 0.467998 0.878324
vt 0.494158 0.878324
vt 0.520317 0.878324
vt 0.546476 0.878324
vt 0.572636 0.898742
vt 0.598795 0.878324
vt 0.624954 0.898742
vt 0.651114 0.878324
vt 0.677273 0.898742
vt 0.703433 0.898742
vt 0.729592 0.898742
vt 0.755752 0.898742
vt 0.781911 0.898742
vt 0.808070 0.878324
vt 0.834230 0.878324
vt 0.860389 0.878324
vt 0.886549 0.878324
vt 0.898233 0.002871
vt 0.918651 0.029030
vt 0.898233 0.055189
vt 0.918651 0.081349
vt 0.898233 0.107508
vt 0.898233 0.133667
vt 0.898233 0.159827
vt 0.918651 0.185986
vt 0.898233 0.212146
vt 0.898233 0.238305
vt 0.898233 0.264464
vt 0.918651 0.290624
vt 0.898233 0.316783
vt 0.918651 0.342942
vt 0.898233 0.369102
vt 0.898233 0.395261
vt 0.898233 0.421421
vt 0.918651 0.447580
vt 0.898233 0.473739
vt 0.898233 0.499899
vt 0.918651 0.526058
vt 0.898233 0.552218
vt 0.898233 0.578377
vt 0.898233 0.604536
vt 0.986421 0.893914
vt 0.980420 0.912383
vt 0.986421 0.918124
vt 0.980420 0.936592
vt 0.918651 0.630696
vt 0.898233 0.656855
vt 0.898233 0.683015
vt 0.918651 0.709174
vt 0.918651 0.735333
vt 0.918651 0.761493
vt 0.918651 0.787652
vt 0.898233 0.813812
vt 0.918651 0.839971
vt 0.918651 0.866130
vt 0.023289 0.924901
vt 0.049448 0.904483
vt 0.075608 0.904483
vt 0.101767 0.904483
vt 0.127926 0.924901
vt 0.154086 0.904483
vt 0.180245 0.904483
vt 0.206404 0.904483
vt 0.232564 0.924901
vt 0.258723 0.924901
vt 0.284883 0.904483
vt 0.311042 0.904483
vt 0.337201 0.924901
vt 0.363361 0.924901
vt 0.389520 0.924901
vt 0.415679 0.904483
vt 0.441839 0.904483
vt 0.467998 0.904483
vt 0.494158 0.924901
vt 0.520317 0.924901
vt 0.546476 0.924901
vt 0.572636 0.904483
vt 0.598795 0.924901
vt 0.624954 0.924901
vt 0.651114 0.904483
vt 0.677273 0.904483
vt 0.703433 0.904483
vt 0.729592 0.924901
vt 0.755752 0.924901
vt 0.781911 0.904483
vt 0.808070 0.904483
vt 0.834230 0.904483
vt 0.860389 0.904483
vt 0.886549 0.904483
vt 0.912708 0.904483
vt 0.924392 0.002871
vt 0.986421 0.942334
vt 0.980420 0.960802
vt 0.924392 0.029030
vt 0.944811 0.055189
vt 0.944811 0.081349
vt 0.944811 0.107508
vt 0.944811 0.133667
vt 0.944811 0.159827
vt 0.944811 0.185986
vt 0.944811 0.212146
vt 0.944811 0.238305
vt 0.924392 0.264464
vt 0.944811 0.290624
vt 0.944811 0.316783
vt 0.944811 0.342942
vt 0.944811 0.369102
vt 0.924392 0.395261
vt 0.944811 0.421421
vt 0.924392 0.447580
vt 0.924392 0.473739
vt 0.944811 0.499899
vt 0.944811 0.526058
vt 0.944811 0.552218
vt 0.944811 0.578377
vt 0.944811 0.604536
vt 0.944811 0.630696
vt 0.944811 0.656855
vt 0.944811 0.683015
vt 0.924392 0.709174
vt 0.944811 0.735333
vt 0.944811 0.761493
vt 0.944811 0.787652
vt 0.944811 0.813812
vt 0.944811 0.839971
vt 0.924392 0.866130
vt 0.924392 0.892290
vt 0.023289 0.930643
vt 0.049448 0.951061
vt 0.075608 0.951061
vt 0.101767 0.951061
vt 0.127926 0.951061
vt 0.154086 0.951061
vt 0.180245 0.951061
vt 0.206404 0.951061
vt 0.232564 0.930643
vt 0.258723 0.951061
vt 0.284883 0.951061
vt 0.311042 0.930643
vt 0.337201 0.951061
vt 0.363361 0.951061
vt 0.389520 0.951061
vt 0.415679 0.951061
vt 0.441839 0.951061
vt 0.467998 0.951061
vt 0.494158 0.951061
vt 0.520317 0.951061
vt 0.546476 0.951061
vt 0.572636 0.951061
vt 0.598795 0.930643
vt 0.624954 0.930643
vt 0.651114 0.951061
vt 0.677273 0.930643
vt 0.703433 0.930643
vt 0.729592 0.930643
vt 0.755752 0.951061
vt 0.781911 0.930643
vt 0.808070 0.930643
vt 0.834230 0.951061
vt 0.860389 0.930643
vt 0.886549 0.930643
vt 0.912708 0.930643
vt 0.938868 0.951061
vt 0.950552 0.002871
vt 0.970970 0.029030
vt 0.950552 0.055189
vt 0.950552 0.081349
vt 0.950552 0.107508
vt 0.950552 0.133667
vt 0.970970 0.159827
vt 0.970970 0.185986
vt 0.970970 0.212146
vt 0.950552 0.238305
vt 0.950552 0.264464
vt 0.950552 0.290624
vt 0.970970 0.316783
vt 0.970970 0.342942
vt 0.970970 0.369102
vt 0.970970 0.395261
vt 0.970970 0.421421
vt 0.970970 0.447580
vt 0.950552 0.473739
vt 0.970970 0.499899
vt 0.950552 0.526058
vt 0.970970 0.552218
vt 0.950552 0.578377
vt 0.950552 0.604536
vt 0.950552 0.630696
vt 0.950552 0.656855
vt 0.950552 0.683015
vt 0.950552 0.709174
vt 0.950552 0.735333
vt 0.950552 0.761493
vt 0.950552 0.787652
vt 0.970970 0.813812
vt 0.970970 0.839971
vt 0.970970 0.866130
vt 0.950552 0.892290
vt 0.970970 0.918449
vt 0.023289 0.977220
vt 0.049448 0.956802
vt 0.075608 0.977220
vt 0.101767 0.977220
vt 0.127926 0.977220
vt 0.154086 0.977220
vt 0.180245 0.977220
vt 0.206404 0.977220
vt 0.232564 0.956802
vt 0.258723 0.977220
vt 0.284883 0.977220
vt 0.311042 0.977220
vt 0.337201 0.977220
vt 0.363361 0.977220
vt 0.389520 0.977220
vt 0.415679 0.977220
vt 0.441839 0.977220
vt 0.467998 0.977220
vt 0.494158 0.977220
vt 0.520317 0.977220
vt 0.546476 0.956802
vt 0.572636 0.956802
vt 0.598795 0.977220
vt 0.624954 0.977220
vt 0.651114 0.977220
vt 0.677273 0.977220
vt 0.703433 0.977220
vt 0.729592 0.977220
vt 0.755752 0.956802
vt 0.781911 0.977220
vt 0.808070 0.977220
vt 0.834230 0.977220
vt 0.860389 0.956802
vt 0.886549 0.956802
vt 0.912708 0.977220
vt 0.938868 0.977220
vt 0.965027 0.977220
vt 0.997129 0.002871
vt 0.997129 0.029030
vt 0.997129 0.055189
vt 0.997129 0.081349
vt 0.997129 0.107508
vt 0.997129 0.133667
vt 0.997129 0.159827
vt 0.997129 0.185986
vt 0.997129 0.212146
vt 0.997129 0.238305
vt 0.734653 0.315558
vt 0.693816 0.356396
vt 0.693750 0.336010
vt 0.734653 0.295107
vn 0.0000 -0.1449 0.9894
vn 1.0000 0.0000 0.0000
vn 0.0097 0.1564 -0.9876
vn 0.8267 -0.5627 0.0000
vn 0.8266 -0.5627 0.0000
vn -0.9617 0.1445 0.2328
vn -0.8572 -0.5150 0.0000
vn -0.9397 0.3420 -0.0000
vn -0.8568 0.2276 0.4626
vn 0.0000 0.0000 1.0000
vn -0.9398 0.3416 0.0014
vn -0.9405 0.3398 -0.0031
vn -1.0000 0.0000 -0.0040
vn -0.1736 -0.9848 0.0000
vn -1.0000 0.0000 0.0000
vn 0.1894 0.0437 0.9809
vn 0.0000 -0.9596 0.2812
vn 0.0000 0.8013 -0.5983
vn -0.1935 0.4719 -0.8602
vn 0.8266 -0.5628 -0.0001
vn 0.2304 0.2736 0.9338
vn 0.0000 -0.2266 0.9740
vn 0.0000 -0.2267 -0.9740
vn 0.0000 -0.2267 0.9740
vn 0.9488 -0.3154 -0.0201
vn 0.0000 -0.1392 -0.9903
vn 0.0000 1.0000 -0.0000
vn 0.0000 0.1392 0.9903
vn -0.0000 -0.1391 -0.9903
vn 0.0000 -0.1395 -0.9902
vn 0.0000 0.0781 -0.9969
vn 0.0000 0.2033 -0.9791
vn 0.9872 0.0561 0.1495
vn 0.0000 0.1090 -0.9940
vn 0.0000 0.2267 -0.9740
vn 0.0000 0.2267 0.9740
vn 0.0000 0.2266 0.9740
vn 0.9892 -0.1463 -0.0000
vn 0.0023 0.1548 -0.9879
vn 0.0000 -0.1665 -0.9860
vn 0.0000 -0.0445 -0.9990
vn 0.0000 0.0445 0.9990
vn 0.0000 0.1392 -0.9903
vn 0.0000 -0.0782 0.9969
vn -0.1074 -0.7503 -0.6523
vn 0.0000 0.1565 -0.9877
vn 0.0000 0.0000 -1.0000
vn 0.1152 0.7779 0.6177
vn 0.0000 -1.0000 0.0000
vn 0.9979 -0.0641 0.0000
vn 0.9986 -0.0536 0.0036
vn -0.9891 -0.1473 -0.0000
vn -0.9930 0.1180 -0.0036
vn 0.9697 0.2443 -0.0021
vn 0.9666 0.2561 -0.0061
vn 0.9487 0.3161 -0.0000
vn -0.9481 -0.3180 0.0000
vn -0.7776 -0.6287 0.0000
vn -0.5094 -0.8605 0.0000
vn 0.1772 -0.9842 -0.0000
vn -0.1773 -0.9842 -0.0000
vn 0.5094 -0.8605 0.0000
vn 0.7776 -0.6287 0.0000
vn 0.9481 -0.3180 0.0001
vn -0.9916 -0.1296 0.0000
vn -0.4345 -0.3509 0.8295
vn -0.9986 -0.0536 0.0036
vn -0.9953 0.0973 0.0033
vn -0.9697 0.2443 -0.0021
vn -0.9488 0.3160 -0.0000
vn -0.9666 0.2561 -0.0061
vn -0.9979 -0.0641 0.0000
vn 0.0000 -0.3154 0.9490
vn 0.0000 -0.1399 -0.9902
vn -0.0422 0.2533 -0.9665
vn -0.0113 -0.8586 -0.5125
vn -0.7021 0.0556 0.7099
vn 0.0000 -0.1394 -0.9902
vn -0.0114 -0.6259 0.7798
vn -0.0083 -0.8599 -0.5104
vn 0.0000 -0.9841 -0.1776
vn -0.0083 -0.6278 -0.7783
vn -0.0042 -0.4770 -0.8789
vn -0.7274 0.6862 0.0000
vn 0.8290 -0.5592 0.0000
vn 0.0000 0.8013 0.5983
vn -0.7554 -0.3788 0.5347
vn 0.0000 0.9772 0.2122
vn -0.6686 0.7436 -0.0000
vn 0.0000 0.0741 -0.9973
vn 0.5592 0.8290 -0.0000
vn -0.9430 0.3329 0.0042
vn 0.7598 0.6502 0.0042
vn 0.1641 0.9864 0.0042
vn -0.9363 -0.3511 0.0042
vn 0.7518 0.6237 0.2140
vn 0.1832 -0.9831 0.0042
vn -0.5084 0.8611 0.0042
vn 0.7722 -0.6353 0.0042
vn 0.9999 0.0097 0.0042
vn -0.9487 0.3161 -0.0000
vn -0.9697 0.2444 -0.0021
vn 0.9953 0.0973 0.0033
vn -0.9986 -0.0535 0.0036
vn -0.9988 -0.0498 0.0000
vn -0.9834 -0.1802 0.0196
vn -0.9900 -0.1408 0.0000
vn -0.9897 -0.1429 0.0000
vn -0.1585 0.9641 -0.2132
vn -0.7455 -0.2200 -0.6292
vn -0.4570 0.8594 -0.2293
vn -0.5890 0.3569 0.7250
vn -0.1772 -0.9842 0.0000
vn -0.5096 -0.8604 -0.0001
vn -0.7778 -0.6285 -0.0001
vn -0.9482 -0.3176 -0.0001
vn 0.9890 -0.1478 0.0000
vn 0.9893 -0.1461 0.0000
vn 0.9986 -0.0535 0.0036
vn 0.9988 -0.0498 0.0000
vn -0.9491 -0.2391 -0.2052
vn 0.9697 0.2444 -0.0021
vn 0.8948 0.4292 0.1229
vn 0.0000 -0.3154 -0.9490
vn -0.6401 -0.7681 0.0182
vn -0.6492 0.3324 0.6841
vn 0.9278 0.3730 -0.0000
vn -0.0000 0.2612 0.9653
vn 0.0000 0.2439 0.9698
vn -0.0000 0.2644 0.9644
vn -0.0000 0.2604 0.9655
vn -0.5470 -0.8371 0.0028
vn -0.1920 -0.9566 0.2191
vn -0.7515 -0.6598 -0.0040
vn -0.7601 -0.6498 -0.0043
vn -0.8637 -0.5041 0.0000
vn -0.9279 -0.3729 0.0036
vn 0.6930 0.0296 -0.7203
vn -0.0954 -0.9954 0.0025
vn -0.5858 0.8105 -0.0026
vn -0.5430 -0.8016 -0.2502
vn 0.1780 -0.2002 -0.9634
vn 0.7604 -0.6495 0.0000
vn 0.7562 -0.6543 -0.0000
vn 0.7565 -0.6540 -0.0000
vn 0.8278 -0.1037 0.5514
vn 0.5390 -0.8423 -0.0026
vn -0.7660 -0.6428 0.0000
vn 0.7566 0.6539 0.0000
vn 0.5000 0.8660 -0.0000
vn -0.0000 -1.0000 0.0001
vn 0.9397 -0.3420 -0.0012
vn 0.0456 0.2007 -0.9786
vn -0.7660 0.6428 -0.0000
vn 0.0000 0.9772 -0.2122
vn -0.5863 -0.4747 -0.6565
vn -0.1736 0.9848 -0.0000
vn 0.9893 0.1462 0.0000
vn -0.9581 0.2863 -0.0088
vn 0.0166 -0.9716 0.2362
vn 0.9024 0.0764 -0.4241
vn 0.4792 0.8470 -0.2302
vn -0.3147 0.9492 -0.0026
vn -0.5973 0.8020 -0.0045
vn -0.8193 0.5733 -0.0065
vn 0.9581 0.2863 0.0088
vn -0.9892 0.1463 0.0000
vn 0.7460 0.6660 0.0000
vn 0.7459 0.6661 -0.0000
vn -0.9243 0.2747 -0.2650
vn 0.2768 0.9609 0.0000
vn -0.2770 0.9609 -0.0000
vn -0.7458 0.6661 -0.0000
vn 0.8082 -0.1624 0.5661
vn -0.9061 0.4231 -0.0000
vn -0.8952 0.4457 0.0000
vn -0.7459 0.6660 0.0000
vn 0.9892 0.1464 0.0000
vn -0.9496 0.3133 -0.0064
vn 0.4047 0.6596 0.6334
vn -0.7254 -0.3333 0.6023
vn -0.3078 0.9515 -0.0009
vn 0.0000 1.0000 -0.0009
vn 0.3146 0.9492 0.0026
vn 0.5972 0.8021 0.0044
vn 0.8192 0.5735 0.0065
vn 0.9580 0.2866 0.0087
vn -0.9892 0.1464 0.0000
vn -0.0000 0.2593 0.9658
vn 0.0000 0.2589 0.9659
vn 0.0001 0.2395 0.9709
vn -0.0039 0.1996 0.9799
vn -0.0040 0.2002 -0.9798
vn 0.9488 0.3160 -0.0000
vn 0.9861 0.1654 0.0151
vn 0.9811 0.1903 0.0360
vn 0.9933 0.1149 0.0074
vn -0.7799 0.5805 0.2340
vn -0.8633 -0.5043 0.0188
vn -0.7781 -0.5886 0.2194
vn -0.3404 -0.9401 0.0178
vn 0.1777 -0.9839 -0.0186
vn 0.0000 -0.9998 0.0176
vn 0.7961 -0.5647 -0.2177
vn 0.2069 0.1941 -0.9589
vn 0.9988 -0.0484 -0.0053
vn -0.9933 0.1149 0.0074
vn -0.9859 0.1653 0.0265
vn -0.9721 0.2345 0.0083
vn -0.0440 -0.9707 -0.2360
vn 0.0308 -0.8568 0.5148
vn 0.0336 -0.6240 -0.7807
vn -0.2694 -0.1681 0.9482
vn -0.0042 -0.9364 0.3509
vn -0.0042 -0.7560 0.6546
vn -0.0043 -0.4772 0.8788
vn 0.0000 -0.9841 0.1778
vn -0.9893 0.1462 0.0000
vn 0.9496 0.3133 0.0064
vn 0.8193 0.5733 0.0065
vn 0.5858 0.8105 0.0026
vn 0.0000 1.0000 0.0009
vn 0.3147 0.9492 0.0027
vn 0.5974 0.8020 0.0045
vn 0.5577 0.0285 0.8296
vn 0.0000 -0.1392 0.9903
vn -0.0000 0.1992 0.9800
vn -0.8996 0.4367 0.0000
vn -0.7456 0.6664 0.0000
vn -0.7452 0.6668 0.0000
vn -0.2769 0.9609 0.0000
vn -0.2767 0.9610 0.0000
vn 0.7453 0.6668 -0.0000
vn 0.7454 0.6666 0.0000
vn 0.9038 0.4276 0.0176
vn 0.8985 0.4386 0.0175
vn 0.8985 0.4386 0.0167
vn 0.7457 0.6662 -0.0000
vn 0.7459 0.6660 -0.0000
vn -0.9009 0.4341 0.0000
vn -0.9022 0.4313 -0.0000
vn 0.2767 0.9610 0.0000
vn 0.1368 -0.7535 -0.6431
vn 0.0000 0.1665 0.9860
vn 0.9811 0.1903 0.0359
vn 0.7788 -0.6270 -0.0194
vn 0.5105 -0.8597 -0.0189
vn -0.9892 0.1462 0.0000
vn 0.8069 0.5906 0.0044
vn 0.3078 0.9515 0.0009
vn 0.9892 0.1463 0.0000
vn 0.9397 0.3420 -0.0021
vn -0.0511 -0.3687 0.9281
vn 0.3172 -0.9399 -0.1266
vn 0.0308 -0.8568 -0.5148
vn 0.0448 0.1230 0.9914
vn 0.7743 0.1291 0.6196
vn 0.0000 0.2395 -0.9709
vn 0.0000 0.1594 -0.9872
vn 0.0448 0.1230 -0.9914
vn -0.4916 -0.8708 0.0042
vn 0.0000 0.3246 0.9458
vn -0.0000 0.2395 0.9709
vn 0.0009 0.1997 -0.9799
vn 0.0000 0.1594 0.9872
vn -0.0634 0.2223 -0.9729
vn -1.0000 -0.0003 0.0000
vn -1.0000 0.0002 0.0000
vn -0.1880 0.2442 -0.9513
vn -0.3104 0.2370 0.9206
vn -0.1097 0.7784 0.6181
vn -1.0000 -0.0001 0.0000
vn -0.1666 -0.9615 0.2187
vn 0.1928 0.1553 0.9689
vn -0.1622 0.9868 0.0000
vn -0.8080 -0.5402 0.2353
vn 0.7799 -0.5805 0.2340
vn 0.7975 -0.5809 0.1630
vn 0.6540 -0.5576 0.5113
vn 0.5498 -0.5272 0.6480
vn 0.4282 -0.4660 0.7742
vn 0.2380 -0.3727 0.8969
vn 0.1500 -0.3190 0.9358
vn 0.1992 -0.3476 0.9163
vn -0.5010 -0.3147 -0.8062
vn -0.1816 0.2193 0.9586
vn -0.2513 -0.0430 -0.9670
vn -0.2667 -0.1605 -0.9503
vn -0.9295 0.2600 -0.2616
vn -0.8983 0.3620 -0.2490
vn -0.9170 0.3536 -0.1847
vn 0.0000 0.1996 -0.9799
vn -0.5216 0.3044 -0.7970
vn -0.3095 0.2397 -0.9202
vn -0.2766 0.2280 -0.9336
vn -0.1880 0.2019 -0.9612
vn -0.0629 0.1613 -0.9849
vn -0.2363 0.2190 -0.9467
vn 0.8862 0.3911 0.2483
vn -0.3104 0.2370 -0.9206
vn -0.0507 0.2583 -0.9647
vn -1.0000 -0.0002 0.0000
vn -1.0000 -0.0005 0.0000
vn -0.0927 -0.1374 -0.9862
vn 0.5523 -0.5235 0.6488
vn 0.1780 -0.2002 0.9634
vn -0.2428 -0.0261 0.9697
vn 0.5484 0.8115 -0.2021
vn -0.6699 0.1413 -0.7289
vn 0.5711 0.5021 0.6494
vn 0.2215 0.7738 0.5935
vn 0.0998 0.4598 -0.8824
vn 0.2627 0.2311 -0.9368
vn -0.9518 -0.0129 0.3064
vn 0.2609 0.1539 -0.9530
vn 0.3420 0.9397 -0.0000
vn 0.0000 -0.6561 0.7547
vn 0.1697 -0.9457 0.2771
vn 0.8177 -0.1351 -0.5596
vn 0.3240 -0.0305 0.9456
vn 0.7176 0.0817 0.6916
vn -0.8127 0.5275 -0.2475
vn 0.8895 -0.3725 -0.2648
vn 0.7130 -0.5048 0.4867
vn 0.6356 -0.7255 -0.2641
vn 0.7310 -0.4940 0.4707
vn -0.6918 0.0849 -0.7171
vn 0.5462 -0.0039 0.8376
vn -0.5736 -0.4963 -0.6517
vn 0.7274 -0.6862 0.0000
vn 0.9397 0.3420 -0.0000
vn 0.8363 0.5483 -0.0000
vn -0.5599 -0.8285 0.0000
vn -0.8363 -0.5483 0.0000
vn -0.1968 -0.9804 0.0000
vn 0.5599 0.8286 -0.0000
vn 0.1968 0.9804 -0.0000
vn -0.9278 -0.3730 0.0000
vn 0.0000 0.4810 0.8767
vn 0.1622 -0.9868 0.0000
vn -0.1753 -0.2058 -0.9628
vn 0.2071 0.3381 -0.9181
vn 0.7663 -0.3542 0.5360
vn -0.3094 0.2397 0.9202
vn -0.5216 0.3044 0.7970
vn -0.7759 0.3418 -0.5302
vn -0.8879 0.3599 0.2865
vn -0.9150 0.3589 0.1843
vn -0.8983 0.3620 0.2490
vn 0.9481 -0.3180 0.0000
vn -0.3556 0.2558 0.8990
vn -0.0629 0.1613 0.9849
vn 0.2946 0.9061 -0.3037
vn 0.5484 0.8115 0.2021
vn 0.8150 0.5343 -0.2242
vn -0.0328 0.2255 -0.9737
vn 0.2363 -0.1408 -0.9614
vn 0.2304 0.2736 -0.9338
vn 0.2609 0.1539 0.9530
vn 0.0998 0.4598 0.8824
vn 0.2628 0.2310 0.9368
vn 0.9482 0.1644 -0.2717
vn -0.4676 -0.8264 0.3138
vn 0.2605 -0.6334 -0.7286
vn 0.6356 -0.7255 0.2641
vn 0.7310 -0.4940 -0.4707
vn 0.8895 -0.3725 0.2648
vn 0.7702 -0.5793 -0.2668
vn 0.7799 -0.5805 -0.2340
vn -0.8080 -0.5402 -0.2353
vn 0.1992 -0.3476 -0.9163
vn 0.1574 -0.3286 -0.9313
vn 0.4012 -0.4539 -0.7956
vn 0.5500 -0.5268 -0.6480
vn 0.5841 -0.5372 -0.6085
vn 0.0000 -0.9751 -0.2218
vn 0.0000 -0.7831 -0.6218
vn 0.0000 -0.4371 -0.8994
vn -0.8946 -0.3213 -0.3106
vn 0.2718 0.7027 -0.6575
vn 0.7111 -0.6709 -0.2105
vn 0.1355 -0.7759 -0.6161
vn -0.8290 0.5592 0.0000
vn 0.5546 -0.5200 -0.6496
vn -0.0927 -0.1374 0.9862
vn -0.5736 -0.4963 0.6517
vn 0.2071 0.3381 0.9181
vn 0.5581 0.0298 -0.8292
vn -0.0488 -0.3688 -0.9282
vn -0.4810 -0.2358 0.8444
vn -0.4930 -0.1570 0.8557
vn -0.1210 -0.2160 -0.9689
vn -0.0990 -0.2336 -0.9673
vn -0.0955 -0.2343 -0.9675
vn -0.1130 -0.2532 -0.9608
vn -0.0835 -0.2585 -0.9624
vn -0.6989 0.0649 0.7122
vn -0.2475 -0.1074 0.9629
vn -0.0963 -0.2070 -0.9736
vn -0.6615 -0.4654 0.5881
vn -0.0114 -0.6263 -0.7795
vn -0.9392 -0.2407 0.2450
vn -0.9361 -0.1705 -0.3076
vn -0.7579 -0.2142 0.6162
vn 0.9622 -0.2055 0.1788
vn 0.9913 0.0053 0.1318
vn -0.7398 -0.6394 -0.2095
vn 0.5298 0.4144 -0.7400
vn 0.3367 -0.8773 0.3420
vn -0.5695 -0.5030 -0.6501
vn -0.2315 -0.5876 0.7753
vn -0.1494 -0.7744 -0.6148
vn 0.4695 -0.8830 0.0000
vn -0.2417 0.9703 -0.0000
vn 0.5000 -0.8660 0.0000
vn -0.1708 -0.9853 0.0000
vn -0.4924 -0.8704 0.0000
vn -0.7566 -0.6539 0.0000
vn 0.2770 0.9609 0.0000
vn 0.5086 -0.2986 0.8076
vn -0.0963 -0.2070 0.9736
vn 0.5730 0.4944 -0.6536
vn 0.1899 -0.0768 0.9788
vn -0.9514 -0.0132 -0.3077
vn -0.9365 -0.1703 0.3066
vn -0.2315 -0.5876 -0.7753
vn -0.8578 -0.4462 -0.2551
vn -0.7473 0.0652 -0.6612
vn -0.1984 -0.3523 -0.9146
vn -0.0835 -0.2585 0.9624
vn -0.1130 -0.2532 0.9608
vn -0.0955 -0.2343 0.9675
vn -0.0990 -0.2336 0.9673
vn -0.1210 -0.2160 0.9689
vn 0.9548 0.2469 -0.1653
vn -0.7742 -0.0887 -0.6267
vn -0.2371 0.2172 0.9469
vn -0.7100 -0.3367 -0.6185
vn -0.4810 -0.2358 -0.8444
vn -0.4596 -0.3105 -0.8321
vn 0.0000 -0.7832 0.6218
vn 0.0000 -0.9751 0.2218
vn 0.0000 -0.4371 0.8994
vn 0.7111 -0.6709 0.2105
vn 0.4455 -0.8379 -0.3154
vn 0.1582 -0.9628 -0.2190
vn 0.5546 -0.5200 0.6496
vn 0.2231 -0.5983 -0.7696
vn 0.1355 -0.7759 0.6161
vn -0.3410 -0.8739 -0.3463
vn -0.5173 -0.7909 -0.3268
vn -0.7398 -0.6394 0.2095
vn -0.1494 -0.7744 0.6148
vn -0.5695 -0.5030 0.6501
vn -0.0590 -0.2058 0.9768
vn -0.2716 0.1167 -0.9553
vn 0.3645 0.2020 0.9090
vn -0.1736 0.9848 -0.0034
vn 0.0000 -0.2266 -0.9740
vn -0.4883 -0.1268 -0.8634
vn -0.0731 -0.2007 0.9769
vn 0.9348 -0.2937 0.1999
vn -0.0222 -0.1750 0.9843
vn -0.8017 -0.1611 0.5756
vn 0.5736 0.4963 -0.6517
vn 0.0517 -0.1572 -0.9862
vn -0.0223 -0.1750 -0.9843
vn 0.0173 -0.1804 -0.9834
vn 0.0173 -0.1804 0.9834
vn -0.5010 -0.3147 0.8062
vn 0.0000 0.1412 -0.9900
vn 0.0021 0.1090 -0.9940
vn 0.7886 -0.2126 0.5770
vn 0.0145 0.2033 -0.9790
vn 0.0165 0.1764 -0.9842
vn 0.0196 0.1971 -0.9802
vn 0.0337 0.1886 -0.9815
vn 0.0336 0.1888 -0.9814
vn 0.0445 0.2075 -0.9772
vn 0.2231 -0.5983 0.7696
vn 0.0554 0.2025 -0.9777
vn 0.0099 0.1716 -0.9851
vn 0.0115 0.1764 -0.9842
vn -0.0187 0.2032 -0.9790
vn -0.0175 0.2128 -0.9769
vn -0.0446 0.2472 -0.9679
vn -0.0443 0.2501 -0.9672
vn -0.0531 0.2572 -0.9649
vn -0.0159 0.1937 -0.9809
vn 0.3132 0.3496 0.8830
vn -0.0414 0.2590 -0.9650
vn -0.0284 0.2565 -0.9661
vn -0.0142 0.2472 -0.9689
vn -0.0139 0.2432 -0.9699
vn 0.0000 0.1562 -0.9877
vn -0.0029 0.1090 -0.9940
vn -0.0179 0.2314 -0.9727
vn -0.0123 0.2413 -0.9704
vn -0.0097 0.2433 -0.9699
vn 0.0260 -0.2962 0.9548
vn -0.0203 0.1919 -0.9812
vn -0.0000 -0.3153 -0.9490
vn 0.0113 -0.0309 -0.9995
vn 0.0331 0.1245 -0.9917
vn 0.0553 0.2022 -0.9778
vn -0.0097 -0.0092 -0.9999
vn -0.0289 0.1725 -0.9846
vn -0.0479 0.2635 -0.9635
vn -0.0200 0.2394 -0.9707
vn -0.0477 0.2570 -0.9652
vn -0.0572 0.2632 -0.9631
vn -0.0568 0.2633 -0.9630
vn -0.1232 0.3042 -0.9446
vn -0.1971 0.3506 -0.9155
vn -0.2487 0.3773 -0.8921
vn -0.4233 0.4649 -0.7776
vn -0.1135 0.2717 -0.9557
vn -0.1090 0.2539 -0.9611
vn -0.5505 0.5262 -0.6482
vn -0.6232 0.5493 -0.5567
vn -0.7639 0.5813 -0.2804
vn 0.1957 0.1633 0.9670
vn -0.7759 0.3420 0.5302
vn -0.9617 0.1445 -0.2328
vn 0.0001 -0.3161 -0.9487
vn 0.9384 -0.2835 0.1975
vn 0.5507 0.0085 0.8347
vn 0.9142 -0.3591 0.1876
vn -0.9021 -0.3889 0.1871
vn -0.2071 -0.3381 -0.9181
vn 0.2327 0.2265 0.9458
vn 0.1763 -0.9565 0.2326
vn -0.0113 -0.8584 0.5128
vn 0.0166 -0.9716 -0.2362
vn 0.1864 0.1377 0.9728
vn -0.5273 -0.0560 -0.8478
vn 0.1974 -0.9558 -0.2180
vn 0.5553 -0.7931 -0.2502
vn 0.7468 -0.4042 0.5281
vn 0.4910 -0.5682 0.6603
vn 0.5086 -0.2986 -0.8076
vn 0.3309 -0.4435 0.8329
vn 0.6106 0.2230 0.7599
vn -0.0731 -0.2007 -0.9769
vn 0.6397 0.3531 0.6827
vn -0.7553 -0.3788 -0.5347
vn 0.2327 0.2265 -0.9458
vn 0.0501 -0.3687 -0.9282
vn -0.3226 -0.4486 0.8335
vn -0.6215 0.2337 0.7477
vn -0.4689 -0.5865 0.6604
vn -0.7365 -0.4231 0.5278
vn -0.7781 -0.5886 -0.2194
vn 0.5553 -0.7931 0.2502
vn -0.4298 -0.6156 -0.6605
vn -0.1718 -0.9572 -0.2328
vn 0.0000 0.4810 -0.8767
vn -0.4695 0.8829 0.0000
vn -0.1636 0.0731 -0.9838
vn -0.9496 0.3133 -0.0063
vn -0.1555 0.7915 -0.5910
vn -0.0991 0.9724 0.2111
vn -0.2402 0.9643 0.1118
vn -0.3934 0.8967 0.2030
vn -0.5153 0.7347 -0.4412
vn -0.5890 0.3569 -0.7250
vn -0.1986 0.7701 0.6062
vn -0.8017 -0.1611 -0.5756
vn -0.9705 0.1064 0.2163
vn -0.9369 0.3422 -0.0714
vn -0.0509 0.2619 -0.9638
vn -0.6654 0.7400 -0.0983
vn -0.8568 0.2276 -0.4626
vn 0.6397 0.3531 -0.6827
vn -0.2557 -0.1299 -0.9580
vn 0.8080 0.5402 0.2353
vn 0.1007 -0.1677 0.9807
vn 0.3198 -0.9475 0.0000
vn 0.9984 0.0567 -0.0000
vn 0.2022 -0.9793 0.0000
vn 0.8511 -0.5250 -0.0000
vn 0.5736 -0.8192 0.0000
vn 0.8286 -0.5599 0.0000
vn -0.5592 -0.8290 0.0000
vn 0.5150 -0.8572 0.0000
vn -0.6929 0.7210 -0.0055
vn 0.7619 -0.6477 -0.0000
vn 0.1708 0.9853 0.0000
vn 0.0517 -0.1571 0.9862
vn 0.9397 -0.3420 0.0000
vn 0.0000 0.0741 0.9973
vn 0.0000 -0.1449 -0.9894
vn 0.4924 0.8704 -0.0000
vn -0.7071 -0.7071 0.0000
vn 0.5736 0.4963 0.6517
vn 0.5523 -0.5235 -0.6488
vn -0.2071 -0.3381 0.9181
vn -0.7660 -0.6428 -0.0045
vn 0.8705 0.2701 -0.4114
vn 0.7230 0.2994 -0.6226
vn 0.1236 -0.3416 0.9317
vn 0.3309 -0.4435 -0.8329
vn 0.6106 0.2230 -0.7599
vn 0.4911 -0.5682 -0.6603
vn 0.7468 -0.4042 -0.5281
vn 0.7961 -0.5647 0.2177
vn -0.4298 -0.6156 0.6605
vn 0.4398 -0.6085 0.6605
vn 0.1099 -0.7501 0.6521
vn -0.8069 0.5907 -0.0043
vn -0.0488 -0.3688 0.9282
vn -0.3226 -0.4486 -0.8335
vn 0.4400 -0.6080 -0.6609
vn -0.4689 -0.5866 -0.6604
vn -0.7365 -0.4231 -0.5278
vn 0.7280 0.6193 0.2941
vn -0.1331 -0.7535 0.6438
vn -0.5422 -0.8024 0.2494
vn 0.5673 0.3012 0.7665
vn -0.6215 0.2337 -0.7477
vn -0.0378 0.2498 -0.9676
vn -0.5273 -0.0560 0.8478
vn 0.0472 -0.1434 0.9885
vn -0.9491 -0.2391 0.2052
vn -0.9705 0.1064 -0.2163
vn 0.0009 0.1996 0.9799
vn -0.8127 0.5275 0.2475
vn -0.6654 0.7400 0.0983
vn -0.3934 0.8967 -0.2030
vn -0.2402 0.9643 -0.1118
vn -0.0991 0.9724 -0.2111
vn -0.9369 0.3422 0.0714
vn -0.7121 0.6719 0.2035
vn -0.5153 0.7347 0.4412
vn -0.2357 0.4293 0.8719
vn -0.1530 0.3207 0.9347
vn -0.1977 0.3497 0.9158
vn -0.3893 0.4487 0.8044
vn -0.5540 0.5269 0.6445
vn -0.5509 0.5255 0.6484
vn -0.6816 0.5666 0.4631
vn -0.7766 0.5823 0.2406
vn -0.7799 0.5805 -0.2340
vn 0.0000 -0.9596 -0.2812
vn -0.1714 0.3880 0.9056
vn -0.0482 0.4366 0.8984
vn -0.1097 0.7784 -0.6181
vn -0.7742 -0.0887 0.6266
vn -0.3078 0.9515 -0.0008
vn -0.7227 0.6571 -0.2144
vn -0.5153 0.5754 0.6351
vn -0.3863 0.6718 -0.6320
vn 0.1007 -0.1677 -0.9807
vn -0.1753 -0.2058 0.9628
vn 0.8080 0.5402 -0.2353
vn 0.1051 0.2051 0.9731
vn 0.1864 0.1377 -0.9728
vn 0.5577 0.0285 -0.8296
vn 0.7544 -0.0271 0.6559
vn 0.7565 0.1400 -0.6388
vn 0.7663 -0.3542 -0.5360
vn -0.4596 -0.3105 0.8321
vn 0.8360 0.4903 -0.2463
vn 0.8807 -0.0952 -0.4641
vn 0.9847 0.0331 -0.1713
vn 0.9622 -0.2055 -0.1787
vn 0.7994 0.4467 0.4016
vn -0.4930 -0.1570 -0.8557
vn -0.9341 0.2606 0.2442
vn 0.6705 0.4558 0.5855
vn 0.4788 -0.8161 0.3235
vn 0.3132 0.3496 -0.8830
vn 0.2906 -0.6104 0.7369
vn 0.1131 0.2462 0.9626
vn 0.1006 0.2347 0.9669
vn 0.0927 0.2619 0.9606
vn 0.1198 0.2218 0.9677
vn 0.3538 0.2087 -0.9117
vn 0.5850 0.2934 -0.7561
vn 0.0507 0.4365 0.8983
vn 0.1796 0.3828 0.9062
vn 0.3965 0.6716 -0.6258
vn 0.5368 0.5539 0.6364
vn 0.7518 0.6237 -0.2140
vn 0.7130 -0.5048 -0.4867
vn 0.5000 0.8660 -0.0028
vn 0.1152 0.7779 -0.6177
vn -0.9393 0.3430 -0.0000
vn -0.9905 -0.1377 0.0000
vn 0.0000 -0.6561 -0.7547
vn -0.9021 -0.3889 -0.1871
vn 0.8862 0.3912 -0.2483
vn -0.6492 0.3324 -0.6841
vn 0.1562 0.9631 -0.2191
vn -0.0634 0.2224 0.9729
vn 0.7544 -0.0270 -0.6559
vn 0.5961 0.1770 0.7831
vn -0.3863 0.6718 0.6320
vn 0.5859 0.4753 0.6564
vn 0.0927 0.2619 -0.9606
vn 0.1131 0.2462 -0.9626
vn 0.1006 0.2347 -0.9669
vn 0.1198 0.2218 -0.9677
vn 0.1051 0.2051 -0.9731
vn 0.6705 0.4558 -0.5855
vn 0.7229 0.2994 0.6226
vn 0.9142 -0.3591 -0.1876
vn 0.7995 0.4467 -0.4016
vn 0.9665 0.2230 0.1272
vn 0.9348 -0.2937 -0.1999
vn 0.3357 0.2815 -0.8989
vn 0.8869 0.0983 0.4513
vn 0.3357 0.2815 0.8989
vn 0.8705 0.2701 0.4114
vn -0.1737 0.9848 -0.0000
vn 0.0000 0.7831 -0.6218
vn 0.0000 0.4371 -0.8994
vn -0.0482 0.4366 -0.8984
vn -0.1714 0.3880 -0.9056
vn 0.5356 -0.1832 0.8244
vn -0.5153 0.5754 -0.6351
vn -0.8635 -0.4398 0.2468
vn -0.4570 0.8594 0.2293
vn -0.1484 0.9643 0.2194
vn -0.7660 0.6428 -0.0038
vn 0.1796 0.3828 -0.9062
vn 0.0506 0.4365 -0.8983
vn 0.0170 -0.1768 -0.9841
vn 0.1669 0.9629 0.2121
vn 0.4792 0.8470 0.2302
vn -0.8069 0.5906 -0.0044
vn 0.5003 -0.8658 -0.0003
vn 0.5368 0.5539 -0.6364
vn 0.0948 0.2026 -0.9747
vn 0.0995 0.2188 -0.9707
vn 0.0932 0.2035 -0.9746
vn 0.0596 0.2103 -0.9758
vn 0.0470 0.2130 -0.9759
vn 0.0176 0.2205 -0.9752
vn 0.1923 0.9581 0.2123
vn 0.9888 -0.1492 0.0000
vn -0.0040 0.1994 0.9799
vn 0.6124 0.1651 -0.7731
vn -0.0647 -0.7531 0.6547
vn 0.0000 0.2266 -0.9740
vn 0.0000 0.9751 -0.2218
vn 0.0000 0.7832 0.6218
vn 0.0000 0.9751 0.2218
vn 0.0000 0.4371 0.8994
vn 0.5523 0.8336 -0.0034
vn -0.7556 -0.6551 -0.0041
vn -0.0901 0.9959 -0.0045
vn -0.3375 -0.9413 0.0080
vn 0.9522 0.3054 -0.0024
vn 0.7457 0.6663 -0.0000
vn -0.2768 0.9609 0.0000
vn -0.7459 0.6661 0.0000
vn -0.7460 0.6660 0.0000
vn 0.2769 0.9609 0.0000
vn 0.9341 -0.3570 -0.0013
vn -0.0000 -1.0000 0.0018
vn 0.9839 0.1784 0.0080
vn 0.8684 -0.4958 0.0080
vn -0.6465 0.7629 0.0080
vn 0.3466 -0.9380 0.0080
vn -0.8636 -0.5042 0.0080
vn -0.0048 1.0000 0.0080
vn 0.6390 0.7691 0.0080
vn -0.9856 0.1689 0.0080
vn -0.9916 0.1295 -0.0066
vn 0.0000 0.7832 -0.6218
vn 0.0000 -0.7832 -0.6218
vn -0.0000 -0.1471 -0.9891
vn 0.0000 0.1995 0.9799
vn -0.0000 -0.6268 -0.7792
vn -0.0000 -0.8592 -0.5116
vn -0.0000 -0.9841 -0.1777
vn 0.0145 0.1689 -0.9855
vn -0.9385 0.1717 0.2995
vn -0.9916 0.1295 0.0057
vn -0.1737 -0.9848 0.0000
vn 0.2007 -0.0026 0.9796
vn -0.2357 0.4293 -0.8719
vn 0.2491 0.1933 0.9490
vn 0.8633 -0.5043 0.0188
vn 0.9482 0.1644 0.2717
vn 0.9987 -0.0501 0.0002
vn 0.0025 0.1564 -0.9877
vn -0.1331 -0.7535 -0.6438
vn 0.0000 0.1564 -0.9877
vn 0.1211 0.7787 0.6156
vn -0.9987 -0.0501 0.0002
vn -0.9481 -0.3179 -0.0000
vn -0.7777 -0.6287 -0.0000
vn -0.5095 -0.8605 -0.0000
vn 0.5095 -0.8605 -0.0000
vn 0.7778 -0.6286 -0.0001
vn 0.9482 -0.3177 -0.0001
vn -0.1985 -0.3523 0.9146
vn -0.9930 0.1182 -0.0036
vn 0.0171 -0.3692 0.9292
vn -0.0417 0.2525 -0.9667
vn -0.7258 0.1260 0.6762
vn 0.0000 -0.1385 -0.9904
vn -0.0000 -0.1393 -0.9903
vn 0.0228 -0.7545 0.6559
vn 0.0042 -0.9365 -0.3507
vn 0.0042 -0.7562 -0.6543
vn 0.0000 -0.3161 -0.9487
vn -0.9856 0.1689 -0.0080
vn 0.6391 0.7691 -0.0080
vn -0.0048 1.0000 -0.0080
vn -0.8636 -0.5042 -0.0080
vn 0.7411 0.6405 0.2014
vn 0.3466 -0.9380 -0.0080
vn -0.6465 0.7629 -0.0080
vn 0.8684 -0.4958 -0.0080
vn 0.9839 0.1784 -0.0080
vn 0.9930 0.1182 -0.0036
vn -0.9988 -0.0484 -0.0053
vn -0.1484 0.9643 -0.2194
vn -0.7579 -0.2142 -0.6162
vn -0.4595 0.8575 -0.2316
vn -0.7776 -0.6287 0.0001
vn -0.9481 -0.3180 0.0001
vn -0.9841 -0.1368 -0.1137
vn 0.8360 0.4903 0.2463
vn -0.0511 -0.3687 -0.9281
vn -0.7788 -0.6270 -0.0194
vn 0.9930 0.1180 -0.0036
vn 0.0000 0.2440 0.9698
vn -0.0000 0.2598 0.9657
vn 0.0000 0.2643 0.9644
vn -0.1718 -0.9572 0.2328
vn -0.7584 -0.6518 -0.0041
vn -0.7685 -0.6398 -0.0044
vn -0.8637 -0.5040 0.0000
vn 0.7176 0.0817 -0.6917
vn -0.1736 -0.9848 -0.0037
vn -0.5972 0.8021 0.0044
vn -0.5422 -0.8024 -0.2494
vn 0.7654 -0.6435 0.0000
vn 0.7590 -0.6511 -0.0000
vn 0.8807 -0.0952 0.4641
vn -0.5429 -0.8398 0.0000
vn 0.9341 -0.3570 0.0002
vn 0.0526 0.2030 -0.9778
vn -0.6615 -0.4654 -0.5881
vn -0.9496 0.3133 0.0064
vn 0.8869 0.0983 -0.4513
vn 0.4816 0.8450 -0.2325
vn -0.3078 0.9515 0.0009
vn -0.5858 0.8105 0.0026
vn -0.8069 0.5906 0.0044
vn 0.9496 0.3133 -0.0064
vn 0.8081 -0.1624 0.5662
vn -0.9581 0.2864 0.0088
vn 0.3965 0.6716 0.6258
vn -0.7100 -0.3367 0.6185
vn -0.3146 0.9492 0.0026
vn 0.3078 0.9515 -0.0009
vn 0.5858 0.8105 -0.0026
vn 0.8069 0.5906 -0.0044
vn 0.9496 0.3133 -0.0063
vn -0.0042 0.1996 -0.9799
vn -0.8152 0.5752 0.0679
vn -0.9488 -0.3154 -0.0201
vn -0.8252 -0.5410 0.1622
vn -0.5105 -0.8597 -0.0189
vn -0.1777 -0.9839 -0.0186
vn 0.8399 -0.5181 -0.1615
vn 0.2827 0.0838 -0.9556
vn 0.9834 -0.1802 0.0196
vn -0.0647 -0.7531 -0.6547
vn -0.3403 -0.0630 0.9382
vn 0.0000 -0.8592 0.5116
vn 0.0000 -0.6268 0.7792
vn 0.9581 0.2863 -0.0088
vn 0.5973 0.8020 -0.0045
vn 0.5955 0.0361 0.8025
vn 0.0000 0.1989 0.9800
vn -0.8953 0.4455 0.0000
vn -0.7454 0.6666 0.0000
vn -0.7455 0.6665 0.0000
vn -0.2766 0.9610 -0.0000
vn 0.7453 0.6667 0.0000
vn 0.9004 0.4346 0.0168
vn 0.9091 0.4161 0.0176
vn 0.9038 0.4276 0.0172
vn 0.9038 0.4275 0.0177
vn 0.9012 0.4331 0.0170
vn 0.8985 0.4387 0.0168
vn -0.9027 0.4303 -0.0000
vn -0.9026 0.4304 -0.0000
vn -0.8927 0.4507 -0.0000
vn 0.1099 -0.7501 -0.6521
vn 0.6401 -0.7681 0.0182
vn 0.3404 -0.9401 0.0178
vn 0.8193 0.5733 -0.0065
vn 0.3147 0.9492 -0.0026
vn 0.9522 0.3054 0.0013
vn 0.1697 -0.9457 -0.2771
vn 0.7565 0.1400 0.6388
vn -0.3375 -0.9413 -0.0080
vn 0.0009 0.1996 -0.9799
vn -0.0489 0.1994 -0.9787
vn -0.1816 0.2193 -0.9586
vn -0.1150 0.7791 0.6162
vn -1.0000 0.0001 0.0000
vn -0.3410 -0.8739 0.3463
vn -0.1880 0.2442 0.9513
vn -0.0519 0.2613 -0.9639
vn -0.1636 0.0731 0.9838
vn -0.6702 0.2699 -0.6913
vn 0.5730 0.4944 0.6536
vn 0.2718 0.7027 0.6575
vn -0.9631 -0.0361 0.2669
vn 0.3172 -0.9399 0.1267
vn 0.8253 -0.1959 -0.5297
vn 0.2363 -0.1408 0.9614
vn 0.6930 0.0296 0.7203
vn -0.7440 0.6220 -0.2439
vn 0.5599 0.8285 -0.0000
vn -0.6468 0.3391 -0.6832
vn 0.1923 0.9581 -0.2123
vn 0.7280 0.6193 -0.2941
vn -0.0438 0.2490 -0.9675
vn 0.3240 -0.0305 -0.9456
vn 0.2491 0.1933 -0.9490
vn 0.9872 0.0561 -0.1495
vn -0.5173 -0.7909 0.3268
vn 0.2906 -0.6103 -0.7369
vn -0.9388 -0.2421 -0.2449
vn 0.2215 0.7738 -0.5935
vn 0.5975 -0.0603 -0.7996
vn -0.1166 -0.3444 -0.9316
vn -0.4710 -0.2448 0.8475
vn -0.4822 -0.1681 0.8598
vn -0.7474 0.0652 0.6612
vn -0.4883 -0.1268 0.8634
vn -0.5863 -0.4747 0.6565
vn 0.0228 -0.7545 -0.6559
vn -0.8941 -0.3214 0.3119
vn -0.7455 -0.2200 0.6292
vn 0.9622 -0.2041 0.1802
vn 0.9847 0.0331 0.1713
vn -0.5973 0.8020 0.0045
vn 0.5859 0.4753 -0.6564
vn 0.1582 -0.9628 0.2190
vn -0.1478 -0.4323 0.8896
vn 0.5711 0.5021 -0.6494
vn 0.1995 -0.1398 0.9699
vn -0.9627 -0.0365 -0.2680
vn -0.1478 -0.4323 -0.8896
vn -0.8642 -0.4390 -0.2458
vn -0.6989 0.0649 -0.7122
vn -0.4345 -0.3509 -0.8295
vn 0.9665 0.2230 -0.1272
vn -0.7598 -0.0974 -0.6428
vn -0.1887 0.1999 0.9615
vn -0.7254 -0.3333 -0.6023
vn -0.4710 -0.2448 -0.8475
vn -0.4466 -0.3170 -0.8367
vn 0.0000 -0.7831 0.6218
vn 0.4788 -0.8161 -0.3235
vn 0.3367 -0.8773 -0.3420
vn 0.1392 -0.4328 -0.8907
vn -0.1666 -0.9615 -0.2187
vn -0.4675 -0.8264 -0.3138
vn -0.2598 0.0755 -0.9627
vn 0.3538 0.2087 0.9117
vn -0.0901 0.9959 0.0035
vn -0.2475 -0.1074 -0.9629
vn -0.0513 -0.1409 0.9887
vn -0.8116 -0.1983 0.5495
vn 0.0724 -0.1204 -0.9901
vn -0.0513 -0.1409 -0.9887
vn -0.0195 -0.1530 -0.9880
vn -0.0194 -0.1530 0.9880
vn 0.7837 -0.3029 0.5423
vn 0.1392 -0.4328 0.8907
vn -0.0071 0.1564 -0.9877
vn 0.1911 0.3643 0.9115
vn -0.6468 0.3390 0.6832
vn -0.9380 0.1722 -0.3007
vn 0.0170 -0.3692 -0.9292
vn 0.1974 -0.9558 0.2180
vn -0.0440 -0.9707 0.2360
vn 0.3575 0.1464 0.9224
vn -0.5662 -0.1194 -0.8156
vn 0.1763 -0.9565 -0.2326
vn 0.5559 -0.7925 -0.2509
vn -0.7554 -0.3788 -0.5347
vn 0.1236 -0.3416 -0.9317
vn -0.8252 -0.5410 -0.1622
vn 0.5559 -0.7925 0.2509
vn -0.4296 -0.6160 -0.6603
vn -0.1920 -0.9566 -0.2191
vn -0.2428 -0.0261 -0.9697
vn -0.9580 0.2867 0.0087
vn -0.1986 0.7701 -0.6062
vn -0.1556 0.7915 0.5910
vn -0.8116 -0.1983 -0.5495
vn -0.0478 0.2592 -0.9646
vn -0.8568 0.2276 -0.4627
vn -0.6060 0.7955 0.0031
vn 0.0724 -0.1204 0.9901
vn 0.7776 -0.6288 0.0000
vn 0.8516 0.2874 -0.4385
vn 0.7418 0.2929 -0.6033
vn 0.0501 -0.3687 0.9282
vn 0.8399 -0.5181 0.1615
vn -0.4296 -0.6160 0.6603
vn 0.4401 -0.6080 0.6609
vn 0.1368 -0.7535 0.6431
vn -0.8192 0.5735 0.0064
vn -0.1166 -0.3444 0.9316
vn 0.4398 -0.6085 -0.6605
vn 0.8150 0.5343 0.2243
vn -0.1074 -0.7503 0.6523
vn -0.5430 -0.8016 0.2502
vn 0.5850 0.2934 0.7561
vn -0.0129 0.2487 -0.9685
vn -0.5662 -0.1194 0.8156
vn 0.0170 -0.1768 0.9841
vn -0.9841 -0.1368 0.1137
vn 0.0009 0.1997 0.9799
vn -0.7440 0.6220 0.2439
vn -0.7227 0.6570 0.2144
vn -0.1935 0.4719 0.8602
vn -0.8152 0.5752 -0.0679
vn -0.1150 0.7791 -0.6162
vn -0.7598 -0.0974 0.6428
vn -0.3145 0.9492 0.0026
vn -0.7121 0.6719 -0.2036
vn -0.3783 0.6824 -0.6254
vn 0.3575 0.1464 -0.9224
vn 0.5955 0.0361 -0.8025
vn 0.7743 0.1291 -0.6196
vn -0.4466 -0.3170 0.8367
vn 0.8948 0.4292 -0.1229
vn 0.8278 -0.1037 -0.5514
vn 0.9913 0.0053 -0.1318
vn 0.9622 -0.2041 -0.1802
vn -0.4822 -0.1681 -0.8598
vn -0.9243 0.2747 0.2650
vn 0.4455 -0.8379 0.3154
vn 0.1911 0.3643 -0.9115
vn 0.2605 -0.6334 0.7287
vn 0.3645 0.2020 -0.9090
vn 0.5673 0.3012 -0.7665
vn 0.4047 0.6596 -0.6334
vn 0.7411 0.6405 -0.2014
vn 0.5523 0.8336 0.0024
vn 0.1211 0.7787 -0.6156
vn 0.5428 -0.8399 0.0000
vn 0.8862 0.3911 -0.2483
vn 0.1669 0.9629 -0.2121
vn -0.0489 0.1994 0.9787
vn 0.6124 0.1651 0.7731
vn -0.3783 0.6824 0.6254
vn 0.5299 0.4144 0.7400
vn 0.7418 0.2929 0.6033
vn 0.9548 0.2469 0.1653
vn 0.9427 -0.2783 -0.1839
vn 0.3472 0.2775 -0.8958
vn 0.9024 0.0764 0.4241
vn 0.3472 0.2775 0.8958
vn 0.8516 0.2874 0.4385
vn 0.5406 -0.2018 0.8167
vn -0.8578 -0.4462 0.2551
vn -0.4595 0.8575 0.2316
vn -0.1584 0.9641 0.2132
vn -0.6929 0.7210 0.0046
vn 0.0472 -0.1434 -0.9885
vn 0.1561 0.9631 0.2191
vn 0.4816 0.8450 0.2325
vn -0.8193 0.5733 0.0065
vn 0.5000 -0.8660 -0.0003
vn 0.2946 0.9061 0.3037
vn 0.9906 -0.1365 0.0000
vn 0.5961 0.1770 -0.7831
vn 0.0336 -0.6240 0.7807
vn 0.8285 -0.5599 0.0000
vn 0.6060 0.7955 0.0019
vn 0.0000 1.0000 0.0026
vn -0.1736 -0.9848 -0.0042
vn 0.9641 0.2656 0.0011
vn 0.9279 -0.3729 0.0002
vn -0.0954 -0.9954 -0.0050
vn 0.9397 0.3420 -0.0042
vn 0.9397 -0.3420 -0.0042
vn -0.7660 0.6428 -0.0042
vn 0.5000 -0.8660 -0.0042
vn -0.7660 -0.6428 -0.0042
vn -0.1736 0.9848 -0.0042
vn 0.5000 0.8660 -0.0042
vn -1.0000 0.0000 -0.0042
vn -0.9641 0.2656 0.0034
vn 0.0042 -0.4766 0.8791
vn 0.0083 -0.6274 0.7786
vn 0.0083 -0.8598 0.5106
vn 0.0042 -0.4775 -0.8786
usemtl None
s off
f 411/1/1 504/2/1 551/3/1
f 36/4/2 12/5/2 11/6/2
f 88/7/3 667/8/3 89/9/3
f 13/10/4 11/11/4 12/12/4
f 9/13/5 10/14/5 11/15/5
f 624/16/6 629/17/6 623/18/6
f 1/19/7 16/20/7 15/21/7
f 28/22/8 19/23/8 26/24/8
f 26/25/8 19/26/8 15/27/8
f 26/28/8 15/29/8 22/30/8
f 22/31/8 15/32/8 21/33/8
f 21/34/8 15/35/8 20/36/8
f 20/37/8 15/38/8 16/39/8
f 22/40/8 23/41/8 26/42/8
f 734/43/9 732/44/9 731/45/9
f 26/46/8 27/47/8 28/48/8
f 433/49/10 193/50/10 313/51/10
f 29/52/8 30/53/8 33/54/8
f 33/55/11 30/56/11 31/57/11
f 33/58/12 31/59/12 32/60/12
f 546/61/13 282/62/13 280/63/13
f 40/64/2 38/65/2 39/66/2
f 978/67/14 281/68/14 955/69/14
f 1001/70/15 194/71/15 743/72/15
f 102/73/16 694/74/16 103/75/16
f 550/76/17 1058/77/17 1059/78/17
f 757/79/18 759/80/18 756/81/18
f 755/82/19 786/83/19 756/84/19
f 18/85/8 29/86/8 17/87/8
f 44/88/20 41/89/20 43/90/20
f 356/91/21 553/92/21 561/93/21
f 51/94/22 6/95/22 5/96/22
f 5/97/22 1014/98/22 1021/99/22
f 16/100/23 1012/101/23 576/102/23
f 49/103/24 17/104/24 48/105/24
f 48/106/24 17/107/24 47/108/24
f 47/109/24 17/110/24 46/111/24
f 366/112/25 378/113/25 379/114/25
f 86/115/26 43/116/26 83/117/26
f 83/118/26 43/119/26 41/120/26
f 83/121/26 41/122/26 82/123/26
f 82/124/26 41/125/26 81/126/26
f 81/127/26 41/128/26 80/129/26
f 80/130/26 41/131/26 79/132/26
f 79/133/26 41/134/26 78/135/26
f 78/136/26 41/137/26 40/138/26
f 78/139/26 40/140/26 69/141/26
f 69/142/26 40/143/26 68/144/26
f 68/145/26 40/146/26 67/147/26
f 1046/148/26 40/149/26 1033/150/26
f 35/151/27 1033/152/27 1034/153/27
f 1054/154/28 35/155/28 1034/156/28
f 66/157/26 34/158/26 65/159/26
f 65/160/26 34/161/26 64/162/26
f 64/163/26 34/164/26 63/165/26
f 63/166/26 34/167/26 33/168/26
f 63/169/26 33/170/26 62/171/26
f 62/172/26 33/173/26 56/174/26
f 62/175/26 56/176/26 61/177/26
f 61/178/26 56/179/26 60/180/26
f 60/181/26 56/182/26 57/183/26
f 60/184/26 57/185/26 59/186/26
f 59/187/26 57/188/26 58/189/26
f 33/190/26 53/191/26 56/192/26
f 56/193/29 53/194/29 55/195/29
f 55/196/30 53/197/30 54/198/30
f 69/199/26 70/200/26 78/201/26
f 78/202/26 70/203/26 71/204/26
f 78/205/26 71/206/26 77/207/26
f 77/208/26 71/209/26 72/210/26
f 77/211/26 72/212/26 73/213/26
f 73/214/26 74/215/26 77/216/26
f 77/217/26 74/218/26 76/219/26
f 76/220/26 74/221/26 75/222/26
f 83/223/29 84/224/29 86/225/29
f 86/226/30 84/227/30 85/228/30
f 22/229/31 104/230/31 23/231/31
f 437/232/10 195/233/10 436/234/10
f 364/235/10 278/236/10 277/237/10
f 92/238/32 44/239/32 91/240/32
f 547/241/33 564/242/33 548/243/33
f 90/244/34 43/245/34 86/246/34
f 688/247/35 44/248/35 92/249/35
f 99/250/36 2/251/36 1/252/36
f 1019/253/37 1007/254/37 98/255/37
f 174/256/38 75/257/38 173/258/38
f 97/259/36 15/260/36 96/261/36
f 96/262/36 15/263/36 95/264/36
f 95/265/36 15/266/36 94/267/36
f 43/268/39 91/269/39 44/270/39
f 20/271/40 135/272/40 21/273/40
f 21/274/41 136/275/41 22/276/41
f 28/277/42 102/278/42 103/279/42
f 13/280/43 12/281/43 133/282/43
f 133/283/43 12/284/43 132/285/43
f 132/286/43 12/287/43 131/288/43
f 131/289/43 12/290/43 130/291/43
f 130/292/43 12/293/43 128/294/43
f 130/295/43 128/296/43 129/297/43
f 12/298/43 37/299/43 128/300/43
f 128/301/43 37/302/43 118/303/43
f 128/304/43 118/305/43 119/306/43
f 37/307/43 116/308/43 117/309/43
f 37/310/43 117/311/43 118/312/43
f 25/313/27 1052/314/27 1055/315/27
f 115/316/43 24/317/43 114/318/43
f 114/319/43 24/320/43 113/321/43
f 113/322/43 24/323/43 112/324/43
f 112/325/43 24/326/43 23/327/43
f 112/328/43 23/329/43 111/330/43
f 111/331/43 23/332/43 110/333/43
f 110/334/43 23/335/43 104/336/43
f 110/337/43 104/338/43 109/339/43
f 109/340/43 104/341/43 108/342/43
f 108/343/43 104/344/43 105/345/43
f 108/346/43 105/347/43 107/348/43
f 107/349/43 105/350/43 106/351/43
f 119/352/43 120/353/43 128/354/43
f 128/355/43 120/356/43 121/357/43
f 128/358/43 121/359/43 127/360/43
f 127/361/43 121/362/43 122/363/43
f 127/364/43 122/365/43 123/366/43
f 123/367/43 124/368/43 127/369/43
f 127/370/43 124/371/43 126/372/43
f 126/373/43 124/374/43 125/375/43
f 27/376/44 101/377/44 102/378/44
f 472/379/45 778/380/45 473/381/45
f 31/382/46 89/383/46 32/384/46
f 14/385/41 13/386/41 137/387/41
f 137/388/41 13/389/41 133/390/41
f 153/391/47 138/392/47 147/393/47
f 147/394/47 138/395/47 139/396/47
f 147/397/47 139/398/47 146/399/47
f 146/400/47 139/401/47 140/402/47
f 146/403/47 140/404/47 145/405/47
f 825/406/48 794/407/48 793/408/48
f 149/409/47 151/410/47 152/411/47
f 147/412/47 148/413/47 153/414/47
f 144/415/47 140/416/47 141/417/47
f 975/418/49 313/419/49 979/420/49
f 142/421/50 141/422/50 174/423/50
f 174/424/51 141/425/51 157/426/51
f 67/427/52 162/428/52 163/429/52
f 159/430/53 152/431/53 158/432/53
f 156/433/54 140/434/54 155/435/54
f 155/436/55 140/437/55 139/438/55
f 155/439/56 139/440/56 154/441/56
f 67/442/57 165/443/57 68/444/57
f 75/445/2 172/446/2 173/447/2
f 68/448/58 166/449/58 69/450/58
f 69/451/59 167/452/59 70/453/59
f 224/454/60 63/455/60 62/456/60
f 224/457/61 61/458/61 223/459/61
f 225/460/62 64/461/62 63/462/62
f 226/463/63 65/464/63 64/465/63
f 227/466/64 66/467/64 65/468/64
f 164/469/65 67/470/65 163/471/65
f 619/472/66 639/473/66 638/474/66
f 162/475/67 158/476/67 152/477/67
f 218/478/68 181/479/68 217/480/68
f 153/481/69 159/482/69 160/483/69
f 161/484/70 138/485/70 160/486/70
f 160/487/71 138/488/71 153/489/71
f 152/490/72 151/491/72 162/492/72
f 445/493/73 429/494/73 428/495/73
f 57/496/74 175/497/74 58/498/74
f 681/499/75 680/500/75 679/501/75
f 181/502/76 177/503/76 180/504/76
f 558/505/77 623/506/77 622/507/77
f 1053/508/78 67/509/78 1046/510/78
f 444/511/79 700/512/79 445/513/79
f 1035/514/80 186/515/80 187/516/80
f 2/517/4 14/518/4 3/519/4
f 187/520/81 1036/521/81 1035/522/81
f 1037/523/82 185/524/82 186/525/82
f 1029/526/83 185/527/83 1048/528/83
f 918/529/84 685/530/84 873/531/84
f 959/532/49 139/533/49 138/534/49
f 946/535/85 493/536/85 1000/537/85
f 722/538/86 726/539/86 721/540/86
f 712/541/87 708/542/87 709/543/87
f 721/544/88 1062/545/88 1061/546/88
f 727/547/89 1005/548/89 728/549/89
f 755/550/90 78/551/90 77/552/90
f 887/553/91 492/554/91 1000/555/91
f 972/556/92 199/557/92 200/558/92
f 889/559/93 202/560/93 203/561/93
f 744/562/94 201/563/94 202/564/94
f 966/565/95 198/566/95 199/567/95
f 648/568/96 827/569/96 806/570/96
f 940/571/97 205/572/97 206/573/97
f 988/574/98 200/575/98 201/576/98
f 921/577/99 204/578/99 205/579/99
f 904/580/100 203/581/100 204/582/100
f 179/583/101 216/584/101 180/585/101
f 180/586/71 216/587/71 217/588/71
f 180/589/102 217/590/102 181/591/102
f 186/592/103 232/593/103 233/594/103
f 182/595/104 218/596/104 220/597/104
f 220/598/72 218/599/72 219/600/72
f 182/601/105 220/602/105 175/603/105
f 358/604/106 371/605/106 359/606/106
f 175/607/107 220/608/107 58/609/107
f 58/610/108 220/611/108 219/612/108
f 828/613/109 866/614/109 829/615/109
f 605/616/110 600/617/110 606/618/110
f 866/619/111 830/620/111 829/621/111
f 734/622/112 730/623/112 733/624/112
f 70/625/113 168/626/113 71/627/113
f 223/628/114 60/629/114 222/630/114
f 222/631/115 59/632/115 221/633/115
f 221/634/116 58/635/116 219/636/116
f 66/637/117 228/638/117 229/639/117
f 217/640/47 239/641/47 218/642/47
f 229/643/118 183/644/118 66/645/118
f 231/646/50 232/647/50 230/648/50
f 230/649/119 232/650/119 185/651/119
f 230/652/120 185/653/120 184/654/120
f 750/655/121 781/656/121 764/657/121
f 186/658/122 233/659/122 187/660/122
f 187/661/55 233/662/55 234/663/55
f 187/664/56 234/665/56 188/666/56
f 172/667/47 171/668/47 235/669/47
f 649/670/123 818/671/123 650/672/123
f 238/673/47 170/674/47 166/675/47
f 166/676/47 170/677/47 167/678/47
f 167/679/47 170/680/47 169/681/47
f 167/682/47 169/683/47 168/684/47
f 238/685/47 166/686/47 237/687/47
f 170/688/47 235/689/47 171/690/47
f 236/691/47 165/692/47 164/693/47
f 206/694/47 239/695/47 198/696/47
f 198/697/47 239/698/47 199/699/47
f 157/700/124 76/701/124 75/702/124
f 360/703/125 373/704/125 361/705/125
f 206/706/47 225/707/47 224/708/47
f 226/709/47 205/710/47 241/711/47
f 241/712/47 205/713/47 204/714/47
f 241/715/47 204/716/47 240/717/47
f 240/718/47 204/719/47 203/720/47
f 34/721/8 29/722/8 33/723/8
f 156/724/103 141/725/103 140/726/103
f 234/727/47 202/728/47 201/729/47
f 234/730/47 201/731/47 216/732/47
f 216/733/47 201/734/47 200/735/47
f 557/736/126 559/737/126 560/738/126
f 239/739/47 219/740/47 218/741/47
f 232/742/47 231/743/47 240/744/47
f 228/745/47 227/746/47 241/747/47
f 241/748/47 227/749/47 226/750/47
f 224/751/47 223/752/47 206/753/47
f 952/754/127 525/755/127 895/756/127
f 239/757/47 222/758/47 221/759/47
f 239/760/47 221/761/47 219/762/47
f 243/763/10 244/764/10 242/765/10
f 242/766/10 244/767/10 256/768/10
f 256/769/10 244/770/10 255/771/10
f 255/772/10 244/773/10 245/774/10
f 255/775/10 245/776/10 250/777/10
f 250/778/10 245/779/10 246/780/10
f 250/781/10 246/782/10 249/783/10
f 249/784/10 246/785/10 247/786/10
f 249/787/10 247/788/10 248/789/10
f 250/790/10 251/791/10 255/792/10
f 255/793/10 251/794/10 254/795/10
f 254/796/10 251/797/10 253/798/10
f 253/799/10 251/800/10 252/801/10
f 257/802/49 258/803/49 242/804/49
f 242/805/49 236/806/49 164/807/49
f 163/808/49 259/809/49 164/810/49
f 164/811/49 259/812/49 243/813/49
f 164/814/49 243/815/49 242/816/49
f 229/817/128 260/818/128 230/819/128
f 1047/820/129 162/821/129 1050/822/129
f 1047/823/130 1038/824/130 259/825/130
f 162/826/131 259/827/131 163/828/131
f 233/829/47 240/830/47 203/831/47
f 956/832/132 923/833/132 281/834/132
f 320/835/133 717/836/133 716/837/133
f 1049/838/49 161/839/49 1036/840/49
f 749/841/134 281/842/134 923/843/134
f 263/844/135 264/845/135 877/846/135
f 169/847/62 73/848/62 72/849/62
f 265/850/136 150/851/136 876/852/136
f 876/853/137 149/854/137 546/855/137
f 305/856/27 910/857/27 879/858/27
f 522/859/138 538/860/138 537/861/138
f 956/862/139 287/863/139 981/864/139
f 350/865/140 249/866/140 349/867/140
f 777/868/141 746/869/141 779/870/141
f 767/871/142 57/872/142 56/873/142
f 909/874/143 266/875/143 934/876/143
f 943/877/144 286/878/144 934/879/144
f 267/880/145 268/881/145 958/882/145
f 738/883/146 810/884/146 739/885/146
f 258/886/49 236/887/49 242/888/49
f 971/889/147 981/890/147 287/891/147
f 1032/892/49 959/893/49 1057/894/49
f 1022/895/27 967/896/27 1028/897/27
f 955/898/148 280/899/148 941/900/148
f 1065/901/2 532/902/2 874/903/2
f 903/904/149 648/905/149 920/906/149
f 938/907/150 191/908/150 965/909/150
f 289/910/10 290/911/10 288/912/10
f 288/913/10 290/914/10 302/915/10
f 302/916/10 290/917/10 301/918/10
f 301/919/10 290/920/10 291/921/10
f 301/922/10 291/923/10 296/924/10
f 296/925/10 291/926/10 292/927/10
f 296/928/10 292/929/10 295/930/10
f 295/931/10 292/932/10 293/933/10
f 295/934/10 293/935/10 294/936/10
f 296/937/10 297/938/10 301/939/10
f 301/940/10 297/941/10 300/942/10
f 300/943/10 297/944/10 299/945/10
f 299/946/10 297/947/10 298/948/10
f 220/949/49 303/950/49 219/951/49
f 219/952/49 303/953/49 289/954/49
f 219/955/151 289/956/151 288/957/151
f 288/958/49 239/959/49 219/960/49
f 1039/961/27 309/962/27 1031/963/27
f 922/964/152 286/965/152 279/966/152
f 325/967/27 896/968/27 983/969/27
f 304/970/27 151/971/27 150/972/27
f 304/973/27 150/974/27 265/975/27
f 748/976/27 219/977/27 239/978/27
f 154/979/49 139/980/49 321/981/49
f 660/982/153 663/983/153 665/984/153
f 320/985/49 318/986/49 319/987/49
f 878/988/150 285/989/150 875/990/150
f 976/991/154 193/992/154 1001/993/154
f 751/994/155 758/995/155 757/996/155
f 584/997/156 603/998/156 585/999/156
f 313/1000/49 311/1001/49 312/1002/49
f 965/1003/157 192/1004/157 976/1005/157
f 179/1006/49 178/1007/49 216/1008/49
f 1030/1009/27 230/1010/27 1050/1011/27
f 258/1012/47 257/1013/47 263/1014/47
f 263/1015/47 257/1016/47 322/1017/47
f 263/1018/47 322/1019/47 264/1020/47
f 264/1021/47 322/1022/47 323/1023/47
f 264/1024/47 323/1025/47 265/1026/47
f 265/1027/47 323/1028/47 304/1029/47
f 324/1030/47 269/1031/47 327/1032/47
f 327/1033/47 269/1034/47 268/1035/47
f 327/1036/47 268/1037/47 326/1038/47
f 326/1039/47 268/1040/47 267/1041/47
f 326/1042/47 267/1043/47 266/1044/47
f 266/1045/47 325/1046/47 326/1047/47
f 303/1048/158 328/1049/158 289/1050/158
f 125/1051/159 398/1052/159 399/1053/159
f 443/1054/160 311/1055/160 699/1056/160
f 850/1057/161 856/1058/161 851/1059/161
f 832/1060/162 868/1061/162 833/1062/162
f 880/1063/27 231/1064/27 994/1065/27
f 122/1066/163 395/1067/163 396/1068/163
f 123/1069/164 396/1070/164 397/1071/164
f 114/1072/165 454/1073/165 455/1074/165
f 328/1075/166 290/1076/166 289/1077/166
f 298/1078/167 261/1079/167 260/1080/167
f 229/1081/49 228/1082/49 260/1083/49
f 260/1084/49 228/1085/49 298/1086/49
f 298/1087/49 228/1088/49 299/1089/49
f 299/1090/49 228/1091/49 241/1092/49
f 748/1093/168 288/1094/168 881/1095/168
f 339/1096/169 881/1097/169 944/1098/169
f 511/1099/170 542/1100/170 477/1101/170
f 963/1102/171 432/1103/171 431/1104/171
f 912/1105/172 338/1106/172 925/1107/172
f 300/1108/173 945/1109/173 961/1110/173
f 882/1111/169 995/1112/169 341/1113/169
f 692/1114/174 739/1115/174 693/1116/174
f 241/1117/175 240/1118/175 299/1119/175
f 299/1120/176 240/1121/176 880/1122/176
f 299/1123/177 880/1124/177 945/1125/177
f 989/1126/177 337/1127/177 912/1128/177
f 259/1129/178 262/1130/178 243/1131/178
f 261/1132/179 297/1133/179 336/1134/179
f 827/1135/180 825/1136/180 807/1137/180
f 637/1138/181 636/1139/181 635/1140/181
f 334/1141/182 294/1142/182 333/1143/182
f 110/1144/183 452/1145/183 111/1146/183
f 346/1147/184 247/1148/184 246/1149/184
f 345/1150/185 246/1151/185 245/1152/185
f 344/1153/186 245/1154/186 244/1155/186
f 262/1156/187 244/1157/187 243/1158/187
f 252/1159/188 352/1160/188 353/1161/188
f 172/1162/49 235/1163/49 253/1164/49
f 253/1165/49 269/1166/49 324/1167/49
f 253/1168/49 252/1169/49 172/1170/49
f 172/1171/49 252/1172/49 353/1173/49
f 172/1174/49 353/1175/49 173/1176/49
f 173/1177/189 353/1178/189 174/1179/189
f 174/1180/190 353/1181/190 357/1182/190
f 357/1183/191 353/1184/191 356/1185/191
f 356/1186/192 353/1187/192 355/1188/192
f 390/1189/193 519/1190/193 125/1191/193
f 360/1192/10 275/1193/10 359/1194/10
f 314/1195/10 189/1196/10 442/1197/10
f 271/1198/10 318/1199/10 272/1200/10
f 272/1201/10 318/1202/10 317/1203/10
f 272/1204/10 317/1205/10 273/1206/10
f 273/1207/10 317/1208/10 274/1209/10
f 441/1210/10 189/1211/10 197/1212/10
f 275/1213/10 358/1214/10 359/1215/10
f 435/1216/10 194/1217/10 434/1218/10
f 276/1219/10 360/1220/10 361/1221/10
f 439/1222/10 197/1223/10 196/1224/10
f 278/1225/10 365/1226/10 366/1227/10
f 32/1228/34 53/1229/34 33/1230/34
f 277/1231/10 362/1232/10 363/1233/10
f 363/1234/10 364/1235/10 277/1236/10
f 319/1237/194 318/1238/194 382/1239/194
f 382/1240/195 318/1241/195 367/1242/195
f 382/1243/196 367/1244/196 381/1245/196
f 381/1246/197 367/1247/197 380/1248/197
f 792/1249/198 790/1250/198 791/1251/198
f 434/1252/199 427/1253/199 435/1254/199
f 712/1255/200 715/1256/200 720/1257/200
f 361/1258/201 374/1259/201 362/1260/201
f 376/1261/202 363/1262/202 375/1263/202
f 437/1264/203 424/1265/203 438/1266/203
f 770/1267/204 742/1268/204 776/1269/204
f 435/1270/125 426/1271/125 436/1272/125
f 842/1273/205 56/1274/205 843/1275/205
f 442/1276/206 389/1277/206 388/1278/206
f 370/1279/207 358/1280/207 369/1281/207
f 369/1282/208 358/1283/208 317/1284/208
f 369/1285/209 317/1286/209 368/1287/209
f 368/1288/101 317/1289/101 316/1290/101
f 155/1291/210 321/1292/210 472/1293/210
f 385/1294/211 382/1295/211 381/1296/211
f 156/1297/212 473/1298/212 157/1299/212
f 413/1300/213 622/1301/213 46/1302/213
f 1041/1303/214 386/1304/214 1045/1305/214
f 1045/1306/215 387/1307/215 1044/1308/215
f 388/1309/73 1043/1310/73 1042/1311/73
f 1044/1312/216 388/1313/216 1042/1314/216
f 368/1315/217 1040/1316/217 1041/1317/217
f 390/1318/218 125/1319/218 399/1320/218
f 106/1321/219 448/1322/219 107/1323/219
f 329/1324/220 291/1325/220 290/1326/220
f 108/1327/221 450/1328/221 109/1329/221
f 112/1330/163 452/1331/163 453/1332/163
f 332/1333/222 294/1334/222 293/1335/222
f 331/1336/223 293/1337/223 292/1338/223
f 330/1339/224 292/1340/224 291/1341/224
f 124/1342/165 397/1343/165 398/1344/165
f 306/1345/158 116/1346/158 307/1347/158
f 399/1348/47 398/1349/47 400/1350/47
f 400/1351/47 398/1352/47 403/1353/47
f 403/1354/47 398/1355/47 402/1356/47
f 402/1357/47 398/1358/47 397/1359/47
f 402/1360/47 397/1361/47 392/1362/47
f 392/1363/47 397/1364/47 393/1365/47
f 393/1366/47 397/1367/47 396/1368/47
f 393/1369/47 396/1370/47 394/1371/47
f 394/1372/47 396/1373/47 395/1374/47
f 392/1375/47 391/1376/47 402/1377/47
f 402/1378/47 391/1379/47 401/1380/47
f 401/1381/47 391/1382/47 305/1383/47
f 305/1384/47 391/1385/47 306/1386/47
f 174/1387/27 357/1388/27 142/1389/27
f 896/1390/27 982/1391/27 399/1392/27
f 739/1393/225 812/1394/225 740/1395/225
f 984/1396/27 399/1397/27 982/1398/27
f 399/1399/27 404/1400/27 390/1401/27
f 142/1402/27 325/1403/27 143/1404/27
f 143/1405/27 325/1406/27 266/1407/27
f 42/1408/28 405/1409/28 38/1410/28
f 38/1411/28 405/1412/28 406/1413/28
f 38/1414/28 406/1415/28 407/1416/28
f 42/1417/28 52/1418/28 405/1419/28
f 407/1420/28 408/1421/28 38/1422/28
f 38/1423/28 408/1424/28 410/1425/28
f 38/1426/28 410/1427/28 39/1428/28
f 39/1429/28 410/1430/28 345/1431/28
f 39/1432/28 345/1433/28 344/1434/28
f 408/1435/28 409/1436/28 410/1437/28
f 411/1438/28 348/1439/28 410/1440/28
f 410/1441/28 348/1442/28 347/1443/28
f 410/1444/28 347/1445/28 346/1446/28
f 354/1447/28 351/1448/28 411/1449/28
f 411/1450/28 351/1451/28 350/1452/28
f 411/1453/28 350/1454/28 349/1455/28
f 354/1456/28 352/1457/28 351/1458/28
f 349/1459/28 348/1460/28 411/1461/28
f 346/1462/28 345/1463/28 410/1464/28
f 344/1465/28 262/1466/28 39/1467/28
f 35/1468/28 261/1469/28 336/1470/28
f 35/1471/28 336/1472/28 335/1473/28
f 335/1474/28 334/1475/28 35/1476/28
f 35/1477/28 334/1478/28 29/1479/28
f 29/1480/28 334/1481/28 333/1482/28
f 29/1483/28 333/1484/28 332/1485/28
f 29/1486/28 332/1487/28 413/1488/28
f 413/1489/28 332/1490/28 331/1491/28
f 413/1492/28 331/1493/28 330/1494/28
f 413/1495/28 330/1496/28 412/1497/28
f 412/1498/28 330/1499/28 329/1500/28
f 412/1501/28 329/1502/28 328/1503/28
f 413/1504/28 45/1505/28 29/1506/28
f 10/1507/226 414/1508/226 11/1509/226
f 11/1510/226 414/1511/226 415/1512/226
f 11/1513/226 415/1514/226 416/1515/226
f 416/1516/226 417/1517/226 11/1518/226
f 11/1519/226 417/1520/226 419/1521/226
f 11/1522/226 419/1523/226 36/1524/226
f 36/1525/226 419/1526/226 373/1527/226
f 36/1528/226 373/1529/226 372/1530/226
f 417/1531/226 418/1532/226 419/1533/226
f 420/1534/226 375/1535/226 419/1536/226
f 419/1537/226 375/1538/226 374/1539/226
f 419/1540/226 374/1541/226 373/1542/226
f 383/1543/226 378/1544/226 420/1545/226
f 420/1546/226 378/1547/226 377/1548/226
f 420/1549/226 377/1550/226 376/1551/226
f 383/1552/226 379/1553/226 378/1554/226
f 376/1555/226 375/1556/226 420/1557/226
f 372/1558/226 371/1559/226 36/1560/226
f 25/1561/226 389/1562/226 421/1563/226
f 25/1564/226 421/1565/226 422/1566/226
f 422/1567/226 423/1568/226 25/1569/226
f 25/1570/226 423/1571/226 26/1572/226
f 26/1573/226 423/1574/226 424/1575/226
f 26/1576/226 424/1577/226 101/1578/226
f 101/1579/226 424/1580/226 425/1581/226
f 101/1582/226 425/1583/226 426/1584/226
f 101/1585/226 426/1586/226 429/1587/226
f 429/1588/226 426/1589/226 427/1590/226
f 429/1591/226 427/1592/226 428/1593/226
f 1054/1594/227 259/1595/227 1038/1596/227
f 871/1597/228 964/1598/228 324/1599/228
f 324/1600/229 964/1601/229 962/1602/229
f 962/1603/230 430/1604/230 985/1605/230
f 985/1606/230 430/1607/230 997/1608/230
f 963/1609/231 430/1610/231 970/1611/231
f 872/1612/232 254/1613/232 997/1614/232
f 884/1615/233 432/1616/233 927/1617/233
f 927/1618/234 906/1619/234 257/1620/234
f 906/1621/235 917/1622/235 322/1623/235
f 917/1624/236 947/1625/236 323/1626/236
f 947/1627/237 888/1628/237 304/1629/237
f 304/1630/238 888/1631/238 883/1632/238
f 883/1633/239 305/1634/239 879/1635/239
f 996/1636/240 400/1637/240 871/1638/240
f 326/1639/241 325/1640/241 983/1641/241
f 926/1642/177 970/1643/177 430/1644/177
f 347/1645/222 248/1646/222 247/1647/222
f 872/1648/242 256/1649/242 255/1650/242
f 366/1651/10 270/1652/10 278/1653/10
f 177/1654/243 774/1655/243 773/1656/243
f 190/1657/10 314/1658/10 191/1659/10
f 191/1660/10 314/1661/10 313/1662/10
f 191/1663/10 313/1664/10 192/1665/10
f 192/1666/10 313/1667/10 193/1668/10
f 358/1669/10 274/1670/10 317/1671/10
f 194/1672/10 433/1673/10 434/1674/10
f 30/1675/32 88/1676/32 31/1677/32
f 195/1678/10 435/1679/10 436/1680/10
f 19/1681/244 103/1682/244 93/1683/244
f 197/1684/10 440/1685/10 441/1686/10
f 362/1687/10 276/1688/10 361/1689/10
f 196/1690/10 437/1691/10 438/1692/10
f 438/1693/10 439/1694/10 196/1695/10
f 315/1696/56 314/1697/56 386/1698/56
f 386/1699/195 314/1700/195 442/1701/195
f 386/1702/245 442/1703/245 387/1704/245
f 387/1705/197 442/1706/197 388/1707/197
f 433/1708/106 428/1709/106 434/1710/106
f 359/1711/199 372/1712/199 360/1713/199
f 365/1714/246 377/1715/246 378/1716/246
f 364/1717/247 376/1718/247 377/1719/247
f 423/1720/202 438/1721/202 424/1722/202
f 225/1723/47 205/1724/47 226/1725/47
f 439/1726/247 423/1727/247 422/1728/247
f 440/1729/246 422/1730/246 421/1731/246
f 441/1732/25 421/1733/25 389/1734/25
f 367/1735/206 379/1736/206 380/1737/206
f 445/1738/207 433/1739/207 444/1740/207
f 444/1741/208 433/1742/208 313/1743/208
f 444/1744/209 313/1745/209 443/1746/209
f 443/1747/101 313/1748/101 312/1749/101
f 308/1750/248 115/1751/248 309/1752/248
f 116/1753/219 391/1754/219 117/1755/219
f 107/1756/249 449/1757/249 108/1758/249
f 118/1759/221 393/1760/221 119/1761/221
f 109/1762/250 451/1763/250 110/1764/250
f 120/1765/183 395/1766/183 121/1767/183
f 119/1768/250 394/1769/250 120/1770/250
f 113/1771/164 453/1772/164 454/1773/164
f 117/1774/249 392/1775/249 118/1776/249
f 115/1777/159 455/1778/159 309/1779/159
f 447/1780/251 106/1781/251 446/1782/251
f 309/1783/47 455/1784/47 310/1785/47
f 310/1786/47 455/1787/47 337/1788/47
f 337/1789/47 455/1790/47 338/1791/47
f 338/1792/47 455/1793/47 454/1794/47
f 338/1795/47 454/1796/47 449/1797/47
f 449/1798/47 454/1799/47 450/1800/47
f 450/1801/47 454/1802/47 453/1803/47
f 450/1804/47 453/1805/47 451/1806/47
f 451/1807/47 453/1808/47 452/1809/47
f 449/1810/47 448/1811/47 338/1812/47
f 338/1813/47 448/1814/47 339/1815/47
f 339/1816/47 448/1817/47 340/1818/47
f 340/1819/47 448/1820/47 447/1821/47
f 168/1822/60 72/1823/60 71/1824/60
f 892/1825/27 447/1826/27 914/1827/27
f 447/1828/27 929/1829/27 914/1830/27
f 929/1831/27 456/1832/27 928/1833/27
f 928/1834/27 462/1835/27 885/1836/27
f 942/1837/252 279/1838/252 285/1839/252
f 447/1840/27 446/1841/27 456/1842/27
f 456/1843/27 457/1844/27 462/1845/27
f 462/1846/27 457/1847/27 458/1848/27
f 462/1849/27 458/1850/27 459/1851/27
f 459/1852/27 460/1853/27 462/1854/27
f 462/1855/27 460/1856/27 461/1857/27
f 466/1858/27 467/1859/27 465/1860/27
f 465/1861/27 467/1862/27 468/1863/27
f 465/1864/27 468/1865/27 469/1866/27
f 469/1867/27 470/1868/27 465/1869/27
f 465/1870/27 470/1871/27 471/1872/27
f 471/1873/27 220/1874/27 219/1875/27
f 380/1876/253 383/1877/253 384/1878/253
f 532/1879/254 535/1880/254 534/1881/254
f 472/1882/255 156/1883/255 155/1884/255
f 647/1885/256 464/1886/256 485/1887/256
f 815/1888/257 811/1889/257 810/1890/257
f 446/1891/258 475/1892/258 456/1893/258
f 106/1894/259 105/1895/259 474/1896/259
f 476/1897/260 463/1898/260 479/1899/260
f 939/1900/261 206/1901/261 198/1902/261
f 463/1903/260 462/1904/260 477/1905/260
f 303/1906/262 220/1907/262 471/1908/262
f 303/1909/263 471/1910/263 480/1911/263
f 474/1912/264 446/1913/264 106/1914/264
f 328/1915/265 481/1916/265 412/1917/265
f 456/1918/266 515/1919/266 457/1920/266
f 471/1921/267 412/1922/267 480/1923/267
f 480/1924/268 412/1925/268 481/1926/268
f 457/1927/269 514/1928/269 458/1929/269
f 482/1930/270 469/1931/270 468/1932/270
f 797/1933/271 802/1934/271 798/1935/271
f 886/1936/272 487/1937/272 916/1938/272
f 487/1939/15 488/1940/15 931/1941/15
f 931/1942/15 488/1943/15 930/1944/15
f 488/1945/15 948/1946/15 930/1947/15
f 643/1948/273 614/1949/273 613/1950/273
f 7/1951/49 5/1952/49 6/1953/49
f 93/1954/274 740/1955/274 94/1956/274
f 902/1957/275 796/1958/275 967/1959/275
f 617/1960/276 621/1961/276 616/1962/276
f 128/1963/2 500/1964/2 129/1965/2
f 129/1966/2 500/1967/2 501/1968/2
f 129/1969/2 501/1970/2 502/1971/2
f 1060/1972/2 1058/1973/2 950/1974/2
f 1058/1975/2 946/1976/2 950/1977/2
f 409/1978/2 1058/1979/2 503/1980/2
f 409/1981/2 503/1982/2 504/1983/2
f 504/1984/2 410/1985/2 409/1986/2
f 507/1987/277 408/1988/277 508/1989/277
f 508/1990/278 408/1991/278 407/1992/278
f 508/1993/279 407/1994/279 406/1995/279
f 508/1996/280 406/1997/280 509/1998/280
f 509/1999/281 406/2000/281 405/2001/281
f 509/2002/282 405/2003/282 51/2004/282
f 51/2005/283 405/2006/283 52/2007/283
f 51/2008/284 505/2009/284 509/2010/284
f 762/2011/285 766/2012/285 761/2013/285
f 508/2014/277 506/2015/277 507/2016/277
f 470/2017/286 482/2018/286 483/2019/286
f 510/2020/287 136/2021/287 135/2022/287
f 135/2023/288 134/2024/288 510/2025/288
f 87/2026/35 18/2027/35 843/2028/35
f 512/2029/289 511/2030/289 477/2031/289
f 477/2032/290 462/2033/290 516/2034/290
f 516/2035/291 462/2036/291 461/2037/291
f 1051/2038/292 307/2039/292 116/2040/292
f 517/2041/293 460/2042/293 459/2043/293
f 517/2044/294 459/2045/294 514/2046/294
f 517/2047/295 514/2048/295 104/2049/295
f 104/2050/296 514/2051/296 515/2052/296
f 104/2053/297 515/2054/297 105/2055/297
f 104/2056/298 513/2057/298 517/2058/298
f 552/2059/299 547/2060/299 545/2061/299
f 516/2062/290 512/2063/290 477/2064/290
f 126/2065/259 125/2066/259 519/2067/259
f 913/2068/2 476/2069/2 999/2070/2
f 518/2071/258 390/2072/258 404/2073/258
f 459/2074/300 458/2075/300 514/2076/300
f 681/2077/301 671/2078/301 672/2079/301
f 8/2080/7 17/2081/7 5/2082/7
f 105/2083/302 456/2084/302 475/2085/302
f 105/2086/303 475/2087/303 474/2088/303
f 492/2089/304 497/2090/304 496/2091/304
f 506/2092/305 509/2093/305 505/2094/305
f 696/2095/306 101/2096/306 429/2097/306
f 420/2098/307 730/2099/307 707/2100/307
f 527/2101/308 529/2102/308 526/2103/308
f 511/2104/309 513/2105/309 510/2106/309
f 561/2107/310 552/2108/310 562/2109/310
f 490/2110/311 562/2111/311 491/2112/311
f 489/2113/312 528/2114/312 404/2115/312
f 404/2116/313 528/2117/313 518/2118/313
f 625/2119/314 632/2120/314 629/2121/314
f 519/2122/315 523/2123/315 126/2124/315
f 485/2125/316 999/2126/316 915/2127/316
f 551/2128/317 503/2129/317 550/2130/317
f 313/2131/49 911/2132/49 979/2133/49
f 1059/2134/318 565/2135/318 550/2136/318
f 840/2137/319 768/2138/319 841/2139/319
f 411/2140/320 563/2141/320 554/2142/320
f 554/2143/321 564/2144/321 555/2145/321
f 753/2146/322 785/2147/322 784/2148/322
f 538/2149/323 533/2150/323 536/2151/323
f 564/2152/324 565/2153/324 566/2154/324
f 535/2155/325 536/2156/325 534/2157/325
f 533/2158/326 534/2159/326 536/2160/326
f 510/2161/327 541/2162/327 511/2163/327
f 694/2164/328 739/2165/328 740/2166/328
f 585/2167/329 588/2168/329 584/2169/329
f 898/2170/330 580/2171/330 567/2172/330
f 279/2173/331 875/2174/331 285/2175/331
f 894/2176/332 545/2177/332 895/2178/332
f 716/2179/333 951/2180/333 933/2181/333
f 951/2182/334 745/2183/334 746/2184/334
f 320/2185/335 933/2186/335 897/2187/335
f 894/2188/336 526/2189/336 893/2190/336
f 893/2191/337 487/2192/337 886/2193/337
f 891/2194/338 745/2195/338 901/2196/338
f 723/2197/339 725/2198/339 722/2199/339
f 581/2200/340 899/2201/340 579/2202/340
f 935/2203/331 190/2204/331 938/2205/331
f 76/2206/341 766/2207/341 77/2208/341
f 834/2209/342 838/2210/342 839/2211/342
f 698/2212/343 690/2213/343 697/2214/343
f 482/2215/344 468/2216/344 559/2217/344
f 559/2218/345 468/2219/345 467/2220/345
f 517/2221/346 461/2222/346 460/2223/346
f 560/2224/347 466/2225/347 556/2226/347
f 556/2227/348 466/2228/348 465/2229/348
f 556/2230/349 557/2231/349 560/2232/349
f 171/2233/350 75/2234/350 74/2235/350
f 559/2236/351 558/2237/351 482/2238/351
f 199/2239/47 216/2240/47 200/2241/47
f 483/2242/352 413/2243/352 412/2244/352
f 488/2245/353 526/2246/353 529/2247/353
f 543/2248/354 562/2249/354 544/2250/354
f 524/2251/355 527/2252/355 525/2253/355
f 682/2254/356 678/2255/356 677/2256/356
f 127/2257/357 537/2258/357 530/2259/357
f 523/2260/358 518/2261/358 528/2262/358
f 553/2263/359 355/2264/359 354/2265/359
f 490/2266/360 357/2267/360 561/2268/360
f 561/2269/361 357/2270/361 356/2271/361
f 520/2272/362 538/2273/362 521/2274/362
f 239/2275/47 223/2276/47 222/2277/47
f 645/2278/363 615/2279/363 614/2280/363
f 530/2281/364 535/2282/364 531/2283/364
f 984/2284/15 490/2285/15 948/2286/15
f 565/2287/365 549/2288/365 566/2289/365
f 913/2290/27 465/2291/27 885/2292/27
f 549/2293/366 548/2294/366 566/2295/366
f 566/2296/367 548/2297/367 564/2298/367
f 131/2299/368 130/2300/368 571/2301/368
f 571/2302/369 130/2303/369 567/2304/369
f 571/2305/369 567/2306/369 568/2307/369
f 583/2308/370 588/2309/370 589/2310/370
f 572/2311/371 569/2312/371 570/2313/371
f 570/2314/371 137/2315/371 572/2316/371
f 572/2317/372 137/2318/372 133/2319/372
f 572/2320/373 133/2321/373 132/2322/373
f 572/2323/374 132/2324/374 571/2325/374
f 571/2326/375 132/2327/375 131/2328/375
f 1016/2329/376 574/2330/376 1015/2331/376
f 1015/2332/377 575/2333/377 1008/2334/377
f 1009/2335/378 577/2336/378 1008/2337/378
f 592/2338/379 605/2339/379 604/2340/379
f 489/2341/380 529/2342/380 528/2343/380
f 580/2344/381 568/2345/381 567/2346/381
f 578/2347/382 577/2348/382 582/2349/382
f 873/2350/383 499/2351/383 949/2352/383
f 582/2353/384 569/2354/384 568/2355/384
f 499/2356/385 493/2357/385 498/2358/385
f 618/2359/386 620/2360/386 617/2361/386
f 804/2362/387 98/2363/387 97/2364/387
f 841/2365/388 767/2366/388 842/2367/388
f 778/2368/389 76/2369/389 473/2370/389
f 636/2371/390 634/2372/390 633/2373/390
f 633/2374/391 631/2375/391 630/2376/391
f 599/2377/392 596/2378/392 590/2379/392
f 599/2380/393 590/2381/393 595/2382/393
f 595/2383/394 590/2384/394 591/2385/394
f 595/2386/395 591/2387/395 602/2388/395
f 602/2389/396 591/2390/396 586/2391/396
f 17/2392/24 50/2393/24 1014/2394/24
f 623/2395/397 630/2396/397 622/2397/397
f 622/2398/398 631/2399/398 46/2400/398
f 596/2401/399 539/2402/399 590/2403/399
f 620/2404/400 638/2405/400 637/2406/400
f 176/2407/401 181/2408/401 182/2409/401
f 627/2410/402 635/2411/402 626/2412/402
f 605/2413/403 593/2414/403 601/2415/403
f 635/2416/404 633/2417/404 632/2418/404
f 652/2419/405 738/2420/405 646/2421/405
f 651/2422/406 809/2423/406 652/2424/406
f 335/2425/140 295/2426/140 334/2427/140
f 589/2428/407 588/2429/407 608/2430/407
f 838/2431/408 858/2432/408 857/2433/408
f 640/2434/409 611/2435/409 644/2436/409
f 588/2437/410 587/2438/410 609/2439/410
f 642/2440/411 618/2441/411 645/2442/411
f 609/2443/412 575/2444/412 574/2445/412
f 998/2446/413 580/2447/413 960/2448/413
f 496/2449/85 567/2450/85 130/2451/85
f 496/2452/85 130/2453/85 492/2454/85
f 492/2455/85 130/2456/85 129/2457/85
f 986/2458/383 494/2459/383 684/2460/383
f 1061/2461/414 1004/2462/414 727/2463/414
f 493/2464/85 409/2465/85 408/2466/85
f 493/2467/85 408/2468/85 498/2469/85
f 498/2470/85 408/2471/85 507/2472/85
f 18/2473/35 1023/2474/35 834/2475/35
f 898/2476/85 496/2477/85 932/2478/85
f 905/2479/415 197/2480/415 936/2481/415
f 953/2482/416 614/2483/416 968/2484/416
f 614/2485/417 987/2486/417 968/2487/417
f 969/2488/418 608/2489/418 987/2490/418
f 974/2491/419 341/2492/419 995/2493/419
f 974/2494/231 300/2495/231 961/2496/231
f 690/2497/420 696/2498/420 697/2499/420
f 47/2500/421 46/2501/421 631/2502/421
f 99/2503/36 9/2504/36 2/2505/36
f 528/2506/422 524/2507/422 523/2508/422
f 101/2509/423 695/2510/423 102/2511/423
f 601/2512/424 594/2513/424 598/2514/424
f 632/2515/425 626/2516/425 635/2517/425
f 587/2518/426 575/2519/426 609/2520/426
f 583/2521/427 604/2522/427 584/2523/427
f 541/2524/428 597/2525/428 598/2526/428
f 585/2527/429 602/2528/429 586/2529/429
f 639/2530/430 49/2531/430 48/2532/430
f 639/2533/431 48/2534/431 628/2535/431
f 628/2536/432 48/2537/432 47/2538/432
f 628/2539/433 47/2540/433 634/2541/433
f 634/2542/434 47/2543/434 631/2544/434
f 658/2545/435 856/2546/435 860/2547/435
f 597/2548/436 601/2549/436 598/2550/436
f 483/2551/437 558/2552/437 413/2553/437
f 604/2554/438 606/2555/438 603/2556/438
f 599/2557/439 606/2558/439 600/2559/439
f 595/2560/440 603/2561/440 606/2562/440
f 1020/2563/441 643/2564/441 1017/2565/441
f 612/2566/442 1017/2567/442 1013/2568/442
f 641/2569/443 1021/2570/443 1020/2571/443
f 507/2572/444 506/2573/444 610/2574/444
f 582/2575/445 580/2576/445 581/2577/445
f 578/2578/446 581/2579/446 579/2580/446
f 506/2581/447 505/2582/447 644/2583/447
f 577/2584/448 569/2585/448 582/2586/448
f 644/2587/449 641/2588/449 640/2589/449
f 574/2590/450 607/2591/450 609/2592/450
f 609/2593/451 608/2594/451 588/2595/451
f 615/2596/452 617/2597/452 616/2598/452
f 643/2599/453 642/2600/453 645/2601/453
f 318/2602/49 897/2603/49 980/2604/49
f 645/2605/454 618/2606/454 617/2607/454
f 45/2608/455 413/2609/455 46/2610/455
f 104/2611/456 510/2612/456 513/2613/456
f 817/2614/457 813/2615/457 812/2616/457
f 977/2617/458 284/2618/458 283/2619/458
f 51/2620/22 42/2621/22 6/2622/22
f 3/2623/459 570/2624/459 4/2625/459
f 1009/2626/459 576/2627/459 1012/2628/459
f 540/2629/460 596/2630/460 597/2631/460
f 16/2632/23 586/2633/23 591/2634/23
f 16/2635/23 591/2636/23 590/2637/23
f 362/2638/203 375/2639/203 363/2640/203
f 20/2641/459 539/2642/459 134/2643/459
f 647/2644/461 624/2645/461 556/2646/461
f 484/2647/256 485/2648/256 464/2649/256
f 478/2650/260 463/2651/260 477/2652/260
f 464/2653/256 556/2654/256 465/2655/256
f 478/2656/462 738/2657/462 692/2658/462
f 624/2659/463 656/2660/463 625/2661/463
f 42/2662/4 7/2663/4 6/2664/4
f 732/2665/464 708/2666/464 731/2667/464
f 149/2668/47 153/2669/47 148/2670/47
f 890/2671/14 196/2672/14 905/2673/14
f 835/2674/465 837/2675/465 838/2676/465
f 583/2677/466 650/2678/466 592/2679/466
f 652/2680/467 542/2681/467 594/2682/467
f 651/2683/468 594/2684/468 593/2685/468
f 625/2686/469 657/2687/469 626/2688/469
f 708/2689/470 714/2690/470 707/2691/470
f 54/2692/471 53/2693/471 667/2694/471
f 667/2695/472 53/2696/472 89/2697/472
f 690/2698/473 692/2699/473 693/2700/473
f 87/2701/474 659/2702/474 88/2703/474
f 88/2704/475 659/2705/475 665/2706/475
f 88/2707/476 665/2708/476 666/2709/476
f 666/2710/477 665/2711/477 663/2712/477
f 666/2713/478 663/2714/478 664/2715/478
f 659/2716/479 660/2717/479 665/2718/479
f 505/2719/480 641/2720/480 644/2721/480
f 663/2722/481 661/2723/481 662/2724/481
f 666/2725/482 664/2726/482 667/2727/482
f 667/2728/483 664/2729/483 54/2730/483
f 92/2731/484 91/2732/484 674/2733/484
f 674/2734/485 91/2735/485 678/2736/485
f 674/2737/486 678/2738/486 673/2739/486
f 673/2740/487 678/2741/487 681/2742/487
f 673/2743/488 681/2744/488 672/2745/488
f 91/2746/489 676/2747/489 677/2748/489
f 804/2749/490 822/2750/490 821/2751/490
f 669/2752/491 679/2753/491 680/2754/491
f 669/2755/492 680/2756/492 668/2757/492
f 17/2758/24 45/2759/24 46/2760/24
f 675/2761/493 682/2762/493 676/2763/493
f 675/2764/494 676/2765/494 85/2766/494
f 85/2767/495 676/2768/495 86/2769/495
f 86/2770/496 676/2771/496 90/2772/496
f 91/2773/497 677/2774/497 678/2775/497
f 675/2776/498 85/2777/498 683/2778/498
f 683/2779/499 85/2780/499 668/2781/499
f 683/2782/500 668/2783/500 675/2784/500
f 236/2785/47 166/2786/47 165/2787/47
f 682/2788/501 677/2789/501 676/2790/501
f 158/2791/502 1053/2792/502 1029/2793/502
f 54/2794/503 664/2795/503 55/2796/503
f 55/2797/504 664/2798/504 663/2799/504
f 55/2800/505 663/2801/505 662/2802/505
f 85/2803/506 84/2804/506 668/2805/506
f 668/2806/507 84/2807/507 669/2808/507
f 669/2809/508 84/2810/508 670/2811/508
f 92/2812/509 674/2813/509 688/2814/509
f 688/2815/510 674/2816/510 673/2817/510
f 688/2818/511 673/2819/511 672/2820/511
f 672/2821/512 671/2822/512 688/2823/512
f 688/2824/513 671/2825/513 83/2826/513
f 688/2827/514 83/2828/514 687/2829/514
f 687/2830/515 83/2831/515 82/2832/515
f 687/2833/516 82/2834/516 81/2835/516
f 671/2836/517 670/2837/517 83/2838/517
f 83/2839/518 670/2840/518 84/2841/518
f 687/2842/519 81/2843/519 686/2844/519
f 686/2845/520 81/2846/520 80/2847/520
f 686/2848/521 80/2849/521 79/2850/521
f 142/2851/47 144/2852/47 141/2853/47
f 93/2854/522 103/2855/522 694/2856/522
f 466/2857/523 559/2858/523 467/2859/523
f 598/2860/524 542/2861/524 541/2862/524
f 57/2863/525 182/2864/525 175/2865/525
f 436/2866/201 425/2867/201 437/2868/201
f 692/2869/526 691/2870/526 478/2871/526
f 693/2872/527 694/2873/527 695/2874/527
f 479/2875/528 691/2876/528 698/2877/528
f 710/2878/529 712/2879/529 709/2880/529
f 585/2881/530 576/2882/530 587/2883/530
f 354/2884/531 554/2885/531 553/2886/531
f 9/2887/42 100/2888/42 10/2889/42
f 10/2890/42 100/2891/42 414/2892/42
f 311/2893/532 706/2894/532 699/2895/532
f 382/2896/217 320/2897/217 319/2898/217
f 699/2899/533 444/2900/533 443/2901/533
f 178/2902/534 180/2903/534 177/2904/534
f 740/2905/535 813/2906/535 94/2907/535
f 766/2908/536 782/2909/536 783/2910/536
f 178/2911/537 773/2912/537 741/2913/537
f 773/2914/538 742/2915/538 741/2916/538
f 539/2917/23 16/2918/23 590/2919/23
f 698/2920/539 697/2921/539 703/2922/539
f 703/2923/540 697/2924/540 704/2925/540
f 768/2926/541 772/2927/541 767/2928/541
f 705/2929/542 704/2930/542 696/2931/542
f 697/2932/543 696/2933/543 704/2934/543
f 478/2935/544 542/2936/544 646/2937/544
f 552/2938/545 554/2939/545 555/2940/545
f 763/2941/546 765/2942/546 762/2943/546
f 127/2944/547 523/2945/547 522/2946/547
f 57/2947/548 774/2948/548 176/2949/548
f 718/2950/549 714/2951/549 719/2952/549
f 719/2953/550 714/2954/550 713/2955/550
f 719/2956/551 713/2957/551 720/2958/551
f 720/2959/552 713/2960/552 712/2961/552
f 746/2962/553 763/2963/553 779/2964/553
f 702/2965/554 706/2966/554 701/2967/554
f 778/2968/555 779/2969/555 780/2970/555
f 318/2971/10 270/2972/10 367/2973/10
f 321/2974/556 777/2975/556 472/2976/556
f 756/2977/557 760/2978/557 755/2979/557
f 1013/2980/49 953/2981/49 1027/2982/49
f 829/2983/558 918/2984/558 902/2985/558
f 77/2986/559 783/2987/559 755/2988/559
f 352/2989/560 251/2990/560 351/2991/560
f 756/2992/561 788/2993/561 757/2994/561
f 736/2995/562 721/2996/562 1061/2997/562
f 1061/2998/563 727/2999/563 736/3000/563
f 736/3001/564 727/3002/564 737/3003/564
f 788/3004/565 785/3005/565 787/3006/565
f 783/3007/566 785/3008/566 786/3009/566
f 722/3010/567 736/3011/567 733/3012/567
f 765/3013/568 781/3014/568 782/3015/568
f 570/3016/23 14/3017/23 137/3018/23
f 729/3019/569 732/3020/569 735/3021/569
f 729/3022/570 735/3023/570 728/3024/570
f 679/3025/571 670/3026/571 671/3027/571
f 727/3028/572 728/3029/572 737/3030/572
f 785/3031/573 781/3032/573 784/3033/573
f 522/3034/574 524/3035/574 521/3036/574
f 134/3037/575 540/3038/575 510/3039/575
f 805/3040/576 648/3041/576 806/3042/576
f 654/3043/577 616/3044/577 621/3045/577
f 534/3046/578 874/3047/578 532/3048/578
f 520/3049/579 1002/3050/579 533/3051/579
f 924/3052/154 283/3053/154 908/3054/154
f 973/3055/580 178/3056/580 741/3057/580
f 915/3058/581 702/3059/581 900/3060/581
f 900/3061/582 741/3062/582 742/3063/582
f 549/3064/583 1002/3065/583 548/3066/583
f 342/3067/419 944/3068/419 341/3069/419
f 497/3070/584 932/3071/584 496/3072/584
f 648/3073/585 969/3074/585 920/3075/585
f 148/3076/586 977/3077/586 992/3078/586
f 273/3079/157 878/3080/157 272/3081/157
f 269/3082/587 958/3083/587 268/3084/587
f 3/3085/49 1/3086/49 2/3087/49
f 824/3088/588 954/3089/588 795/3090/588
f 658/3091/589 621/3092/589 627/3093/589
f 941/3094/15 282/3095/15 924/3096/15
f 936/3097/590 189/3098/590 935/3099/590
f 420/3100/591 724/3101/591 723/3102/591
f 530/3103/592 128/3104/592 127/3105/592
f 1032/3106/49 315/3107/49 1040/3108/49
f 993/3109/590 270/3110/590 991/3111/590
f 832/3112/593 919/3113/593 903/3114/593
f 502/3115/594 1064/3116/594 1060/3117/594
f 805/3118/595 807/3119/595 804/3120/595
f 569/3121/596 571/3122/596 568/3123/596
f 50/3124/597 619/3125/597 618/3126/597
f 743/3127/148 195/3128/148 890/3129/148
f 907/3130/598 281/3131/598 877/3132/598
f 170/3133/63 74/3134/63 73/3135/63
f 855/3136/599 860/3137/599 856/3138/599
f 859/3139/600 854/3140/600 858/3141/600
f 429/3142/601 705/3143/601 696/3144/601
f 774/3145/602 772/3146/602 775/3147/602
f 775/3148/603 772/3149/603 771/3150/603
f 775/3151/604 771/3152/604 776/3153/604
f 776/3154/605 771/3155/605 770/3156/605
f 702/3157/606 698/3158/606 703/3159/606
f 720/3160/607 718/3161/607 719/3162/607
f 703/3163/608 705/3164/608 706/3165/608
f 699/3166/609 705/3167/609 700/3168/609
f 351/3169/610 250/3170/610 350/3171/610
f 383/3172/611 718/3173/611 384/3174/611
f 761/3175/612 778/3176/612 780/3177/612
f 776/3178/613 774/3179/613 775/3180/613
f 780/3181/614 779/3182/614 762/3183/614
f 762/3184/615 779/3185/615 763/3186/615
f 552/3187/616 544/3188/616 562/3189/616
f 385/3190/617 718/3191/617 717/3192/617
f 717/3193/618 715/3194/618 716/3195/618
f 817/3196/619 820/3197/619 821/3198/619
f 762/3199/620 761/3200/620 780/3201/620
f 682/3202/621 668/3203/621 680/3204/621
f 731/3205/622 707/3206/622 730/3207/622
f 627/3208/623 657/3209/623 658/3210/623
f 732/3211/624 710/3212/624 709/3213/624
f 781/3214/625 754/3215/625 784/3216/625
f 481/3217/626 303/3218/626 480/3219/626
f 734/3220/627 728/3221/627 735/3222/627
f 787/3223/628 753/3224/628 752/3225/628
f 787/3226/629 752/3227/629 788/3228/629
f 788/3229/630 752/3230/630 751/3231/630
f 788/3232/631 751/3233/631 757/3234/631
f 754/3235/632 753/3236/632 784/3237/632
f 791/3238/633 803/3239/633 800/3240/633
f 1056/3241/27 309/3242/27 994/3243/27
f 734/3244/634 736/3245/634 737/3246/634
f 723/3247/635 733/3248/635 730/3249/635
f 100/3250/636 99/3251/636 414/3252/636
f 414/3253/637 99/3254/637 789/3255/637
f 414/3256/638 789/3257/638 415/3258/638
f 415/3259/639 789/3260/639 416/3261/639
f 416/3262/640 789/3263/640 790/3264/640
f 416/3265/641 790/3266/641 417/3267/641
f 417/3268/642 790/3269/642 418/3270/642
f 686/3271/643 684/3272/643 685/3273/643
f 993/3274/415 287/3275/415 978/3276/415
f 532/3277/644 501/3278/644 531/3279/644
f 789/3280/645 99/3281/645 802/3282/645
f 802/3283/646 99/3284/646 798/3285/646
f 865/3286/647 862/3287/647 861/3288/647
f 632/3289/648 630/3290/648 629/3291/648
f 349/3292/649 248/3293/649 348/3294/649
f 685/3295/650 867/3296/650 686/3297/650
f 790/3298/651 789/3299/651 803/3300/651
f 867/3301/652 865/3302/652 687/3303/652
f 648/3304/653 583/3305/653 589/3306/653
f 420/3307/654 714/3308/654 383/3309/654
f 653/3310/655 837/3311/655 836/3312/655
f 95/3313/656 94/3314/656 813/3315/656
f 846/3316/657 842/3317/657 843/3318/657
f 848/3319/658 841/3320/658 842/3321/658
f 811/3322/659 739/3323/659 810/3324/659
f 855/3325/660 849/3326/660 854/3327/660
f 769/3328/661 771/3329/661 768/3330/661
f 23/3331/8 25/3332/8 26/3333/8
f 638/3334/662 628/3335/662 636/3336/662
f 654/3337/663 860/3338/663 837/3339/663
f 840/3340/664 850/3341/664 851/3342/664
f 657/3343/665 851/3344/665 856/3345/665
f 840/3346/666 656/3347/666 655/3348/666
f 818/3349/667 805/3350/667 819/3351/667
f 596/3352/668 600/3353/668 597/3354/668
f 556/3355/669 623/3356/669 557/3357/669
f 819/3358/670 805/3359/670 820/3360/670
f 644/3361/671 610/3362/671 506/3363/671
f 847/3364/672 838/3365/672 857/3366/672
f 551/3367/673 565/3368/673 563/3369/673
f 808/3370/674 822/3371/674 96/3372/674
f 808/3373/675 96/3374/675 95/3375/675
f 822/3376/676 97/3377/676 96/3378/676
f 808/3379/677 95/3380/677 813/3381/677
f 853/3382/678 846/3383/678 852/3384/678
f 853/3385/679 858/3386/679 854/3387/679
f 793/3388/680 98/3389/680 825/3390/680
f 825/3391/681 98/3392/681 807/3393/681
f 870/3394/682 869/3395/682 868/3396/682
f 827/3397/683 807/3398/683 806/3399/683
f 870/3400/684 653/3401/684 836/3402/684
f 537/3403/685 536/3404/685 535/3405/685
f 957/3406/686 285/3407/686 284/3408/686
f 863/3409/687 869/3410/687 864/3411/687
f 792/3412/15 1062/3413/15 418/3414/15
f 418/3415/15 1062/3416/15 726/3417/15
f 418/3418/15 726/3419/15 725/3420/15
f 986/3421/15 990/3422/15 1062/3423/15
f 990/3424/15 1063/3425/15 1064/3426/15
f 1063/3427/15 684/3428/15 79/3429/15
f 1063/3430/15 79/3431/15 758/3432/15
f 758/3433/15 79/3434/15 759/3435/15
f 759/3436/15 79/3437/15 760/3438/15
f 760/3439/15 79/3440/15 78/3441/15
f 725/3442/15 724/3443/15 418/3444/15
f 418/3445/15 724/3446/15 419/3447/15
f 235/3448/49 269/3449/49 253/3450/49
f 499/3451/383 685/3452/383 494/3453/383
f 494/3454/383 685/3455/383 684/3456/383
f 729/3457/688 1005/3458/688 1006/3459/688
f 497/3460/383 495/3461/383 791/3462/383
f 791/3463/383 495/3464/383 792/3465/383
f 750/3466/689 1006/3467/689 754/3468/689
f 531/3469/690 500/3470/690 530/3471/690
f 745/3472/691 764/3473/691 763/3474/691
f 919/3475/588 831/3476/588 954/3477/588
f 317/3478/49 980/3479/49 959/3480/49
f 932/3481/584 499/3482/584 498/3483/584
f 521/3484/692 525/3485/692 520/3486/692
f 512/3487/693 517/3488/693 513/3489/693
f 925/3490/419 339/3491/419 944/3492/419
f 831/3493/694 868/3494/694 863/3495/694
f 483/3496/695 471/3497/695 470/3498/695
f 850/3499/696 841/3500/696 849/3501/696
f 42/3502/4 41/3503/4 44/3504/4
f 812/3505/697 816/3506/697 817/3507/697
f 802/3508/698 803/3509/698 789/3510/698
f 804/3511/699 820/3512/699 805/3513/699
f 203/3514/47 234/3515/47 233/3516/47
f 839/3517/700 847/3518/700 845/3519/700
f 845/3520/701 847/3521/701 852/3522/701
f 845/3523/702 852/3524/702 844/3525/702
f 844/3526/703 852/3527/703 846/3528/703
f 844/3529/704 846/3530/704 843/3531/704
f 998/3532/340 612/3533/340 899/3534/340
f 858/3535/705 837/3536/705 859/3537/705
f 816/3538/706 819/3539/706 820/3540/706
f 647/3541/707 770/3542/707 769/3543/707
f 859/3544/708 837/3545/708 860/3546/708
f 9/3547/4 13/3548/4 14/3549/4
f 650/3550/709 814/3551/709 651/3552/709
f 647/3553/710 840/3554/710 655/3555/710
f 857/3556/711 852/3557/711 847/3558/711
f 810/3559/712 814/3560/712 815/3561/712
f 808/3562/713 821/3563/713 822/3564/713
f 818/3565/714 815/3566/714 814/3567/714
f 908/3568/715 284/3569/715 878/3570/715
f 1010/3571/716 864/3572/716 1024/3573/716
f 688/3574/717 1024/3575/717 1011/3576/717
f 861/3577/718 688/3578/718 865/3579/718
f 865/3580/719 688/3581/719 687/3582/719
f 689/3583/720 693/3584/720 695/3585/720
f 867/3586/721 687/3587/721 686/3588/721
f 621/3589/722 637/3590/722 627/3591/722
f 800/3592/723 801/3593/723 799/3594/723
f 796/3595/724 801/3596/724 797/3597/724
f 992/3598/725 283/3599/725 282/3600/725
f 835/3601/726 834/3602/726 869/3603/726
f 869/3604/727 834/3605/727 864/3606/727
f 592/3607/728 651/3608/728 593/3609/728
f 795/3610/729 826/3611/729 824/3612/729
f 826/3613/730 823/3614/730 824/3615/730
f 336/3616/731 296/3617/731 335/3618/731
f 971/3619/732 286/3620/732 958/3621/732
f 836/3622/733 835/3623/733 870/3624/733
f 55/3625/734 662/3626/734 56/3627/734
f 56/3628/735 662/3629/735 661/3630/735
f 56/3631/736 661/3632/736 843/3633/736
f 843/3634/737 661/3635/737 660/3636/737
f 843/3637/738 660/3638/738 659/3639/738
f 659/3640/739 87/3641/739 843/3642/739
f 491/3643/740 543/3644/740 486/3645/740
f 184/3646/741 229/3647/741 230/3648/741
f 352/3649/742 355/3650/742 353/3651/742
f 848/3652/743 854/3653/743 849/3654/743
f 381/3655/744 384/3656/744 385/3657/744
f 7/3658/745 688/3659/745 8/3660/745
f 1023/3661/745 1011/3662/745 834/3663/745
f 15/3664/36 98/3665/36 1007/3666/36
f 18/3667/35 839/3668/35 845/3669/35
f 18/3670/745 845/3671/745 844/3672/745
f 844/3673/35 843/3674/35 18/3675/35
f 15/3676/36 93/3677/36 94/3678/36
f 991/3679/331 271/3680/331 875/3681/331
f 507/3682/330 960/3683/330 898/3684/330
f 862/3685/746 1022/3686/746 1010/3687/746
f 1026/3688/747 798/3689/747 1025/3690/747
f 1018/3691/748 797/3692/748 1026/3693/748
f 98/3694/749 1025/3695/749 1019/3696/749
f 534/3697/583 1002/3698/583 1003/3699/583
f 1003/3700/578 1059/3701/578 874/3702/578
f 1002/3703/579 547/3704/579 548/3705/579
f 1004/3706/89 753/3707/89 1005/3708/89
f 1065/3709/414 752/3710/414 1004/3711/414
f 710/3712/689 1006/3713/689 891/3714/689
f 1005/3715/688 754/3716/688 1006/3717/688
f 146/3718/750 942/3719/750 957/3720/750
f 278/3721/415 978/3722/415 277/3723/415
f 1030/3724/27 994/3725/27 231/3726/27
f 265/3727/751 877/3728/751 264/3729/751
f 212/3730/148 890/3731/148 213/3732/148
f 1063/3733/594 1060/3734/594 1064/3735/594
f 903/3736/593 824/3737/593 823/3738/593
f 286/3739/590 991/3740/590 279/3741/590
f 215/3742/590 935/3743/590 207/3744/590
f 275/3745/15 924/3746/15 274/3747/15
f 920/3748/585 616/3749/585 653/3750/585
f 701/3751/582 900/3752/582 702/3753/582
f 742/3754/581 915/3755/581 900/3756/581
f 311/3757/580 973/3758/580 701/3759/580
f 274/3760/154 908/3761/154 273/3762/154
f 902/3763/558 800/3764/558 799/3765/558
f 1027/3766/49 573/3767/49 1016/3768/49
f 213/3769/14 905/3770/14 214/3771/14
f 147/3772/752 957/3773/752 977/3774/752
f 139/3775/49 897/3776/49 321/3777/49
f 342/3778/231 961/3779/231 343/3780/231
f 301/3781/419 995/3782/419 302/3783/419
f 616/3784/418 987/3785/418 615/3786/418
f 968/3787/417 608/3788/417 607/3789/417
f 573/3790/416 968/3791/416 607/3792/416
f 214/3793/415 936/3794/415 215/3795/415
f 898/3796/85 498/3797/85 507/3798/85
f 495/3799/383 986/3800/383 792/3801/383
f 611/3802/413 960/3803/413 610/3804/413
f 873/3805/383 497/3806/383 791/3807/383
f 913/3808/27 462/3809/27 463/3810/27
f 489/3811/15 984/3812/15 948/3813/15
f 207/3814/331 938/3815/331 208/3816/331
f 891/3817/338 711/3818/338 710/3819/338
f 543/3820/337 886/3821/337 486/3822/337
f 544/3823/336 893/3824/336 543/3825/336
f 897/3826/335 747/3827/335 321/3828/335
f 711/3829/334 951/3830/334 715/3831/334
f 933/3832/333 746/3833/333 747/3834/333
f 527/3835/332 895/3836/332 525/3837/332
f 979/3838/49 234/3839/49 216/3840/49
f 915/3841/316 476/3842/316 479/3843/316
f 484/3844/2 913/3845/2 999/3846/2
f 129/3847/2 950/3848/2 946/3849/2
f 502/3850/2 950/3851/2 129/3852/2
f 829/3853/275 967/3854/275 828/3855/275
f 490/3856/15 930/3857/15 948/3858/15
f 491/3859/15 930/3860/15 490/3861/15
f 213/3862/753 940/3863/753 939/3864/753
f 145/3865/754 922/3866/754 942/3867/754
f 465/3868/27 928/3869/27 885/3870/27
f 929/3871/27 465/3872/27 471/3873/27
f 471/3874/27 914/3875/27 929/3876/27
f 219/3877/27 914/3878/27 471/3879/27
f 431/3880/171 884/3881/171 872/3882/171
f 403/3883/177 926/3884/177 400/3885/177
f 304/3886/239 883/3887/239 879/3888/239
f 883/3889/238 937/3890/238 401/3891/238
f 883/3892/755 888/3893/755 937/3894/755
f 888/3895/238 432/3896/238 937/3897/238
f 256/3898/233 927/3899/233 242/3900/233
f 431/3901/756 997/3902/756 430/3903/756
f 402/3904/172 970/3905/172 403/3906/172
f 985/3907/230 254/3908/230 253/3909/230
f 962/3910/229 926/3911/229 430/3912/229
f 962/3913/229 964/3914/229 926/3915/229
f 964/3916/229 400/3917/229 926/3918/229
f 357/3919/27 984/3920/27 982/3921/27
f 142/3922/27 982/3923/27 896/3924/27
f 343/3925/177 989/3926/177 912/3927/177
f 945/3928/757 989/3929/757 343/3930/757
f 945/3931/758 880/3932/758 989/3933/758
f 880/3934/177 310/3935/177 989/3936/177
f 302/3937/169 882/3938/169 288/3939/169
f 343/3940/757 961/3941/757 945/3942/757
f 343/3943/231 925/3944/231 342/3945/231
f 402/3946/759 937/3947/759 963/3948/759
f 944/3949/169 882/3950/169 341/3951/169
f 944/3952/169 881/3953/169 882/3954/169
f 881/3955/169 288/3956/169 882/3957/169
f 340/3958/239 881/3959/239 339/3960/239
f 310/3961/27 994/3962/27 309/3963/27
f 209/3964/157 976/3965/157 210/3966/157
f 210/3967/154 1001/3968/154 211/3969/154
f 272/3970/150 875/3971/150 271/3972/150
f 340/3973/27 892/3974/27 748/3975/27
f 400/3976/27 896/3977/27 399/3978/27
f 144/3979/760 909/3980/760 922/3981/760
f 208/3982/150 965/3983/150 209/3984/150
f 832/3985/149 920/3986/149 653/3987/149
f 1059/3988/2 1065/3989/2 874/3990/2
f 276/3991/148 941/3992/148 275/3993/148
f 1028/3994/27 796/3995/27 1018/3996/27
f 1057/3997/49 138/3998/49 1049/3999/49
f 269/4000/147 981/4001/147 971/4002/147
f 237/4003/761 981/4004/761 238/4005/761
f 304/4006/27 910/4007/27 151/4008/27
f 280/4009/137 876/4010/137 546/4011/137
f 258/4012/132 956/4013/132 237/4014/132
f 545/4015/127 952/4016/127 895/4017/127
f 207/4018/762 889/4019/762 904/4020/762
f 215/4021/763 904/4022/763 921/4023/763
f 210/4024/764 972/4025/764 988/4026/764
f 214/4027/765 921/4028/765 940/4029/765
f 212/4030/766 939/4031/766 966/4032/766
f 209/4033/767 988/4034/767 744/4035/767
f 208/4036/768 744/4037/768 889/4038/768
f 211/4039/769 966/4040/769 972/4041/769
f 494/4042/91 1000/4043/91 493/4044/91
f 946/4045/85 492/4046/85 129/4047/85
f 800/4048/84 873/4049/84 791/4050/84
f 216/4051/49 975/4052/49 979/4053/49
f 211/4054/15 743/4055/15 212/4056/15
f 277/4057/14 955/4058/14 276/4059/14
f 149/4060/770 992/4061/770 546/4062/770
f 954/4063/27 1018/4064/27 795/4065/27
f 899/4066/49 1016/4067/49 579/4068/49
f 1019/4069/749 798/4070/749 99/4071/749
f 795/4072/748 1026/4073/748 794/4074/748
f 794/4075/747 1025/4076/747 793/4077/747
f 1010/4078/746 831/4079/746 863/4080/746
f 8/4081/745 1011/4082/745 1023/4083/745
f 1011/4084/717 864/4085/717 834/4086/717
f 862/4087/771 1024/4088/771 861/4089/771
f 612/4090/49 1027/4091/49 899/4092/49
f 1020/4093/443 50/4094/443 642/4095/443
f 1013/4096/442 643/4097/442 613/4098/442
f 641/4099/441 1017/4100/441 640/4101/441
f 576/4102/378 1008/4103/378 575/4104/378
f 578/4105/772 1008/4106/772 577/4107/772
f 579/4108/376 1015/4109/376 578/4110/376
f 831/4111/27 1028/4112/27 954/4113/27
f 1/4114/37 1019/4115/37 99/4116/37
f 1043/4117/226 36/4118/226 371/4119/226
f 1051/4120/43 24/4121/43 115/4122/43
f 37/4123/43 1051/4124/43 116/4125/43
f 25/4126/226 1043/4127/226 389/4128/226
f 911/4129/49 1049/4130/49 234/4131/49
f 910/4132/27 1030/4133/27 151/4134/27
f 306/4135/27 1056/4136/27 910/4137/27
f 317/4138/49 1040/4139/49 316/4140/49
f 184/4141/773 1053/4142/773 183/4143/773
f 308/4144/292 1051/4145/292 115/4146/292
f 1054/4147/774 260/4148/774 261/4149/774
f 315/4150/217 1041/4151/217 1040/4152/217
f 370/4153/73 1042/4154/73 371/4155/73
f 371/4156/73 1042/4157/73 1043/4158/73
f 370/4159/215 1045/4160/215 1044/4161/215
f 369/4162/214 1041/4163/214 1045/4164/214
f 151/4165/27 1050/4166/27 162/4167/27
f 307/4168/27 1031/4169/27 306/4170/27
f 314/4171/49 1057/4172/49 911/4173/49
f 234/4174/49 1036/4175/49 188/4176/49
f 158/4177/775 1048/4178/775 159/4179/775
f 159/4180/776 1037/4181/776 160/4182/776
f 161/4183/81 1035/4184/81 1036/4185/81
f 160/4186/777 1035/4187/777 161/4188/777
f 1055/4189/27 37/4190/27 36/4191/27
f 1054/4192/28 39/4193/28 262/4194/28
f 1034/4195/27 40/4196/27 39/4197/27
f 1046/4198/26 34/4199/26 66/4200/26
f 532/4201/47 1062/4202/47 502/4203/47
f 1063/4204/10 1059/4205/10 1058/4206/10
f 1065/4207/27 1062/4208/27 1064/4209/27
f 1060/4210/49 532/4211/49 874/4212/49
f 1059/4213/49 1060/4210/49 874/4212/49
f 1063/4214/27 1065/4207/27 1064/4209/27
f 239/4215/2 288/4216/2 748/4217/2
f 411/1/1 410/4218/1 504/2/1
f 36/4/2 37/4219/2 12/5/2
f 88/7/778 666/4220/778 667/8/778
f 624/16/779 625/4221/779 629/17/779
f 1/19/7 4/4222/7 16/20/7
f 734/43/9 735/4223/9 732/44/9
f 433/49/10 194/4224/10 193/50/10
f 546/61/780 992/4225/780 282/62/780
f 40/64/2 41/4226/2 38/65/2
f 978/67/781 287/4227/781 281/68/781
f 1001/70/15 193/4228/15 194/71/15
f 102/73/782 695/4229/782 694/74/782
f 550/76/17 503/4230/17 1058/77/17
f 757/79/18 758/4231/18 759/80/18
f 755/82/783 783/4232/783 786/83/783
f 18/85/8 30/4233/8 29/86/8
f 356/91/784 355/4234/784 553/92/784
f 1021/99/22 51/4235/22 5/97/22
f 1014/98/22 50/4236/22 1021/99/22
f 576/102/23 586/4237/23 16/100/23
f 16/100/23 4/4238/23 1012/101/23
f 366/112/785 365/4239/785 378/113/785
f 1046/148/26 67/4240/26 40/149/26
f 35/151/27 34/4241/27 1033/152/27
f 1054/154/28 261/4242/28 35/155/28
f 22/229/31 136/4243/31 104/230/31
f 437/232/10 196/4244/10 195/233/10
f 364/235/10 365/4245/10 278/236/10
f 547/241/786 555/4246/786 564/242/786
f 688/247/745 7/4247/745 44/248/745
f 174/256/787 157/4248/787 75/257/787
f 43/268/788 90/4249/788 91/269/788
f 20/271/40 134/4250/40 135/272/40
f 21/274/41 135/4251/41 136/275/41
f 28/277/42 27/4252/42 102/278/42
f 25/313/27 24/4253/27 1052/314/27
f 27/376/44 26/4254/44 101/377/44
f 472/379/789 777/4255/789 778/380/789
f 31/382/790 88/4256/790 89/383/790
f 825/406/791 826/4257/791 794/407/791
f 149/409/47 150/4258/47 151/410/47
f 144/415/47 145/4259/47 140/416/47
f 975/418/49 311/4260/49 313/419/49
f 67/427/792 158/4261/792 162/428/792
f 159/430/68 153/4262/68 152/431/68
f 67/442/793 164/4263/793 165/443/793
f 68/448/794 165/4264/794 166/449/794
f 69/451/795 166/4265/795 167/452/795
f 224/454/60 225/4266/60 63/455/60
f 224/457/113 62/4267/113 61/458/113
f 225/460/796 226/4268/796 64/461/796
f 226/463/797 227/4269/797 65/464/797
f 227/466/798 228/4270/798 66/467/798
f 619/472/799 49/4271/799 639/473/799
f 218/478/800 182/4272/800 181/479/800
f 445/493/801 700/4273/801 429/494/801
f 681/499/802 682/4274/802 680/500/802
f 558/505/803 557/4275/803 623/506/803
f 1046/510/804 66/4276/804 183/4277/804
f 183/4277/805 1053/508/805 1046/510/805
f 444/511/806 699/4278/806 700/512/806
f 1035/514/807 1037/4279/807 186/515/807
f 2/517/4 9/4280/4 14/518/4
f 187/520/81 188/4281/81 1036/521/81
f 1037/523/808 1048/4282/808 185/524/808
f 1029/526/809 184/4283/809 185/527/809
f 918/529/84 830/4284/84 685/530/84
f 959/532/49 980/4285/49 139/533/49
f 946/535/85 409/4286/85 493/536/85
f 722/538/86 725/4287/86 726/539/86
f 712/541/87 713/4288/87 708/542/87
f 721/544/88 726/4289/88 1062/545/88
f 727/547/89 1004/4290/89 1005/548/89
f 755/550/90 760/4291/90 78/551/90
f 887/553/91 495/4292/91 492/554/91
f 972/556/810 966/4293/810 199/557/810
f 889/559/811 744/4294/811 202/560/811
f 744/562/812 988/4295/812 201/563/812
f 966/565/813 939/4296/813 198/566/813
f 648/568/814 823/4297/814 827/569/814
f 940/571/815 921/4298/815 205/572/815
f 988/574/816 972/4299/816 200/575/816
f 921/577/817 904/4300/817 204/578/817
f 904/580/818 889/4301/818 203/581/818
f 186/592/819 185/4302/819 232/593/819
f 358/604/820 370/4303/820 371/605/820
f 828/613/821 862/4304/821 866/614/821
f 605/616/822 601/4305/822 600/617/822
f 866/619/823 867/4306/823 830/620/823
f 734/622/112 731/4307/112 730/623/112
f 70/625/61 167/4308/61 168/626/61
f 223/628/59 61/4309/59 60/629/59
f 222/631/824 60/4310/824 59/632/824
f 221/634/825 59/4311/825 58/635/825
f 217/640/47 199/4312/47 239/641/47
f 750/655/826 754/4313/826 781/656/826
f 649/670/827 805/4314/827 818/671/827
f 170/688/47 238/4315/47 235/689/47
f 157/700/828 473/4316/828 76/701/828
f 360/703/829 372/4317/829 373/704/829
f 34/721/8 35/4318/8 29/722/8
f 156/724/830 157/4319/830 141/725/830
f 557/736/126 558/4320/126 559/737/126
f 952/754/127 520/4321/127 525/755/127
f 1050/822/190 230/4322/190 260/4323/190
f 260/4323/831 1047/820/831 1050/822/831
f 259/825/832 162/4324/832 1047/823/832
f 1047/823/833 260/4325/833 1038/824/833
f 233/829/47 232/4326/47 240/830/47
f 320/835/834 385/4327/834 717/836/834
f 1049/838/49 138/4328/49 161/839/49
f 923/843/835 258/4329/835 263/4330/835
f 263/4330/134 749/841/134 923/843/134
f 877/846/836 281/4331/836 749/4332/836
f 749/4332/836 263/844/836 877/846/836
f 169/847/62 170/4333/62 73/848/62
f 876/852/837 280/4334/837 907/4335/837
f 907/4335/837 265/850/837 876/852/837
f 876/853/137 150/4336/137 149/854/137
f 305/856/27 306/4337/27 910/857/27
f 522/859/838 521/4338/838 538/860/838
f 956/862/839 281/4339/839 287/863/839
f 350/865/840 250/4340/840 249/866/840
f 777/868/841 747/4341/841 746/869/841
f 767/871/142 772/4342/142 57/872/142
f 934/876/143 286/4343/143 909/874/143
f 909/874/842 143/4344/842 266/875/842
f 934/879/843 266/4345/843 267/4346/843
f 267/4346/144 943/877/144 934/879/144
f 958/882/145 286/4347/145 943/4348/145
f 943/4348/145 267/880/145 958/882/145
f 738/883/844 809/4349/844 810/884/844
f 258/886/845 237/4350/845 236/887/845
f 1032/892/49 317/4351/49 959/893/49
f 1022/895/27 828/4352/27 967/896/27
f 955/898/148 281/4353/148 280/899/148
f 1065/901/2 1061/4354/2 532/902/2
f 903/904/149 823/4355/149 648/905/149
f 938/907/150 190/4356/150 191/908/150
f 1039/961/27 308/4357/27 309/962/27
f 922/964/846 909/4358/846 286/965/846
f 325/967/27 142/4359/27 896/968/27
f 748/976/27 892/4360/27 219/977/27
f 660/982/847 661/4361/847 663/983/847
f 878/988/150 284/4362/150 285/989/150
f 976/991/154 192/4363/154 193/992/154
f 751/994/155 1063/4364/155 758/995/155
f 584/997/848 604/4365/848 603/998/848
f 965/1003/157 191/4366/157 192/1004/157
f 1030/1009/27 231/4367/27 230/1010/27
f 125/1051/849 124/4368/849 398/1052/849
f 443/1054/217 312/4369/217 311/1055/217
f 850/1057/850 855/4370/850 856/1058/850
f 832/1060/851 870/4371/851 868/1061/851
f 880/1063/27 240/4372/27 231/1064/27
f 122/1066/852 121/4373/852 395/1067/852
f 123/1069/853 122/4374/853 396/1070/853
f 114/1072/854 113/4375/854 454/1073/854
f 328/1075/855 329/4376/855 290/1076/855
f 511/1099/170 541/4377/170 542/1100/170
f 963/1102/759 937/4378/759 432/1103/759
f 912/1105/172 337/4379/172 338/1106/172
f 300/1108/173 299/4380/173 945/1109/173
f 692/1114/856 738/4381/856 739/1115/856
f 989/1126/177 310/4382/177 337/1127/177
f 261/1132/857 298/4383/857 297/1133/857
f 827/1135/858 826/4384/858 825/1136/858
f 637/1138/859 638/4385/859 636/1139/859
f 334/1141/860 295/4386/860 294/1142/860
f 110/1144/183 451/4387/183 452/1145/183
f 346/1147/861 347/4388/861 247/1148/861
f 345/1150/862 346/4389/862 246/1151/862
f 344/1153/863 345/4390/863 245/1154/863
f 262/1156/864 344/4391/864 244/1157/864
f 390/1189/865 518/4392/865 519/1190/865
f 360/1192/10 276/4393/10 275/1193/10
f 314/1195/10 190/4394/10 189/1196/10
f 441/1210/10 442/4395/10 189/1211/10
f 435/1216/10 195/4396/10 194/1217/10
f 439/1222/10 440/4397/10 197/1223/10
f 32/1228/34 89/4398/34 53/1229/34
f 792/1249/866 418/4399/866 790/1250/866
f 434/1252/867 428/4400/867 427/1253/867
f 712/1255/868 711/4401/868 715/1256/868
f 361/1258/869 373/4402/869 374/1259/869
f 437/1264/870 425/4403/870 424/1265/870
f 770/1267/871 485/4404/871 742/1268/871
f 435/1270/829 427/4405/829 426/1271/829
f 842/1273/872 767/4406/872 56/1274/872
f 442/1276/873 441/4407/873 389/1277/873
f 155/1291/777 154/4408/777 321/1292/777
f 156/1297/874 472/4409/874 473/1298/874
f 413/1300/875 558/4410/875 622/1301/875
f 1041/1303/217 315/4411/217 386/1304/217
f 1045/1306/876 386/4412/876 387/1307/876
f 388/1309/73 389/4413/73 1043/1310/73
f 1044/1312/877 387/4414/877 388/1313/877
f 368/1315/217 316/4415/217 1040/1316/217
f 106/1321/878 447/4416/878 448/1322/878
f 329/1324/863 330/4417/863 291/1325/863
f 108/1327/879 449/4418/879 450/1328/879
f 112/1330/852 111/4419/852 452/1331/852
f 332/1333/222 333/4420/222 294/1334/222
f 331/1336/861 332/4421/861 293/1337/861
f 330/1339/862 331/4422/862 292/1340/862
f 124/1342/854 123/4423/854 397/1343/854
f 739/1393/880 811/4424/880 812/1394/880
f 984/1396/27 404/4425/27 399/1397/27
f 1054/1594/881 262/4426/881 259/1595/881
f 324/1599/882 327/4427/882 871/1597/882
f 871/1597/228 400/4428/228 964/1598/228
f 253/4429/883 324/4430/883 985/1605/883
f 324/4430/884 962/1603/884 985/1605/884
f 963/1609/756 431/4431/756 430/1610/756
f 872/1612/885 255/4432/885 254/1613/885
f 257/1620/886 242/4433/886 927/1618/886
f 927/1618/233 432/4434/233 906/1619/233
f 322/1623/887 257/4435/887 906/1621/887
f 906/1621/888 432/4436/888 917/1622/888
f 323/1626/889 322/4437/889 917/1624/889
f 917/1624/890 432/4438/890 947/1625/890
f 304/1629/891 323/4439/891 947/1627/891
f 947/1627/892 432/4440/892 888/1628/892
f 883/1633/239 401/4441/239 305/1634/239
f 871/1638/893 327/4442/893 326/4443/893
f 326/4443/240 996/1636/240 871/1638/240
f 983/1641/894 400/4444/894 996/4445/894
f 996/4445/895 326/1639/895 983/1641/895
f 347/1645/222 348/4446/222 248/1646/222
f 872/1648/171 884/4447/171 256/1649/171
f 366/1651/10 367/4448/10 270/1652/10
f 177/1654/896 176/4449/896 774/1655/896
f 358/1669/10 275/4450/10 274/1670/10
f 30/1675/32 87/4451/32 88/1676/32
f 19/1681/244 28/4452/244 103/1682/244
f 362/1687/10 277/4453/10 276/1688/10
f 433/1708/820 445/4454/820 428/1709/820
f 359/1711/867 371/4455/867 372/1712/867
f 365/1714/897 364/4456/897 377/1715/897
f 364/1717/898 363/4457/898 376/1718/898
f 225/1723/47 206/4458/47 205/1724/47
f 439/1726/898 438/4459/898 423/1727/898
f 440/1729/897 439/4460/897 422/1730/897
f 441/1732/785 440/4461/785 421/1733/785
f 367/1735/873 366/4462/873 379/1736/873
f 116/1753/878 306/4463/878 391/1754/878
f 107/1756/899 448/4464/899 449/1757/899
f 118/1759/879 392/4465/879 393/1760/879
f 109/1762/900 450/4466/900 451/1763/900
f 120/1765/183 394/4467/183 395/1766/183
f 119/1768/900 393/4468/900 394/1769/900
f 113/1771/853 112/4469/853 453/1772/853
f 117/1774/899 391/4470/899 392/1775/899
f 115/1777/849 114/4471/849 455/1778/849
f 168/1822/60 169/4472/60 72/1823/60
f 447/1828/27 456/4473/27 929/1829/27
f 928/1834/27 456/4474/27 462/1835/27
f 942/1837/901 922/4475/901 279/1838/901
f 380/1876/73 379/4476/73 383/1877/73
f 532/1879/902 531/4477/902 535/1880/902
f 647/1885/256 556/4478/256 464/1886/256
f 815/1888/903 816/4479/903 811/1889/903
f 939/1900/904 940/4480/904 206/1901/904
f 474/1912/905 475/4481/905 446/1913/905
f 456/1918/906 105/4482/906 515/1919/906
f 457/1927/907 515/4483/907 514/1928/907
f 797/1933/908 801/4484/908 802/1934/908
f 491/4485/15 486/4486/15 916/1938/15
f 486/4486/15 886/1936/15 916/1938/15
f 931/1941/272 491/4487/272 916/4488/272
f 916/4488/909 487/1939/909 931/1941/909
f 488/1945/15 489/4489/15 948/1946/15
f 643/1948/910 645/4490/910 614/1949/910
f 7/1951/49 8/4491/49 5/1952/49
f 93/1954/274 694/4492/274 740/1955/274
f 902/1957/275 799/4493/275 796/1958/275
f 617/1960/276 620/4494/276 621/1961/276
f 1058/1975/2 409/4495/2 946/1976/2
f 762/2011/285 765/4496/285 766/2012/285
f 470/2017/911 469/4497/911 482/2018/911
f 87/2026/35 30/4498/35 18/2027/35
f 1051/2038/292 1039/4499/292 307/2039/292
f 552/2059/299 555/4500/299 547/2060/299
f 913/2068/2 463/4501/2 476/2069/2
f 681/2077/912 679/4502/912 671/2078/912
f 8/2080/7 18/4503/7 17/2081/7
f 492/2089/304 495/4504/304 497/2090/304
f 506/2092/305 508/4505/305 509/2093/305
f 696/2095/306 689/4506/306 101/2096/306
f 420/2098/913 723/4507/913 730/2099/913
f 511/2104/914 512/4508/914 513/2105/914
f 561/2107/915 553/4509/915 552/2108/915
f 490/2110/916 561/4510/916 562/2111/916
f 625/2119/917 626/4511/917 632/2120/917
f 485/2125/316 484/4512/316 999/2126/316
f 551/2128/317 504/4513/317 503/2129/317
f 313/2131/49 314/4514/49 911/2132/49
f 1059/2134/918 549/4515/918 565/2135/918
f 840/2137/919 769/4516/919 768/2138/919
f 411/2140/920 551/4517/920 563/2141/920
f 554/2143/921 563/4518/921 564/2144/921
f 753/2146/922 787/4519/922 785/2147/922
f 564/2152/324 563/4520/324 565/2153/324
f 510/2161/327 540/4521/327 541/2162/327
f 694/2164/328 693/4522/328 739/2165/328
f 585/2167/329 587/4523/329 588/2168/329
f 898/2170/330 960/4524/330 580/2171/330
f 279/2173/331 991/4525/331 875/2174/331
f 894/2176/332 544/4526/332 545/2177/332
f 716/2179/333 715/4527/333 951/2180/333
f 951/2182/334 901/4528/334 745/2183/334
f 320/2185/335 716/4529/335 933/2186/335
f 894/2188/923 527/4530/923 526/2189/923
f 893/2191/337 526/4531/337 487/2192/337
f 891/2194/338 750/4532/338 745/2195/338
f 723/2197/339 724/4533/339 725/2198/339
f 581/2200/340 998/4534/340 899/2201/340
f 935/2203/331 189/4535/331 190/2204/331
f 76/2206/341 761/4536/341 766/2207/341
f 834/2209/342 835/4537/342 838/2210/342
f 698/2212/343 691/4538/343 690/2213/343
f 517/2221/924 516/4539/924 461/2222/924
f 171/2233/350 172/4540/350 75/2234/350
f 199/2239/47 217/4541/47 216/2240/47
f 488/2245/925 487/4542/925 526/2246/925
f 524/2251/926 529/4543/926 527/2252/926
f 682/2254/927 681/4544/927 678/2255/927
f 127/2257/928 522/4545/928 537/2258/928
f 523/2260/929 519/4546/929 518/2261/929
f 520/2272/930 533/4547/930 538/2273/930
f 239/2275/47 206/4548/47 223/2276/47
f 645/2278/931 617/4549/931 615/2279/931
f 530/2281/932 537/4550/932 535/2282/932
f 984/2284/15 357/4551/15 490/2285/15
f 913/2290/27 464/4552/27 465/2291/27
f 583/2308/370 584/4553/370 588/2309/370
f 1016/2329/376 573/4554/376 574/2330/376
f 1015/2332/772 574/4555/772 575/2333/772
f 1009/2335/378 570/4556/378 577/2336/378
f 592/2338/933 593/4557/933 605/2339/933
f 489/2341/934 488/4558/934 529/2342/934
f 873/2350/383 685/4559/383 499/2351/383
f 499/2356/385 494/4560/385 493/2357/385
f 618/2359/386 619/4561/386 620/2360/386
f 804/2362/387 807/4562/387 98/2363/387
f 841/2365/935 768/4563/935 767/2366/935
f 778/2368/936 761/4564/936 76/2369/936
f 636/2371/937 628/4565/937 634/2372/937
f 633/2374/938 634/4566/938 631/2375/938
f 1014/2394/24 5/4567/24 17/2392/24
f 17/2392/24 49/4568/24 50/2393/24
f 623/2395/939 629/4569/939 630/2396/939
f 622/2398/940 630/4570/940 631/2399/940
f 620/2404/941 619/4571/941 638/2405/941
f 176/2407/942 177/4572/942 181/2408/942
f 627/2410/943 637/4573/943 635/2411/943
f 635/2416/944 636/4574/944 633/2417/944
f 652/2419/945 809/4575/945 738/2420/945
f 651/2422/946 814/4576/946 809/2423/946
f 335/2425/947 296/4577/947 295/2426/947
f 838/2431/948 837/4578/948 858/2432/948
f 640/2434/949 612/4579/949 611/2435/949
f 642/2440/950 50/4580/950 618/2441/950
f 998/2446/413 581/4581/413 580/2447/413
f 986/2458/383 887/4582/383 494/2459/383
f 1061/2461/414 1065/4583/414 1004/2462/414
f 834/2475/35 839/4584/35 18/2473/35
f 18/2473/35 8/4585/35 1023/2474/35
f 898/2476/85 567/4586/85 496/2477/85
f 905/2479/415 196/4587/415 197/2480/415
f 953/2482/416 613/4588/416 614/2483/416
f 614/2485/417 615/4589/417 987/2486/417
f 969/2488/418 589/4590/418 608/2489/418
f 974/2491/419 342/4591/419 341/2492/419
f 974/2494/231 301/4592/231 300/2495/231
f 690/2497/420 689/4593/420 696/2498/420
f 99/2503/36 100/4594/36 9/2504/36
f 528/2506/951 529/4595/951 524/2507/951
f 101/2509/952 689/4596/952 695/2510/952
f 601/2512/953 593/4597/953 594/2513/953
f 587/2518/954 576/4598/954 575/2519/954
f 583/2521/955 592/4599/955 604/2522/955
f 541/2524/956 540/4600/956 597/2525/956
f 585/2527/957 603/4601/957 602/2528/957
f 658/2545/958 657/4602/958 856/2546/958
f 597/2548/959 600/4603/959 601/2549/959
f 483/2551/960 482/4604/960 558/2552/960
f 604/2554/961 605/4605/961 606/2555/961
f 599/2557/962 595/4606/962 606/2558/962
f 595/2560/963 602/4607/963 603/2561/963
f 1020/2563/964 642/4608/964 643/2564/964
f 612/2566/442 640/4609/442 1017/2567/442
f 641/2569/443 51/4610/443 1021/2570/443
f 582/2575/965 568/4611/965 580/2576/965
f 578/2578/966 582/4612/966 581/2579/966
f 577/2584/967 570/4613/967 569/2585/967
f 574/2590/968 573/4614/968 607/2591/968
f 609/2593/969 607/4615/969 608/2594/969
f 318/2602/49 320/4616/49 897/2603/49
f 104/2611/970 136/4617/970 510/2612/970
f 817/2614/971 808/4618/971 813/2615/971
f 977/2617/972 957/4619/972 284/2618/972
f 51/2620/24 52/4620/24 42/2621/24
f 1012/2628/459 4/4621/459 1009/2626/459
f 4/4621/459 570/4622/459 1009/2626/459
f 540/2629/973 539/4623/973 596/2630/973
f 362/2638/870 374/4624/870 375/2639/870
f 647/2644/461 655/4625/461 624/2645/461
f 478/2650/260 479/4626/260 463/2651/260
f 478/2656/462 646/4627/462 738/2657/462
f 624/2659/974 655/4628/974 656/2660/974
f 42/2662/4 44/4629/4 7/2663/4
f 732/2665/975 709/4630/975 708/2666/975
f 149/2668/47 152/4631/47 153/2669/47
f 890/2671/14 195/4632/14 196/2672/14
f 835/2674/465 836/4633/465 837/2675/465
f 583/2677/976 649/4634/976 650/2678/976
f 652/2680/977 646/4635/977 542/2681/977
f 651/2683/978 652/4636/978 594/2684/978
f 625/2686/979 656/4637/979 657/2687/979
f 708/2689/470 713/4638/470 714/2690/470
f 690/2698/980 691/4639/980 692/2699/980
f 505/2719/981 51/4640/981 641/2720/981
f 91/2746/982 90/4641/982 676/2747/982
f 804/2749/983 97/4642/983 822/2750/983
f 17/2758/24 29/4643/24 45/2759/24
f 236/2785/47 237/4644/47 166/2786/47
f 158/2791/124 67/4645/124 1053/2792/124
f 142/2851/47 143/4646/47 144/2852/47
f 466/2857/984 560/4647/984 559/2858/984
f 598/2860/985 594/4648/985 542/2861/985
f 57/2863/986 176/4649/986 182/2864/986
f 436/2866/869 426/4650/869 425/2867/869
f 479/2875/528 478/4651/528 691/2876/528
f 710/2878/529 711/4652/529 712/2879/529
f 585/2881/530 586/4653/530 576/2882/530
f 354/2884/531 411/4654/531 554/2885/531
f 311/2893/987 701/4655/987 706/2894/987
f 382/2896/988 385/4656/988 320/2897/988
f 178/2902/81 179/4657/81 180/2903/81
f 740/2905/989 812/4658/989 813/2906/989
f 766/2908/990 765/4659/990 782/2909/990
f 178/2911/991 177/4660/991 773/2912/991
f 773/2914/992 776/4661/992 742/2915/992
f 539/2917/23 20/4662/23 16/2918/23
f 768/2926/541 771/4663/541 772/2927/541
f 478/2935/544 477/4664/544 542/2936/544
f 552/2938/545 553/4665/545 554/2939/545
f 763/2941/993 764/4666/993 765/2942/993
f 127/2944/547 126/4667/547 523/2945/547
f 57/2947/994 772/4668/994 774/2948/994
f 746/2962/995 745/4669/995 763/2963/995
f 702/2965/996 703/4670/996 706/2966/996
f 778/2968/997 777/4671/997 779/2969/997
f 318/2971/10 271/4672/10 270/2972/10
f 321/2974/998 747/4673/998 777/2975/998
f 756/2977/557 759/4674/557 760/2978/557
f 1013/2980/49 613/4675/49 953/2981/49
f 829/2983/558 830/4676/558 918/2984/558
f 77/2986/999 766/4677/999 783/2987/999
f 352/2989/1000 252/4678/1000 251/2990/1000
f 756/2992/1001 786/4679/1001 788/2993/1001
f 788/3004/565 786/4680/565 785/3005/565
f 783/3007/566 782/4681/566 785/3008/566
f 722/3010/1002 721/4682/1002 736/3011/1002
f 765/3013/1003 764/4683/1003 781/3014/1003
f 570/3016/23 3/4684/23 14/3017/23
f 679/3025/1004 669/4685/1004 670/3026/1004
f 785/3031/1005 782/4686/1005 781/3032/1005
f 522/3034/574 523/4687/574 524/3035/574
f 134/3037/575 539/4688/575 540/3038/575
f 805/3040/576 649/4689/576 648/3041/576
f 654/3043/577 653/4690/577 616/3044/577
f 534/3046/578 1003/4691/578 874/3047/578
f 520/3049/579 952/4692/579 1002/3050/579
f 924/3052/154 282/4693/154 283/3053/154
f 973/3055/580 975/4694/580 178/3056/580
f 915/3058/581 479/4695/581 702/3059/581
f 900/3061/582 973/4696/582 741/3062/582
f 549/3064/583 1003/4697/583 1002/3065/583
f 342/3067/419 925/4698/419 944/3068/419
f 497/3070/584 949/4699/584 932/3071/584
f 648/3073/585 589/4700/585 969/3074/585
f 148/3076/1006 147/4701/1006 977/3077/1006
f 273/3079/157 908/4702/157 878/3080/157
f 269/3082/732 971/4703/732 958/3083/732
f 3/3085/49 4/4704/49 1/3086/49
f 824/3088/588 919/4705/588 954/3089/588
f 658/3091/1007 654/4706/1007 621/3092/1007
f 941/3094/15 280/4707/15 282/3095/15
f 936/3097/590 197/4708/590 189/3098/590
f 420/3100/591 419/4709/591 724/3101/591
f 530/3103/592 500/4710/592 128/3104/592
f 1032/3106/49 314/4711/49 315/3107/49
f 993/3109/590 278/4712/590 270/3110/590
f 832/3112/593 833/4713/593 919/3113/593
f 502/3115/594 1062/4714/594 1064/3116/594
f 805/3118/595 806/4715/595 807/3119/595
f 569/3121/596 572/4716/596 571/3122/596
f 50/3124/597 49/4717/597 619/3125/597
f 743/3127/148 194/4718/148 195/3128/148
f 907/3130/598 280/4719/598 281/3131/598
f 170/3133/1008 171/4720/1008 74/3134/1008
f 855/3136/1009 859/4721/1009 860/3137/1009
f 859/3139/1010 855/4722/1010 854/3140/1010
f 429/3142/1011 700/4723/1011 705/3143/1011
f 702/3157/1012 479/4724/1012 698/3158/1012
f 720/3160/1013 717/4725/1013 718/3161/1013
f 703/3163/1014 704/4726/1014 705/3164/1014
f 699/3166/1015 706/4727/1015 705/3167/1015
f 351/3169/1016 251/4728/1016 250/3170/1016
f 383/3172/1017 714/4729/1017 718/3173/1017
f 776/3178/1018 773/4730/1018 774/3179/1018
f 552/3187/1019 545/4731/1019 544/3188/1019
f 385/3190/1020 384/4732/1020 718/3191/1020
f 717/3193/1021 720/4733/1021 715/3194/1021
f 817/3196/1022 816/4734/1022 820/3197/1022
f 682/3202/1023 675/4735/1023 668/3203/1023
f 731/3205/1024 708/4736/1024 707/3206/1024
f 627/3208/1025 626/4737/1025 657/3209/1025
f 732/3211/1026 729/4738/1026 710/3212/1026
f 481/3217/1027 328/4739/1027 303/3218/1027
f 734/3220/1028 737/4740/1028 728/3221/1028
f 791/3238/1029 790/4741/1029 803/3239/1029
f 1056/3241/27 1031/4742/27 309/3242/27
f 734/3244/634 733/4743/634 736/3245/634
f 723/3247/1030 722/4744/1030 733/3248/1030
f 686/3271/1031 79/4745/1031 684/3272/1031
f 993/3274/415 286/4746/415 287/3275/415
f 532/3277/644 502/4747/644 501/3278/644
f 865/3286/1032 866/4748/1032 862/3287/1032
f 632/3289/1033 633/4749/1033 630/3290/1033
f 349/3292/1034 249/4750/1034 248/3293/1034
f 685/3295/1035 830/4751/1035 867/3296/1035
f 867/3301/1036 866/4752/1036 865/3302/1036
f 648/3304/653 649/4753/653 583/3305/653
f 420/3307/654 707/4754/654 714/3308/654
f 653/3310/655 654/4755/655 837/3311/655
f 846/3316/1037 848/4756/1037 842/3317/1037
f 848/3319/1038 849/4757/1038 841/3320/1038
f 855/3325/1039 850/4758/1039 849/3326/1039
f 769/3328/661 770/4759/661 771/3329/661
f 23/3331/8 24/4760/8 25/3332/8
f 638/3334/1040 639/4761/1040 628/3335/1040
f 654/3337/1041 658/4762/1041 860/3338/1041
f 840/3340/1042 841/4763/1042 850/3341/1042
f 657/3343/1043 656/4764/1043 851/3344/1043
f 840/3346/1044 851/4765/1044 656/3347/1044
f 596/3352/1045 599/4766/1045 600/3353/1045
f 556/3355/1046 624/4767/1046 623/3356/1046
f 644/3361/1047 611/4768/1047 610/3362/1047
f 847/3364/1048 839/4769/1048 838/3365/1048
f 551/3367/1049 550/4770/1049 565/3368/1049
f 853/3382/1050 848/4771/1050 846/3383/1050
f 853/3385/1051 857/4772/1051 858/3386/1051
f 870/3394/1052 835/4773/1052 869/3395/1052
f 870/3400/1053 832/4774/1053 653/3401/1053
f 537/3403/685 538/4775/685 536/3404/685
f 957/3406/1054 942/4776/1054 285/3407/1054
f 863/3409/1055 868/4777/1055 869/3410/1055
f 1062/3423/15 792/4778/15 986/3421/15
f 986/3421/15 684/4779/15 990/3422/15
f 1064/3426/15 1062/4780/15 990/3424/15
f 990/3424/15 684/4781/15 1063/3425/15
f 235/3448/1056 238/4782/1056 269/3449/1056
f 729/3457/688 728/4783/688 1005/3458/688
f 750/3466/689 891/4784/689 1006/3467/689
f 531/3469/690 501/4785/690 500/3470/690
f 745/3472/691 750/4786/691 764/3473/691
f 919/3475/588 833/4787/588 831/3476/588
f 317/3478/49 318/4788/49 980/3479/49
f 932/3481/584 949/4789/584 499/3482/584
f 521/3484/1057 524/4790/1057 525/3485/1057
f 512/3487/693 516/4791/693 517/3488/693
f 925/3490/419 338/4792/419 339/3491/419
f 831/3493/1058 833/4793/1058 868/3494/1058
f 483/3496/1059 412/4794/1059 471/3497/1059
f 42/3502/4 38/4795/4 41/3503/4
f 812/3505/1060 811/4796/1060 816/3506/1060
f 802/3508/1061 801/4797/1061 803/3509/1061
f 804/3511/1062 821/4798/1062 820/3512/1062
f 203/3514/47 202/4799/47 234/3515/47
f 998/3532/340 611/4800/340 612/3533/340
f 816/3538/1063 815/4801/1063 819/3539/1063
f 647/3541/707 485/4802/707 770/3542/707
f 9/3547/4 11/4803/4 13/3548/4
f 650/3550/1064 818/4804/1064 814/3551/1064
f 647/3553/1065 769/4805/1065 840/3554/1065
f 857/3556/1066 853/4806/1066 852/3557/1066
f 810/3559/1067 809/4807/1067 814/3560/1067
f 808/3562/1068 817/4808/1068 821/3563/1068
f 818/3565/1069 819/4809/1069 815/3566/1069
f 908/3568/157 283/4810/157 284/3569/157
f 1010/3571/771 863/4811/771 864/3572/771
f 688/3574/717 861/4812/717 1024/3575/717
f 689/3583/1070 690/4813/1070 693/3584/1070
f 621/3589/1071 620/4814/1071 637/3590/1071
f 800/3592/1072 803/4815/1072 801/3593/1072
f 796/3595/1073 799/4816/1073 801/3596/1073
f 992/3598/1074 977/4817/1074 283/3599/1074
f 592/3607/1075 650/4818/1075 651/3608/1075
f 795/3610/1076 794/4819/1076 826/3611/1076
f 826/3613/1077 827/4820/1077 823/3614/1077
f 336/3616/1078 297/4821/1078 296/3617/1078
f 971/3619/1079 287/4822/1079 286/3620/1079
f 491/3643/1080 562/4823/1080 543/3644/1080
f 184/3646/1081 183/4824/1081 229/3647/1081
f 352/3649/265 354/4825/265 355/3650/265
f 848/3652/1082 853/4826/1082 854/3653/1082
f 381/3655/1083 380/4827/1083 384/3656/1083
f 1007/3666/36 1/4828/36 15/3664/36
f 15/3664/36 97/4829/36 98/3665/36
f 15/3676/36 19/4830/36 93/3677/36
f 991/3679/331 270/4831/331 271/3680/331
f 507/3682/330 610/4832/330 960/3683/330
f 862/3685/746 828/4833/746 1022/3686/746
f 1026/3688/747 797/4834/747 798/3689/747
f 1018/3691/748 796/4835/748 797/3692/748
f 98/3694/749 793/4836/749 1025/3695/749
f 534/3697/1084 533/4837/1084 1002/3698/1084
f 1003/3700/578 549/4838/578 1059/3701/578
f 1002/3703/579 952/4839/579 547/3704/579
f 1004/3706/89 752/4840/89 753/3707/89
f 1065/3709/414 751/4841/414 752/3710/414
f 710/3712/689 729/4842/689 1006/3713/689
f 1005/3715/688 753/4843/688 754/3716/688
f 146/3718/1085 145/4844/1085 942/3719/1085
f 278/3721/415 993/4845/415 978/3722/415
f 1030/3724/27 1056/4846/27 994/3725/27
f 265/3727/598 907/4847/598 877/3728/598
f 212/3730/148 743/4848/148 890/3731/148
f 1063/3733/594 1058/4849/594 1060/3734/594
f 903/3736/593 919/4850/593 824/3737/593
f 286/3739/590 993/4851/590 991/3740/590
f 215/3742/590 936/4852/590 935/3743/590
f 275/3745/15 941/4853/15 924/3746/15
f 920/3748/585 969/4854/585 616/3749/585
f 701/3751/582 973/4855/582 900/3752/582
f 742/3754/581 485/4856/581 915/3755/581
f 311/3757/580 975/4857/580 973/3758/580
f 274/3760/154 924/4858/154 908/3761/154
f 902/3763/558 918/4859/558 800/3764/558
f 1027/3766/49 953/4860/49 573/3767/49
f 213/3769/14 890/4861/14 905/3770/14
f 147/3772/1086 146/4862/1086 957/3773/1086
f 139/3775/49 980/4863/49 897/3776/49
f 342/3778/231 974/4864/231 961/3779/231
f 301/3781/419 974/4865/419 995/3782/419
f 616/3784/418 969/4866/418 987/3785/418
f 968/3787/417 987/4867/417 608/3788/417
f 573/3790/416 953/4868/416 968/3791/416
f 214/3793/415 905/4869/415 936/3794/415
f 898/3796/85 932/4870/85 498/3797/85
f 495/3799/383 887/4871/383 986/3800/383
f 611/3802/413 998/4872/413 960/3803/413
f 873/3805/383 949/4873/383 497/3806/383
f 913/3808/27 885/4874/27 462/3809/27
f 489/3811/15 404/4875/15 984/3812/15
f 207/3814/331 935/4876/331 938/3815/331
f 891/3817/338 901/4877/338 711/3818/338
f 543/3820/337 893/4878/337 886/3821/337
f 544/3823/923 894/4879/923 893/3824/923
f 897/3826/335 933/4880/335 747/3827/335
f 711/3829/334 901/4881/334 951/3830/334
f 933/3832/333 951/4882/333 746/3833/333
f 527/3835/332 894/4883/332 895/3836/332
f 979/3838/49 911/4884/49 234/3839/49
f 915/3841/316 999/4885/316 476/3842/316
f 484/3844/2 464/4886/2 913/3845/2
f 502/3850/2 1060/4887/2 950/3851/2
f 829/3853/275 902/4888/275 967/3854/275
f 491/3859/15 931/4889/15 930/3860/15
f 213/3862/1087 214/4890/1087 940/3863/1087
f 145/3865/1088 144/4891/1088 922/3866/1088
f 929/3871/27 928/4892/27 465/3872/27
f 219/3877/27 892/4893/27 914/3878/27
f 431/3880/171 432/4894/171 884/3881/171
f 403/3883/177 970/4895/177 926/3884/177
f 256/3898/233 884/4896/233 927/3899/233
f 431/3901/232 872/4897/232 997/3902/232
f 402/3904/231 963/4898/231 970/3905/231
f 985/3907/230 997/4899/230 254/3908/230
f 142/3922/27 357/4900/27 982/3923/27
f 302/3937/169 995/4901/169 882/3938/169
f 343/3943/172 912/4902/172 925/3944/172
f 402/3946/419 401/4903/419 937/3947/419
f 340/3958/168 748/4904/168 881/3959/168
f 310/3961/27 880/4905/27 994/3962/27
f 209/3964/157 965/4906/157 976/3965/157
f 210/3967/154 976/4907/154 1001/3968/154
f 272/3970/150 878/4908/150 875/3971/150
f 340/3973/27 447/4909/27 892/3974/27
f 400/3976/27 983/4910/27 896/3977/27
f 144/3979/1089 143/4911/1089 909/3980/1089
f 208/3982/150 938/4912/150 965/3983/150
f 832/3985/149 903/4913/149 920/3986/149
f 1059/3988/2 751/4914/2 1065/3989/2
f 276/3991/148 955/4915/148 941/3992/148
f 1028/3994/27 967/4916/27 796/3995/27
f 1057/3997/49 959/4917/49 138/3998/49
f 269/4000/147 238/4918/147 981/4001/147
f 237/4003/1090 956/4919/1090 981/4004/1090
f 304/4006/27 879/4920/27 910/4007/27
f 258/4012/132 923/4921/132 956/4013/132
f 545/4015/127 547/4922/127 952/4016/127
f 207/4018/1091 208/4923/1091 889/4019/1091
f 215/4021/1092 207/4924/1092 904/4022/1092
f 210/4024/1093 211/4925/1093 972/4025/1093
f 214/4027/1094 215/4926/1094 921/4028/1094
f 212/4030/1095 213/4927/1095 939/4031/1095
f 209/4033/1096 210/4928/1096 988/4034/1096
f 208/4036/1097 209/4929/1097 744/4037/1097
f 211/4039/1098 212/4930/1098 966/4040/1098
f 494/4042/91 887/4931/91 1000/4043/91
f 946/4045/85 1000/4932/85 492/4046/85
f 800/4048/84 918/4933/84 873/4049/84
f 216/4051/49 178/4934/49 975/4052/49
f 211/4054/15 1001/4935/15 743/4055/15
f 277/4057/14 978/4936/14 955/4058/14
f 149/4060/1099 148/4937/1099 992/4061/1099
f 954/4063/27 1028/4938/27 1018/4064/27
f 899/4066/49 1027/4939/49 1016/4067/49
f 1019/4069/749 1025/4940/749 798/4070/749
f 795/4072/748 1018/4941/748 1026/4073/748
f 794/4075/747 1026/4942/747 1025/4076/747
f 1010/4078/746 1022/4943/746 831/4079/746
f 8/4081/745 688/4944/745 1011/4082/745
f 1011/4084/717 1024/4945/717 864/4085/717
f 862/4087/771 1010/4946/771 1024/4088/771
f 612/4090/49 1013/4947/49 1027/4091/49
f 1020/4093/443 1021/4948/443 50/4094/443
f 1013/4096/442 1017/4949/442 643/4097/442
f 641/4099/441 1020/4950/441 1017/4100/441
f 576/4102/378 1009/4951/378 1008/4103/378
f 578/4105/772 1015/4952/772 1008/4106/772
f 579/4108/376 1016/4953/376 1015/4109/376
f 831/4111/27 1022/4954/27 1028/4112/27
f 1/4114/37 1007/4955/37 1019/4115/37
f 1043/4117/226 1055/4956/226 36/4118/226
f 1051/4120/43 1052/4957/43 24/4121/43
f 37/4123/43 1052/4958/43 1051/4124/43
f 25/4126/226 1055/4959/226 1043/4127/226
f 911/4129/49 1057/4960/49 1049/4130/49
f 910/4132/27 1056/4961/27 1030/4133/27
f 306/4135/27 1031/4962/27 1056/4136/27
f 317/4138/49 1032/4963/49 1040/4139/49
f 184/4141/502 1029/4964/502 1053/4142/502
f 308/4144/292 1039/4965/292 1051/4145/292
f 1054/4147/227 1038/4966/227 260/4148/227
f 370/4153/1100 1044/4967/1100 1042/4154/1100
f 370/4159/1101 369/4968/1101 1045/4160/1101
f 369/4162/1102 368/4969/1102 1041/4163/1102
f 151/4165/27 1030/4970/27 1050/4166/27
f 307/4168/27 1039/4971/27 1031/4169/27
f 314/4171/49 1032/4972/49 1057/4172/49
f 234/4174/49 1049/4973/49 1036/4175/49
f 158/4177/1103 1029/4974/1103 1048/4178/1103
f 159/4180/808 1048/4975/808 1037/4181/808
f 160/4186/807 1037/4976/807 1035/4187/807
f 1055/4189/27 1052/4977/27 37/4190/27
f 1054/4192/28 1034/4978/28 39/4193/28
f 1034/4195/27 1033/4979/27 40/4196/27
f 1046/4198/26 1033/4980/26 34/4199/26
f 532/4201/47 1061/4981/47 1062/4202/47
f 1063/4204/10 751/4982/10 1059/4205/10
f 1065/4207/27 1061/4983/27 1062/4208/27
f 1060/4210/49 502/4984/49 532/4211/49
f 1059/4213/49 1058/4985/49 1060/4210/49
f 1063/4214/27 751/4986/27 1065/4207/27
