# Blender 3.6.23
# www.blender.org
mtllib mesh_g2.mtl
o wheels
v -0.808158 -0.154239 -1.661585
v -0.808158 -0.162565 -1.645414
v -0.808158 -0.173716 -1.609922
v -0.824148 -0.158005 -1.611633
v -0.816762 -0.170668 -1.608193
v -0.817020 -0.164307 -1.631247
v -0.827891 -0.131366 -1.656721
v -0.829876 -0.132329 -1.648946
v -0.835560 -0.117233 -1.597350
v -0.839438 -0.122930 -1.586235
v -0.839415 -0.119096 -1.607291
v -0.835557 -0.111887 -1.616951
v -0.839432 -0.113528 -1.623377
v -0.839387 -0.115424 -1.650315
v -0.833606 -0.129665 -1.641637
v -0.833718 -0.118738 -1.658697
v -0.839449 -0.136130 -1.597771
v -0.833758 -0.140703 -1.612930
v -0.823670 -0.161878 -1.587919
v -0.816651 -0.173105 -1.589889
v -0.835482 -0.100269 -1.639270
v -0.839425 -0.105512 -1.638397
v -0.823670 -0.146517 -1.645213
v -0.816685 -0.159769 -1.643683
v -0.827673 -0.099100 -1.635178
v -0.823105 -0.092578 -1.597670
v -0.823070 -0.087917 -1.593711
v -0.823027 -0.093089 -1.603821
v -0.827673 -0.106671 -1.621073
v -0.827674 -0.112059 -1.605996
v -0.839447 -0.128677 -1.624886
v -0.833697 -0.135942 -1.627406
v -0.833694 -0.143820 -1.598020
v -0.833611 -0.145490 -1.582548
v -0.823156 -0.110809 -1.585220
v -0.823128 -0.082898 -1.609107
v -0.823108 -0.089033 -1.608626
v -0.823156 -0.102232 -1.618370
v -0.827674 -0.115143 -1.590265
v -0.823156 -0.091041 -1.637458
v -0.808158 -0.143338 -1.678307
v -0.814111 -0.149963 -1.666951
v -0.816615 -0.141964 -1.674860
v -0.817451 -0.150420 -1.659386
v -0.814042 -0.159269 -1.650071
v -0.808158 -0.176694 -1.584970
v -0.813980 -0.174976 -1.595520
v -0.808158 -0.169284 -1.627098
v -0.813981 -0.166809 -1.632079
v -0.814042 -0.171628 -1.614752
v -0.841226 -0.130200 -1.586182
v -0.841212 -0.124034 -1.617154
v -0.841220 -0.106904 -1.650030
v -0.824482 -0.113822 -1.581497
v -0.824482 -0.112214 -1.596442
v -0.824467 -0.101984 -1.626225
v -0.824482 -0.108247 -1.611651
v -0.824476 -0.093636 -1.639669
v -0.819140 -0.143907 -1.664010
v -0.827892 -0.138571 -1.644233
v -0.819137 -0.151155 -1.651453
v -0.823670 -0.136185 -1.663112
v -0.823128 -0.078250 -1.605114
v -0.823156 -0.072020 -1.565520
v -0.822795 -0.059377 -1.588997
v -0.822865 -0.055516 -1.600173
v -0.822473 -0.052601 -1.605134
v -0.822990 -0.081735 -1.594238
v -0.822856 -0.049281 -1.610003
v -0.822996 -0.060592 -1.581304
v -0.823155 0.088685 -1.608820
v -0.822987 0.075117 -1.597961
v -0.823008 0.075773 -1.603575
v -0.823048 -0.077710 -1.598995
v -0.808158 0.159308 -1.571243
v -0.808158 0.158437 -1.595722
v -0.808158 0.153812 -1.620635
v -0.808158 0.145410 -1.644777
v -0.823571 0.142416 -1.606829
v -0.824161 0.135846 -1.627569
v -0.816605 0.150444 -1.621038
v -0.827891 0.137069 -1.570345
v -0.829876 0.134016 -1.577560
v -0.835482 0.094259 -1.617359
v -0.839415 0.095996 -1.623402
v -0.839415 0.101551 -1.607776
v -0.835623 0.100605 -1.593323
v -0.839438 0.105371 -1.587095
v -0.839438 0.119262 -1.562467
v -0.839416 0.120116 -1.581624
v -0.833616 0.128032 -1.582772
v -0.833678 0.127202 -1.562436
v -0.839427 0.117339 -1.605109
v -0.833728 0.120264 -1.622792
v -0.833712 0.125592 -1.603089
v -0.823670 0.129092 -1.645188
v -0.816667 0.142313 -1.643864
v -0.835518 0.101475 -1.573044
v -0.823665 0.144433 -1.587883
v -0.816671 0.155063 -1.597013
v -0.827652 0.098341 -1.570555
v -0.827560 0.097674 -1.589943
v -0.827843 0.094059 -1.608620
v -0.839426 0.109753 -1.628321
v -0.833652 0.114486 -1.636791
v -0.823156 0.093243 -1.577570
v -0.827675 0.086066 -1.627658
v -0.814043 0.157394 -1.558841
v -0.814043 0.158404 -1.582709
v -0.816624 0.155237 -1.558890
v -0.817453 0.154904 -1.577563
v -0.814044 0.144971 -1.643417
v -0.814113 0.152869 -1.620320
v -0.814042 0.156512 -1.602475
v -0.841232 0.105273 -1.621500
v -0.841212 0.113207 -1.581554
v -0.839425 0.104986 -1.565526
v -0.824482 0.081986 -1.631093
v -0.824467 0.090391 -1.612822
v -0.824500 0.096611 -1.576714
v -0.824493 0.094695 -1.597056
v -0.819139 0.151575 -1.570303
v -0.827892 0.137066 -1.584763
v -0.827891 0.121150 -1.644207
v -0.829877 0.114899 -1.648930
v -0.823670 0.144440 -1.567221
v -0.823140 0.063998 -1.594662
v -0.822985 0.070359 -1.593821
v -0.822987 0.072305 -1.607962
v -0.823007 0.061100 -1.598754
v -0.823080 0.042364 -1.567617
v -0.823068 0.060968 -1.603663
v -0.823144 0.065743 -1.609010
v -0.822864 0.043160 -1.575626
v -0.808158 0.134004 -1.666455
v -0.808158 0.100972 -1.705011
v -0.823859 0.106957 -1.678446
v -0.823861 0.091378 -1.693871
v -0.816545 0.108013 -1.694301
v -0.835552 0.069147 -1.655696
v -0.835518 0.056447 -1.666546
v -0.839432 0.065836 -1.664310
v -0.835699 0.082608 -1.639831
v -0.839415 0.077832 -1.652233
v -0.839449 0.098426 -1.649411
v -0.833664 0.107102 -1.650321
v -0.839416 0.082398 -1.668790
v -0.833695 0.087957 -1.674256
v -0.839432 0.088095 -1.638476
v -0.823670 0.076822 -1.705036
v -0.816675 0.088906 -1.710509
v -0.823665 0.118758 -1.663077
v -0.816668 0.124211 -1.675218
v -0.823156 0.071200 -1.641302
v -0.827844 0.074839 -1.644992
v -0.827560 0.061439 -1.658503
v -0.833668 0.098139 -1.662784
v -0.839427 0.062956 -1.684863
v -0.833659 0.072521 -1.687631
v -0.823156 0.049471 -1.661242
v -0.827674 0.048898 -1.667943
v -0.808158 0.119038 -1.686884
v -0.814042 0.135991 -1.661118
v -0.817442 0.132943 -1.659342
v -0.813979 0.125655 -1.677173
v -0.808158 0.081303 -1.719579
v -0.813979 0.090886 -1.711942
v -0.814044 0.109493 -1.695765
v -0.808158 0.157433 -1.552526
v -0.841202 0.063688 -1.675703
v -0.841226 0.086796 -1.653120
v -0.824467 0.046784 -1.666930
v -0.824492 0.059440 -1.657713
v -0.824482 0.070557 -1.646725
v -0.827892 0.113937 -1.656692
v -0.819140 0.126478 -1.663984
v -0.823093 0.019756 -1.621143
v -0.823156 0.039116 -1.599945
v -0.822857 0.026281 -1.615970
v -0.822848 0.037800 -1.600687
v -0.808158 0.064186 -1.728959
v -0.808158 0.022574 -1.742777
v -0.817088 0.045604 -1.732836
v -0.817233 0.024404 -1.738521
v -0.827891 0.070432 -1.700215
v -0.835519 0.019501 -1.684159
v -0.835597 0.004139 -1.687135
v -0.839425 0.012544 -1.689949
v -0.835557 0.038264 -1.677502
v -0.839432 0.029691 -1.685277
v -0.833611 0.055148 -1.698613
v -0.839424 -0.009793 -1.692039
v -0.839403 0.024640 -1.702129
v -0.833728 0.026728 -1.709575
v -0.839407 0.048348 -1.676731
v -0.823670 0.001629 -1.730729
v -0.816674 0.009630 -1.741440
v -0.823666 0.058924 -1.715362
v -0.816651 0.062804 -1.726090
v -0.823156 0.022524 -1.674977
v -0.827559 0.034427 -1.675631
v -0.827904 0.019060 -1.681209
v -0.839438 0.042645 -1.695728
v -0.833650 0.041257 -1.704819
v -0.839467 0.000916 -1.706136
v -0.833658 0.006609 -1.713509
v -0.824602 0.007759 -1.681731
v -0.827675 -0.005415 -1.684697
v -0.814112 0.069838 -1.725106
v -0.817451 0.073097 -1.719268
v -0.808158 -0.001748 -1.745566
v -0.813980 0.023115 -1.741734
v -0.814042 0.003767 -1.744201
v -0.808158 0.046843 -1.736270
v -0.814112 0.047034 -1.735188
v -0.841232 0.028004 -1.694083
v -0.823154 -0.016367 -1.679654
v -0.824500 -0.007863 -1.682900
v -0.824500 0.028955 -1.675935
v -0.819139 0.077720 -1.712756
v -0.827892 0.057943 -1.707422
v -0.819139 0.065162 -1.720005
v -0.823099 -0.003994 -1.651948
v -0.823138 -0.000520 -1.657895
v -0.822857 -0.004916 -1.629403
v -0.822866 0.004160 -1.627850
v -0.823074 -0.016594 -1.658032
v -0.823069 -0.013906 -1.663914
v -0.823008 0.031692 -1.610406
v -0.823155 0.005577 -1.628547
v -0.822857 0.010824 -1.625700
v -0.808158 -0.021276 -1.745131
v -0.808158 -0.086869 -1.726445
v -0.808158 -0.063201 -1.736636
v -0.817341 -0.041195 -1.738510
v -0.817027 -0.062581 -1.733104
v -0.827891 -0.001495 -1.723358
v -0.829876 -0.008711 -1.720305
v -0.835519 -0.037652 -1.683996
v -0.835519 -0.053128 -1.678494
v -0.839432 -0.046423 -1.685557
v -0.835562 -0.025149 -1.686571
v -0.839425 -0.029969 -1.689895
v -0.833659 -0.013803 -1.714257
v -0.839431 -0.041471 -1.702219
v -0.833666 -0.049008 -1.708176
v -0.833678 -0.033954 -1.711982
v -0.835561 -0.012111 -1.687821
v -0.823670 -0.076337 -1.715383
v -0.816651 -0.080245 -1.726090
v -0.823666 -0.019033 -1.730723
v -0.816670 -0.026818 -1.741514
v -0.823156 -0.050542 -1.670692
v -0.827459 -0.025215 -1.683466
v -0.827782 -0.043710 -1.678923
v -0.839431 -0.022542 -1.705705
v -0.839408 -0.064863 -1.693839
v -0.833722 -0.063438 -1.702832
v -0.827681 -0.055195 -1.674077
v -0.814043 -0.016079 -1.744611
v -0.817451 -0.008699 -1.741194
v -0.814042 -0.069767 -1.733117
v -0.814044 -0.086825 -1.725367
v -0.808158 -0.038887 -1.742978
v -0.813980 -0.052734 -1.738897
v -0.814042 -0.033624 -1.742801
v -0.841214 -0.044128 -1.694092
v -0.841220 -0.011979 -1.699479
v -0.824482 -0.062236 -1.668282
v -0.824482 -0.043468 -1.676895
v -0.824482 -0.027601 -1.681063
v -0.827892 -0.015915 -1.723355
v -0.827891 -0.075358 -1.707439
v -0.819140 -0.001454 -1.737865
v -0.823068 -0.013575 -1.652352
v -0.823008 -0.008634 -1.666058
v -0.823068 -0.061727 -1.509871
v -0.822987 -0.003410 -1.663953
v -0.822860 -0.024681 -1.627007
v -0.823154 -0.031739 -1.625359
v -0.808158 -0.108014 -1.713259
v -0.824160 -0.108918 -1.693154
v -0.823572 -0.124983 -1.678471
v -0.816605 -0.125622 -1.694061
v -0.829876 -0.080081 -1.701189
v -0.835597 -0.086588 -1.655754
v -0.839425 -0.095880 -1.651579
v -0.835623 -0.070355 -1.669228
v -0.839415 -0.083788 -1.663806
v -0.833608 -0.081420 -1.693528
v -0.839431 -0.099417 -1.669133
v -0.833621 -0.108891 -1.670668
v -0.833636 -0.097917 -1.681333
v -0.839418 -0.066661 -1.676289
v -0.823670 -0.094233 -1.705049
v -0.816735 -0.106826 -1.710039
v -0.827665 -0.065799 -1.668286
v -0.823156 -0.076129 -1.654232
v -0.827558 -0.078871 -1.658544
v -0.827674 -0.089945 -1.647459
v -0.839438 -0.085344 -1.681148
v -0.808158 -0.126822 -1.697245
v -0.817451 -0.090529 -1.719275
v -0.814042 -0.102849 -1.715633
v -0.813980 -0.135967 -1.686068
v -0.813980 -0.118083 -1.704129
v -0.841232 -0.076911 -1.678931
v -0.824502 -0.080989 -1.654201
v -0.819140 -0.082575 -1.720023
v -0.827892 -0.087842 -1.700226
v -0.819137 -0.095131 -1.712771
v -0.823156 -0.053037 -1.606090
v -0.822989 -0.044046 -1.615795
v -0.808158 -0.175921 -1.559857
v -0.808158 -0.171418 -1.535149
v -0.808158 -0.165136 -1.516181
v -0.824162 -0.158920 -1.548612
v -0.823569 -0.154240 -1.527332
v -0.816654 -0.168085 -1.534847
v -0.827891 -0.154510 -1.584794
v -0.829876 -0.151458 -1.577579
v -0.835557 -0.111129 -1.536259
v -0.839425 -0.116896 -1.540527
v -0.835599 -0.117101 -1.556833
v -0.839407 -0.121876 -1.560674
v -0.839416 -0.137554 -1.573513
v -0.839425 -0.110167 -1.524817
v -0.839426 -0.135392 -1.553604
v -0.839426 -0.130091 -1.534208
v -0.833711 -0.137802 -1.532526
v -0.833730 -0.143031 -1.552236
v -0.835486 -0.119075 -1.577113
v -0.823670 -0.146535 -1.509952
v -0.816621 -0.159583 -1.510803
v -0.823670 -0.161877 -1.567251
v -0.816627 -0.172755 -1.559989
v -0.827674 -0.115851 -1.573552
v -0.823156 -0.107036 -1.550096
v -0.827675 -0.114004 -1.557637
v -0.827673 -0.109906 -1.542150
v -0.833631 -0.145076 -1.567355
v -0.839426 -0.122652 -1.517371
v -0.833566 -0.129770 -1.513558
v -0.827561 -0.103237 -1.527179
v -0.814042 -0.175817 -1.577570
v -0.817442 -0.172291 -1.577582
v -0.814044 -0.174745 -1.557767
v -0.808158 -0.157395 -1.499027
v -0.814044 -0.166505 -1.522359
v -0.814043 -0.157065 -1.500428
v -0.814042 -0.171628 -1.540387
v -0.841223 -0.120066 -1.528613
v -0.841212 -0.128376 -1.554188
v -0.824482 -0.100419 -1.525762
v -0.824482 -0.113334 -1.566477
v -0.824482 -0.109649 -1.547473
v -0.819139 -0.169015 -1.584835
v -0.827892 -0.154506 -1.570377
v -0.827891 -0.138589 -1.510931
v -0.829876 -0.132339 -1.506209
v -0.823003 0.042968 -1.583224
v -0.823002 -0.057830 -1.560536
v -0.823017 -0.054529 -1.552954
v -0.822871 -0.059625 -1.567420
v -0.808158 -0.144035 -1.477753
v -0.808158 -0.127641 -1.458695
v -0.808158 -0.113484 -1.446199
v -0.824160 -0.124319 -1.477387
v -0.823573 -0.109625 -1.461314
v -0.816655 -0.124585 -1.460168
v -0.835486 -0.089306 -1.502175
v -0.835597 -0.074650 -1.489120
v -0.839406 -0.085899 -1.493051
v -0.839432 -0.100796 -1.509708
v -0.839426 -0.099259 -1.485842
v -0.833712 -0.097980 -1.474015
v -0.833728 -0.112376 -1.488480
v -0.835560 -0.101720 -1.518260
v -0.823670 -0.094263 -1.450104
v -0.816678 -0.106522 -1.444816
v -0.823669 -0.136200 -1.492057
v -0.816684 -0.140880 -1.478909
v -0.823131 -0.060370 -1.515907
v -0.823155 -0.080136 -1.504627
v -0.827782 -0.095262 -1.514269
v -0.827681 -0.087240 -1.504714
v -0.827559 -0.078354 -1.496150
v -0.839426 -0.112451 -1.501018
v -0.833632 -0.121699 -1.500548
v -0.839447 -0.081171 -1.470894
v -0.833653 -0.085816 -1.464687
v -0.823008 -0.058436 -1.504680
v -0.823156 -0.096498 -1.525778
v -0.827560 -0.065377 -1.486672
v -0.817451 -0.150424 -1.495762
v -0.814042 -0.146783 -1.483442
v -0.808158 -0.098743 -1.435560
v -0.814043 -0.118614 -1.451552
v -0.814042 -0.102850 -1.439507
v -0.814044 -0.136181 -1.469354
v -0.841226 -0.084108 -1.481990
v -0.841220 -0.106064 -1.504111
v -0.824493 -0.071282 -1.492949
v -0.824482 -0.086591 -1.506657
v -0.827891 -0.131378 -1.498447
v -0.819138 -0.143922 -1.491158
v -0.819139 -0.151173 -1.503714
v -0.823120 -0.055135 -1.519175
v -0.822867 -0.049632 -1.545537
v -0.823028 -0.045023 -1.540243
v -0.823013 -0.038229 -1.534695
v -0.808158 -0.041070 -1.412575
v -0.824161 -0.058724 -1.433004
v -0.823572 -0.037972 -1.426433
v -0.816604 -0.051706 -1.418231
v -0.827891 -0.087872 -1.454924
v -0.835560 -0.037979 -1.471220
v -0.835561 -0.021789 -1.468043
v -0.839438 -0.024816 -1.464219
v -0.835557 -0.057564 -1.478531
v -0.839425 -0.045766 -1.469394
v -0.833611 -0.072598 -1.456533
v -0.839403 -0.042103 -1.453015
v -0.833667 -0.034166 -1.443171
v -0.833729 -0.053940 -1.448586
v -0.839424 -0.065028 -1.477903
v -0.823671 -0.019070 -1.424408
v -0.816679 -0.026774 -1.413630
v -0.823669 -0.076365 -1.439776
v -0.816677 -0.074793 -1.426495
v -0.823155 -0.052063 -1.484912
v -0.823156 -0.019071 -1.476011
v -0.824656 -0.055833 -1.483122
v -0.827673 -0.043446 -1.476173
v -0.827843 -0.024101 -1.471310
v -0.839431 -0.060811 -1.459687
v -0.839438 -0.023295 -1.449556
v -0.833606 -0.013692 -1.440794
v -0.823098 -0.052478 -1.503268
v -0.823068 -0.047233 -1.506576
v -0.813980 -0.086179 -1.429368
v -0.816651 -0.091143 -1.434809
v -0.808158 -0.081626 -1.426180
v -0.808158 -0.015500 -1.409566
v -0.813980 -0.039070 -1.413124
v -0.814112 -0.015507 -1.410559
v -0.808158 -0.065298 -1.419238
v -0.814113 -0.063398 -1.419576
v -0.841220 -0.031334 -1.458068
v -0.841220 -0.057491 -1.465784
v -0.841214 -0.008229 -1.455788
v -0.824475 -0.012176 -1.472429
v -0.824493 -0.028353 -1.474183
v -0.824482 -0.044112 -1.478501
v -0.829876 -0.080096 -1.453960
v -0.827892 -0.075383 -1.447717
v -0.827891 -0.015944 -1.431781
v -0.829876 -0.008730 -1.434832
v -0.817370 -0.090388 -1.436145
v -0.819139 -0.095160 -1.442384
v -0.823073 -0.045860 -1.512534
v -0.823119 -0.049124 -1.517788
v -0.823071 -0.024985 -1.527995
v -0.823076 -0.013546 -1.525790
v -0.822834 -0.020478 -1.527002
v -0.808158 0.002864 -1.410331
v -0.808158 0.046780 -1.418848
v -0.823571 0.020530 -1.426430
v -0.824162 0.041285 -1.433007
v -0.816654 0.035017 -1.418525
v -0.835557 0.016863 -1.470147
v -0.835561 0.036050 -1.476762
v -0.839407 0.033231 -1.471127
v -0.839425 0.012568 -1.465196
v -0.839426 -0.004751 -1.448745
v -0.839427 0.018818 -1.451511
v -0.833713 0.026774 -1.445547
v -0.835561 -0.004588 -1.467315
v -0.839415 -0.004560 -1.463339
v -0.823671 0.058899 -1.439753
v -0.816629 0.058092 -1.426733
v -0.823669 0.001596 -1.424412
v -0.816684 0.010646 -1.413787
v -0.827560 -0.005103 -1.470520
v -0.823156 0.010248 -1.477321
v -0.827783 0.010976 -1.472144
v -0.827561 0.026299 -1.476344
v -0.833693 0.006590 -1.441689
v -0.839426 0.042039 -1.459101
v -0.833680 0.046137 -1.452293
v -0.823155 0.038027 -1.486820
v -0.824646 0.037548 -1.482777
v -0.817451 -0.008726 -1.413946
v -0.808158 0.069243 -1.428596
v -0.814043 0.045462 -1.419390
v -0.814042 0.063780 -1.427021
v -0.808158 0.022509 -1.412349
v -0.813980 0.021629 -1.413123
v -0.841220 0.024078 -1.460111
v -0.824482 0.026683 -1.478506
v -0.824455 0.007756 -1.473561
v -0.819139 -0.015987 -1.417274
v -0.827891 -0.001527 -1.431784
v -0.819138 -0.001485 -1.417276
v -0.823142 0.028601 -1.512694
v -0.823134 0.029887 -1.506668
v -0.822857 0.003275 -1.527015
v -0.823156 0.010038 -1.528412
v -0.823155 0.024236 -1.536251
v -0.808158 0.085934 -1.438737
v -0.808158 0.118285 -1.467384
v -0.823860 0.092164 -1.461903
v -0.823862 0.107585 -1.477481
v -0.816605 0.107377 -1.460335
v -0.827891 0.057919 -1.447701
v -0.829876 0.062640 -1.453952
v -0.835486 0.077847 -1.509125
v -0.839432 0.082874 -1.509111
v -0.839418 0.068540 -1.493109
v -0.835597 0.063426 -1.494075
v -0.839425 0.059124 -1.467986
v -0.833610 0.064160 -1.461727
v -0.839438 0.074815 -1.479441
v -0.839434 0.091607 -1.496446
v -0.833695 0.087967 -1.480892
v -0.835519 0.050228 -1.484387
v -0.839420 0.051627 -1.480453
v -0.823670 0.118745 -1.492027
v -0.816681 0.123433 -1.478896
v -0.823668 0.076790 -1.450091
v -0.816730 0.089406 -1.445111
v -0.827905 0.048376 -1.486725
v -0.823008 0.041149 -1.504621
v -0.823100 0.044529 -1.509771
v -0.823155 0.063507 -1.505342
v -0.827248 0.064113 -1.499065
v -0.833620 0.076450 -1.470574
v -0.833661 0.101339 -1.496329
v -0.827785 0.077739 -1.514108
v -0.823109 0.043234 -1.515837
v -0.822987 0.035164 -1.503342
v -0.808158 0.100936 -1.450099
v -0.814113 0.079748 -1.435707
v -0.817451 0.073087 -1.435865
v -0.808158 0.130113 -1.482914
v -0.813980 0.126069 -1.478527
v -0.813980 0.099783 -1.450327
v -0.814042 0.113772 -1.463915
v -0.841210 0.096700 -1.515838
v -0.841220 0.074111 -1.488321
v -0.841226 0.052710 -1.472473
v -0.824482 0.079983 -1.521008
v -0.824482 0.068452 -1.505958
v -0.824482 0.053765 -1.492900
v -0.827891 0.070402 -1.454912
v -0.819138 0.065136 -1.435117
v -0.823145 0.038060 -1.519213
v -0.823008 0.032065 -1.517860
v -0.822854 0.029216 -1.542118
v -0.822857 0.013892 -1.530773
v -0.824161 0.135846 -1.527569
v -0.823567 0.142423 -1.548299
v -0.816605 0.150443 -1.534098
v -0.827891 0.113925 -1.498418
v -0.829876 0.114890 -1.506192
v -0.835561 0.099520 -1.556339
v -0.839424 0.100981 -1.544866
v -0.835561 0.095153 -1.540463
v -0.839416 0.105307 -1.517391
v -0.833660 0.112193 -1.513623
v -0.839427 0.114528 -1.539544
v -0.833682 0.123431 -1.542372
v -0.835597 0.088581 -1.525581
v -0.839425 0.092406 -1.524142
v -0.823668 0.129072 -1.509926
v -0.816672 0.142301 -1.511260
v -0.827655 0.088377 -1.531923
v -0.823156 0.089596 -1.550097
v -0.827675 0.094984 -1.550502
v -0.833665 0.118515 -1.527635
v -0.823156 0.079509 -1.526629
v -0.808158 0.139412 -1.498030
v -0.814043 0.139620 -1.500422
v -0.817451 0.132972 -1.495739
v -0.808158 0.153395 -1.532974
v -0.814043 0.149461 -1.523388
v -0.814042 0.154188 -1.540387
v -0.808158 0.147695 -1.516181
v -0.841220 0.109721 -1.549361
v -0.824467 0.094538 -1.557490
v -0.824482 0.088959 -1.538183
v -0.819139 0.126466 -1.491129
v -0.827892 0.121131 -1.510906
v -0.811982 -0.143752 -1.670766
v -0.812041 -0.150479 -1.660160
v -0.812081 -0.165520 -1.625683
v -0.811897 -0.168538 -1.614744
v -0.811993 -0.156362 -1.649133
v -0.811980 -0.172261 -1.590755
v -0.812041 -0.172783 -1.578223
v -0.811978 -0.170817 -1.602950
v -0.811911 -0.161590 -1.637273
v -0.812079 0.154819 -1.565076
v -0.811972 0.155387 -1.577572
v -0.811980 0.151029 -1.614988
v -0.811998 0.148022 -1.625920
v -0.811980 0.154821 -1.590766
v -0.811993 0.138922 -1.649132
v -0.812126 0.133316 -1.659571
v -0.811912 0.144150 -1.637274
v -0.811981 0.153377 -1.602947
v -0.814892 0.152689 -1.577552
v -0.811911 0.093814 -1.705714
v -0.811993 0.083359 -1.713364
v -0.811897 0.112018 -1.688681
v -0.811981 0.103563 -1.697202
v -0.811909 0.126723 -1.670245
v -0.812127 0.073284 -1.719603
v -0.812078 0.119360 -1.680022
v -0.814891 0.131073 -1.658260
v -0.808158 0.152886 -1.546994
v -0.811980 0.016659 -1.739667
v -0.811979 0.004476 -1.741111
v -0.808158 0.045598 -1.732814
v -0.811999 0.027780 -1.737486
v -0.811993 0.062845 -1.725211
v -0.812040 -0.008069 -1.741632
v -0.816564 0.076744 -1.711143
v -0.814891 0.072000 -1.717347
v -0.812603 0.044893 -1.732343
v -0.812000 -0.068642 -1.730261
v -0.811980 -0.079061 -1.725798
v -0.811979 -0.046141 -1.737318
v -0.811979 -0.057976 -1.734074
v -0.811910 -0.021253 -1.741206
v -0.812040 -0.090189 -1.719975
v -0.811981 -0.034102 -1.739666
v -0.814891 -0.008704 -1.738979
v -0.812079 -0.129119 -1.688950
v -0.811897 -0.136585 -1.680401
v -0.812041 -0.120789 -1.697391
v -0.808158 -0.106373 -1.709915
v -0.811994 -0.172362 -1.565724
v -0.808158 -0.170323 -1.546981
v -0.814891 -0.089410 -1.717363
v -0.812542 -0.105996 -1.709372
v -0.811999 -0.161408 -1.517639
v -0.811982 -0.156948 -1.507227
v -0.811981 -0.165225 -1.528317
v -0.811973 -0.150840 -1.495517
v -0.814891 -0.170129 -1.577586
v -0.812604 -0.169564 -1.546606
v -0.812002 -0.110993 -1.449328
v -0.811980 -0.101922 -1.442540
v -0.811970 -0.129019 -1.465949
v -0.811982 -0.119625 -1.456656
v -0.811982 -0.143756 -1.484375
v -0.811970 -0.090768 -1.435445
v -0.812000 -0.136964 -1.475301
v -0.814891 -0.148513 -1.496879
v -0.808158 -0.039737 -1.416049
v -0.812078 -0.021213 -1.414030
v -0.812042 -0.057698 -1.420987
v -0.812081 -0.079671 -1.429696
v -0.812042 -0.009367 -1.413508
v -0.811898 -0.069290 -1.425074
v -0.814892 -0.089439 -1.437793
v -0.812486 -0.038456 -1.416427
v -0.811912 0.050987 -1.424701
v -0.811994 0.062843 -1.429928
v -0.811998 0.027781 -1.417652
v -0.811980 0.038745 -1.420514
v -0.810580 0.009680 -1.414129
v -0.812127 0.073280 -1.435533
v -0.814891 -0.008737 -1.416160
v -0.812604 0.010111 -1.414858
v -0.808158 0.115942 -1.470283
v -0.811993 0.127076 -1.485489
v -0.812000 0.102847 -1.457327
v -0.808158 0.088944 -1.445234
v -0.812041 0.133686 -1.496102
v -0.816565 0.064222 -1.436769
v -0.814891 0.071971 -1.437776
v -0.812604 0.088960 -1.446085
v -0.812604 0.115102 -1.470343
v -0.816565 0.076715 -1.443972
v -0.812040 0.147861 -1.528587
v -0.812079 0.139157 -1.506621
v -0.816565 0.124852 -1.492105
v -0.811897 0.143776 -1.516999
v -0.814891 0.131056 -1.496849
v -0.812542 0.152237 -1.547118
v -0.819139 0.077692 -1.442367
v -0.823006 0.037440 -1.553640
v -0.823025 0.033446 -1.547202
v -0.823156 -0.061060 -1.571668
v -0.819139 -0.082603 -1.435134
v -0.822997 -0.015166 -1.629195
v -0.819139 -0.015955 -1.737864
v -0.819139 0.133716 -1.503688
v -0.819142 0.133733 -1.651425
v -0.819139 0.151575 -1.584805
v -0.829876 0.062656 -1.701179
v -0.823008 -0.004331 -1.525684
v -0.819138 -0.169014 -1.570335
v -0.823120 -0.008773 -1.650561
v -0.822858 0.040265 -1.560380
v -0.822855 0.023013 -1.536447
v -0.822847 0.041142 -1.592113
v -0.822867 -0.060567 -1.574131
v -0.822847 -0.030625 -1.530480
v -0.822855 -0.033978 -1.622957
v -0.823073 -0.058461 -1.593383
v -0.791803 -0.154239 -1.661585
v -0.791803 -0.162565 -1.645414
v -0.791803 -0.173716 -1.609922
v -0.791803 -0.143338 -1.678307
v -0.791803 -0.176694 -1.584970
v -0.791803 -0.169284 -1.627098
v -0.791803 0.159308 -1.571243
v -0.791803 0.158437 -1.595722
v -0.791803 0.153812 -1.620635
v -0.791803 0.145410 -1.644777
v -0.791803 0.134004 -1.666455
v -0.791803 0.100972 -1.705011
v -0.791803 0.119038 -1.686884
v -0.791803 0.081303 -1.719579
v -0.791803 0.157433 -1.552526
v -0.791803 0.064186 -1.728959
v -0.791803 0.022574 -1.742777
v -0.791803 -0.001748 -1.745566
v -0.791803 0.046843 -1.736270
v -0.791803 -0.021276 -1.745131
v -0.791803 -0.086869 -1.726445
v -0.791803 -0.063201 -1.736636
v -0.791803 -0.038887 -1.742978
v -0.791803 -0.108014 -1.713259
v -0.791803 -0.126822 -1.697245
v -0.791803 -0.175921 -1.559857
v -0.791803 -0.171418 -1.535149
v -0.791803 -0.165136 -1.516181
v -0.791803 -0.157395 -1.499027
v -0.791803 -0.144035 -1.477753
v -0.791803 -0.127641 -1.458695
v -0.791803 -0.113484 -1.446199
v -0.791803 -0.098743 -1.435560
v -0.791803 -0.041070 -1.412575
v -0.791803 -0.081626 -1.426180
v -0.791803 -0.015500 -1.409566
v -0.791803 -0.065298 -1.419238
v -0.791803 0.002864 -1.410331
v -0.791803 0.046780 -1.418848
v -0.791803 0.069243 -1.428596
v -0.791803 0.022509 -1.412349
v -0.791803 0.085934 -1.438737
v -0.791803 0.118285 -1.467384
v -0.791803 0.100936 -1.450099
v -0.791803 0.130113 -1.482914
v -0.791803 0.139412 -1.498030
v -0.791803 0.153395 -1.532974
v -0.791803 0.147695 -1.516181
v -0.791803 0.152886 -1.546994
v -0.791803 0.045598 -1.732814
v -0.791803 -0.106373 -1.709915
v -0.791803 -0.170323 -1.546981
v -0.791803 -0.039737 -1.416049
v -0.791803 0.115942 -1.470283
v -0.791803 0.088944 -1.445234
v -0.811037 -0.008089 -1.744255
v -0.819162 0.028752 -1.761893
v -0.811037 -0.040780 -1.741035
v -0.819162 0.064176 -1.751147
v -0.811037 -0.072215 -1.731500
v -0.819162 0.096824 -1.733697
v -0.811037 -0.101186 -1.716014
v -0.819162 0.125439 -1.710212
v -0.811037 -0.126580 -1.695175
v -0.819162 0.148924 -1.681596
v -0.811037 -0.147419 -1.669782
v -0.819162 0.166374 -1.648949
v -0.811037 -0.162904 -1.640811
v -0.819162 0.177120 -1.613524
v -0.811037 -0.172440 -1.609375
v -0.819162 0.180749 -1.576684
v -0.811037 -0.175660 -1.576684
v -0.819162 0.177120 -1.539844
v -0.811037 -0.172440 -1.543993
v -0.819162 0.166374 -1.504419
v -0.811037 -0.162904 -1.512557
v -0.819162 0.148924 -1.471772
v -0.811037 -0.147419 -1.483586
v -0.819162 0.125439 -1.443156
v -0.811037 -0.126580 -1.458193
v -0.819162 0.096824 -1.419671
v -0.811037 -0.101186 -1.437354
v -0.819162 0.064176 -1.402221
v -0.811037 -0.072215 -1.421868
v -0.819162 0.028752 -1.391475
v -0.811037 -0.040780 -1.412333
v -0.819162 -0.008089 -1.387847
v -0.811037 -0.008089 -1.409113
v -0.819162 -0.044929 -1.391475
v -0.811037 0.024603 -1.412333
v -0.819162 -0.080354 -1.402221
v -0.811037 0.056038 -1.421868
v -0.819162 -0.113001 -1.419671
v -0.811037 0.085009 -1.437354
v -0.819162 -0.141617 -1.443156
v -0.811037 0.110402 -1.458193
v -0.819162 -0.165101 -1.471772
v -0.811037 0.131242 -1.483586
v -0.819162 -0.182552 -1.504419
v -0.811037 0.146727 -1.512557
v -0.819162 -0.193298 -1.539844
v -0.811037 0.156263 -1.543993
v -0.819162 -0.196926 -1.576684
v -0.811037 0.159482 -1.576684
v -0.819162 -0.193298 -1.613524
v -0.811037 0.156263 -1.609375
v -0.819162 -0.182552 -1.648949
v -0.811037 0.146727 -1.640811
v -0.819162 -0.165101 -1.681596
v -0.811037 0.131242 -1.669782
v -0.819162 -0.141617 -1.710212
v -0.811037 0.110402 -1.695175
v -0.819162 -0.113001 -1.733697
v -0.811037 0.085009 -1.716014
v -0.819162 -0.080354 -1.751147
v -0.811037 0.056038 -1.731500
v -0.819162 -0.044929 -1.761893
v -0.811037 0.024603 -1.741035
v -0.819162 -0.008089 -1.765521
v -0.852770 0.029123 -1.763762
v -0.852770 0.064905 -1.752907
v -0.852770 0.097882 -1.735281
v -0.852770 0.126787 -1.711559
v -0.852770 0.150508 -1.682655
v -0.852770 0.168134 -1.649678
v -0.852770 0.178989 -1.613896
v -0.852770 0.182654 -1.576684
v -0.852770 0.178989 -1.539472
v -0.852770 0.168134 -1.503690
v -0.852770 0.150508 -1.470713
v -0.852770 0.126787 -1.441809
v -0.852770 0.097882 -1.418087
v -0.852770 0.064905 -1.400461
v -0.852770 0.029123 -1.389606
v -0.852770 -0.008089 -1.385941
v -0.852770 -0.045301 -1.389606
v -0.852770 -0.081083 -1.400461
v -0.852770 -0.114060 -1.418087
v -0.852770 -0.142964 -1.441809
v -0.852770 -0.166685 -1.470713
v -0.852770 -0.184312 -1.503690
v -0.852770 -0.195166 -1.539472
v -0.852770 -0.198831 -1.576684
v -0.852770 -0.195166 -1.613896
v -0.852770 -0.184312 -1.649678
v -0.852770 -0.166685 -1.682655
v -0.852770 -0.142964 -1.711559
v -0.852770 -0.114060 -1.735281
v -0.852770 -0.081083 -1.752907
v -0.852770 -0.045301 -1.763762
v -0.852770 -0.008089 -1.767427
v -0.859420 0.033250 -1.784509
v -0.859420 0.073001 -1.772451
v -0.859420 0.109635 -1.752869
v -0.859420 0.141745 -1.726517
v -0.859420 0.168097 -1.694407
v -0.859420 0.187678 -1.657773
v -0.859420 0.199736 -1.618023
v -0.859420 0.203808 -1.576684
v -0.859420 0.199736 -1.535345
v -0.859420 0.187678 -1.495595
v -0.859420 0.168097 -1.458961
v -0.859420 0.141745 -1.426851
v -0.859420 0.109635 -1.400499
v -0.859420 0.073001 -1.380917
v -0.859420 0.033250 -1.368859
v -0.859420 -0.008089 -1.364788
v -0.859420 -0.049428 -1.368859
v -0.859420 -0.089178 -1.380917
v -0.859420 -0.125812 -1.400499
v -0.859420 -0.157922 -1.426851
v -0.859420 -0.184274 -1.458961
v -0.859420 -0.203856 -1.495595
v -0.859420 -0.215914 -1.535345
v -0.859420 -0.219985 -1.576684
v -0.859420 -0.215914 -1.618023
v -0.859420 -0.203856 -1.657773
v -0.859420 -0.184274 -1.694407
v -0.859420 -0.157922 -1.726517
v -0.859420 -0.125812 -1.752869
v -0.859420 -0.089178 -1.772451
v -0.859420 -0.049428 -1.784509
v -0.859420 -0.008089 -1.788580
v -0.873778 0.041399 -1.825478
v -0.873778 0.088986 -1.811043
v -0.873778 0.132842 -1.787601
v -0.873778 0.171282 -1.756054
v -0.873778 0.202828 -1.717614
v -0.873778 0.226270 -1.673759
v -0.873778 0.240705 -1.626172
v -0.873778 0.245579 -1.576684
v -0.873778 0.240705 -1.527196
v -0.873778 0.226270 -1.479609
v -0.873778 0.202828 -1.435754
v -0.873778 0.171282 -1.397314
v -0.873778 0.132842 -1.365767
v -0.873778 0.088986 -1.342325
v -0.873778 0.041399 -1.327890
v -0.873778 -0.008089 -1.323016
v -0.873778 -0.057577 -1.327890
v -0.873778 -0.105163 -1.342325
v -0.873778 -0.149019 -1.365767
v -0.873778 -0.187459 -1.397314
v -0.873778 -0.219006 -1.435754
v -0.873778 -0.242447 -1.479609
v -0.873778 -0.256883 -1.527196
v -0.873778 -0.261757 -1.576684
v -0.873778 -0.256883 -1.626172
v -0.873778 -0.242447 -1.673759
v -0.873778 -0.219006 -1.717614
v -0.873778 -0.187459 -1.756054
v -0.873778 -0.149019 -1.787601
v -0.873778 -0.105163 -1.811043
v -0.873778 -0.057577 -1.825478
v -0.873778 -0.008089 -1.830352
v -0.873758 0.048858 -1.862973
v -0.873758 0.103616 -1.846363
v -0.873758 0.154081 -1.819388
v -0.873758 0.198314 -1.783087
v -0.873758 0.234616 -1.738854
v -0.873758 0.261590 -1.688389
v -0.873758 0.278201 -1.633631
v -0.873758 0.283809 -1.576684
v -0.873758 0.278201 -1.519737
v -0.873758 0.261590 -1.464979
v -0.873758 0.234616 -1.414514
v -0.873758 0.198314 -1.370281
v -0.873758 0.154081 -1.333979
v -0.873758 0.103616 -1.307005
v -0.873758 0.048858 -1.290395
v -0.873758 -0.008089 -1.284786
v -0.873758 -0.065035 -1.290395
v -0.873758 -0.119793 -1.307005
v -0.873758 -0.170259 -1.333979
v -0.873758 -0.214492 -1.370281
v -0.873758 -0.250793 -1.414514
v -0.873758 -0.277768 -1.464979
v -0.873758 -0.294378 -1.519737
v -0.873758 -0.299987 -1.576684
v -0.873758 -0.294378 -1.633631
v -0.873758 -0.277768 -1.688389
v -0.873758 -0.250793 -1.738854
v -0.873758 -0.214492 -1.783087
v -0.873758 -0.170259 -1.819389
v -0.873758 -0.119793 -1.846363
v -0.873758 -0.065035 -1.862973
v -0.873758 -0.008089 -1.868582
v -0.860249 0.058957 -1.913746
v -0.860249 0.123427 -1.894190
v -0.860249 0.182842 -1.862432
v -0.860248 0.234920 -1.819692
v -0.860248 0.277659 -1.767614
v -0.860248 0.309417 -1.708199
v -0.860248 0.328974 -1.643730
v -0.860248 0.335577 -1.576684
v -0.860248 0.328974 -1.509638
v -0.860248 0.309417 -1.445169
v -0.860248 0.277659 -1.385753
v -0.860248 0.234920 -1.333676
v -0.860249 0.182842 -1.290936
v -0.860249 0.123427 -1.259178
v -0.860249 0.058957 -1.239622
v -0.860249 -0.008089 -1.233018
v -0.860249 -0.075135 -1.239622
v -0.860249 -0.139604 -1.259178
v -0.860249 -0.199019 -1.290936
v -0.860249 -0.251097 -1.333676
v -0.860248 -0.293837 -1.385754
v -0.860249 -0.325595 -1.445169
v -0.860249 -0.345151 -1.509638
v -0.860249 -0.351755 -1.576684
v -0.860249 -0.345151 -1.643730
v -0.860249 -0.325595 -1.708199
v -0.860248 -0.293837 -1.767615
v -0.860249 -0.251097 -1.819692
v -0.860249 -0.199019 -1.862432
v -0.860249 -0.139604 -1.894190
v -0.860249 -0.075135 -1.913746
v -0.860249 -0.008089 -1.920350
v -0.851319 0.061886 -1.928471
v -0.851319 0.129172 -1.908060
v -0.851319 0.191182 -1.874914
v -0.851319 0.245535 -1.830308
v -0.851319 0.290142 -1.775955
v -0.851319 0.323287 -1.713944
v -0.851319 0.343698 -1.646659
v -0.851319 0.350590 -1.576684
v -0.851319 0.343698 -1.506709
v -0.851319 0.323287 -1.439424
v -0.851319 0.290142 -1.377413
v -0.851319 0.245535 -1.323060
v -0.851319 0.191182 -1.278454
v -0.851319 0.129172 -1.245308
v -0.851319 0.061886 -1.224897
v -0.851319 -0.008089 -1.218005
v -0.851319 -0.078064 -1.224897
v -0.851319 -0.145349 -1.245308
v -0.851319 -0.207360 -1.278454
v -0.851319 -0.261713 -1.323060
v -0.851319 -0.306319 -1.377413
v -0.851319 -0.339465 -1.439424
v -0.851319 -0.359875 -1.506709
v -0.851319 -0.366767 -1.576684
v -0.851319 -0.359875 -1.646659
v -0.851319 -0.339465 -1.713944
v -0.851319 -0.306319 -1.775955
v -0.851319 -0.261713 -1.830308
v -0.851319 -0.207360 -1.874914
v -0.851319 -0.145349 -1.908060
v -0.851319 -0.078064 -1.928471
v -0.851319 -0.008089 -1.935363
v -0.711827 -0.008089 -1.742143
v -0.705796 0.026350 -1.749821
v -0.711827 -0.040368 -1.738964
v -0.705796 0.059466 -1.739776
v -0.711827 -0.071407 -1.729548
v -0.705796 0.089986 -1.723463
v -0.711827 -0.100013 -1.714258
v -0.705796 0.116736 -1.701509
v -0.711827 -0.125086 -1.693681
v -0.705796 0.138690 -1.674758
v -0.711827 -0.145663 -1.668608
v -0.705796 0.155003 -1.644239
v -0.711827 -0.160953 -1.640002
v -0.705796 0.165049 -1.611123
v -0.711827 -0.170369 -1.608963
v -0.705796 0.168440 -1.576684
v -0.711827 -0.173548 -1.576684
v -0.705796 0.165049 -1.542245
v -0.711827 -0.170369 -1.544405
v -0.705796 0.155003 -1.509129
v -0.711827 -0.160953 -1.513366
v -0.705796 0.138690 -1.478610
v -0.711827 -0.145663 -1.484760
v -0.705796 0.116736 -1.451859
v -0.711827 -0.125086 -1.459687
v -0.705796 0.089986 -1.429905
v -0.711827 -0.100013 -1.439110
v -0.705796 0.059466 -1.413592
v -0.711827 -0.071407 -1.423820
v -0.705796 0.026350 -1.403547
v -0.711827 -0.040368 -1.414404
v -0.705796 -0.008089 -1.400155
v -0.711827 -0.008089 -1.411225
v -0.705796 -0.042528 -1.403547
v -0.711827 0.024191 -1.414404
v -0.705796 -0.075644 -1.413592
v -0.711827 0.055230 -1.423820
v -0.705796 -0.106163 -1.429905
v -0.711827 0.083835 -1.439110
v -0.705796 -0.132914 -1.451859
v -0.711827 0.108909 -1.459687
v -0.705796 -0.154867 -1.478610
v -0.711827 0.129486 -1.484760
v -0.705796 -0.171181 -1.509129
v -0.711827 0.144776 -1.513366
v -0.705796 -0.181226 -1.542245
v -0.711827 0.154191 -1.544405
v -0.705796 -0.184618 -1.576684
v -0.711827 0.157370 -1.576684
v -0.705796 -0.181226 -1.611123
v -0.711827 0.154191 -1.608963
v -0.705796 -0.171181 -1.644239
v -0.711827 0.144776 -1.640002
v -0.705796 -0.154867 -1.674758
v -0.711827 0.129486 -1.668608
v -0.705796 -0.132914 -1.701509
v -0.711827 0.108909 -1.693681
v -0.705796 -0.106163 -1.723463
v -0.711827 0.083835 -1.714258
v -0.705796 -0.075644 -1.739776
v -0.711827 0.055230 -1.729548
v -0.705796 -0.042528 -1.749821
v -0.711827 0.024191 -1.738964
v -0.705796 -0.008089 -1.753213
v -0.671652 0.026799 -1.752079
v -0.671652 0.060347 -1.741902
v -0.671652 0.091265 -1.725377
v -0.671652 0.118364 -1.703137
v -0.671652 0.140604 -1.676037
v -0.671652 0.157130 -1.645120
v -0.671652 0.167306 -1.611572
v -0.671652 0.170742 -1.576684
v -0.671652 0.167306 -1.541796
v -0.671652 0.157130 -1.508248
v -0.671652 0.140604 -1.477331
v -0.671652 0.118364 -1.450231
v -0.671652 0.091265 -1.427991
v -0.671652 0.060347 -1.411466
v -0.671652 0.026799 -1.401289
v -0.671652 -0.008089 -1.397853
v -0.671652 -0.042977 -1.401289
v -0.671652 -0.076524 -1.411466
v -0.671652 -0.107442 -1.427991
v -0.671652 -0.134541 -1.450231
v -0.671652 -0.156781 -1.477331
v -0.671652 -0.173307 -1.508248
v -0.671652 -0.183484 -1.541796
v -0.671652 -0.186920 -1.576684
v -0.671652 -0.183484 -1.611572
v -0.671652 -0.173307 -1.645120
v -0.671652 -0.156781 -1.676037
v -0.671652 -0.134541 -1.703137
v -0.671652 -0.107442 -1.725377
v -0.671652 -0.076524 -1.741902
v -0.671652 -0.042977 -1.752079
v -0.671652 -0.008089 -1.755515
v -0.660037 0.032266 -1.779560
v -0.660037 0.071070 -1.767789
v -0.660037 0.106832 -1.748674
v -0.660037 0.138177 -1.722950
v -0.660037 0.163902 -1.691604
v -0.660037 0.183017 -1.655842
v -0.660037 0.194788 -1.617039
v -0.660037 0.198762 -1.576684
v -0.660037 0.194788 -1.536329
v -0.660037 0.183017 -1.497526
v -0.660037 0.163902 -1.461764
v -0.660037 0.138177 -1.430418
v -0.660037 0.106832 -1.404694
v -0.660037 0.071070 -1.385579
v -0.660037 0.032266 -1.373808
v -0.660037 -0.008089 -1.369833
v -0.660037 -0.048443 -1.373808
v -0.660037 -0.087247 -1.385579
v -0.660037 -0.123009 -1.404694
v -0.660037 -0.154354 -1.430418
v -0.660037 -0.180079 -1.461764
v -0.660037 -0.199194 -1.497526
v -0.660037 -0.210965 -1.536329
v -0.660037 -0.214940 -1.576684
v -0.660037 -0.210965 -1.617039
v -0.660037 -0.199194 -1.655843
v -0.660037 -0.180079 -1.691604
v -0.660037 -0.154354 -1.722950
v -0.660037 -0.123009 -1.748674
v -0.660037 -0.087247 -1.767789
v -0.660037 -0.048443 -1.779560
v -0.660037 -0.008089 -1.783535
v -0.644987 0.040948 -1.823208
v -0.644987 0.088100 -1.808904
v -0.644987 0.131556 -1.785677
v -0.644987 0.169645 -1.754418
v -0.644987 0.200904 -1.716329
v -0.644987 0.224132 -1.672873
v -0.644987 0.238435 -1.625721
v -0.644987 0.243265 -1.576684
v -0.644987 0.238435 -1.527647
v -0.644987 0.224132 -1.480495
v -0.644987 0.200904 -1.437039
v -0.644987 0.169645 -1.398950
v -0.644987 0.131556 -1.367691
v -0.644987 0.088100 -1.344464
v -0.644987 0.040948 -1.330160
v -0.644987 -0.008089 -1.325331
v -0.644987 -0.057125 -1.330160
v -0.644987 -0.104278 -1.344464
v -0.644987 -0.147733 -1.367691
v -0.644987 -0.185822 -1.398950
v -0.644987 -0.217082 -1.437039
v -0.644987 -0.240309 -1.480495
v -0.644987 -0.254612 -1.527647
v -0.644987 -0.259442 -1.576684
v -0.644987 -0.254612 -1.625721
v -0.644987 -0.240309 -1.672873
v -0.644987 -0.217082 -1.716329
v -0.644987 -0.185822 -1.754418
v -0.644987 -0.147733 -1.785677
v -0.644987 -0.104278 -1.808904
v -0.644987 -0.057125 -1.823208
v -0.644987 -0.008089 -1.828037
v -0.644968 0.049257 -1.864980
v -0.644968 0.104399 -1.848252
v -0.644968 0.155218 -1.821089
v -0.644968 0.199761 -1.784534
v -0.644968 0.236316 -1.739990
v -0.644968 0.263480 -1.689171
v -0.644968 0.280207 -1.634030
v -0.644968 0.285855 -1.576684
v -0.644968 0.280207 -1.519338
v -0.644968 0.263480 -1.464197
v -0.644968 0.236316 -1.413378
v -0.644968 0.199761 -1.368834
v -0.644968 0.155218 -1.332279
v -0.644968 0.104399 -1.305116
v -0.644968 0.049257 -1.288388
v -0.644968 -0.008089 -1.282741
v -0.644968 -0.065434 -1.288388
v -0.644968 -0.120576 -1.305116
v -0.644968 -0.171395 -1.332279
v -0.644968 -0.215938 -1.368834
v -0.644968 -0.252494 -1.413378
v -0.644968 -0.279657 -1.464197
v -0.644968 -0.296384 -1.519338
v -0.644968 -0.302032 -1.576684
v -0.644968 -0.296384 -1.634030
v -0.644968 -0.279657 -1.689171
v -0.644968 -0.252494 -1.739990
v -0.644968 -0.215938 -1.784534
v -0.644968 -0.171395 -1.821089
v -0.644968 -0.120576 -1.848252
v -0.644968 -0.065434 -1.864980
v -0.644968 -0.008089 -1.870628
v -0.659712 0.060184 -1.919913
v -0.659712 0.125833 -1.899999
v -0.659712 0.186335 -1.867659
v -0.659712 0.239366 -1.824138
v -0.659712 0.282887 -1.771108
v -0.659712 0.315226 -1.710605
v -0.659712 0.335140 -1.644956
v -0.659712 0.341864 -1.576684
v -0.659712 0.335140 -1.508412
v -0.659712 0.315226 -1.442763
v -0.659712 0.282887 -1.382260
v -0.659712 0.239366 -1.329230
v -0.659712 0.186335 -1.285709
v -0.659712 0.125833 -1.253369
v -0.659712 0.060184 -1.233455
v -0.659712 -0.008089 -1.226731
v -0.659712 -0.076361 -1.233455
v -0.659712 -0.142010 -1.253369
v -0.659712 -0.202512 -1.285709
v -0.659712 -0.255543 -1.329230
v -0.659712 -0.299064 -1.382260
v -0.659712 -0.331403 -1.442763
v -0.659712 -0.351318 -1.508412
v -0.659712 -0.358042 -1.576684
v -0.659712 -0.351318 -1.644956
v -0.659712 -0.331403 -1.710605
v -0.659712 -0.299064 -1.771108
v -0.659712 -0.255543 -1.824138
v -0.659712 -0.202512 -1.867659
v -0.659712 -0.142010 -1.899999
v -0.659712 -0.076361 -1.919913
v -0.659712 -0.008089 -1.926637
v -0.672400 0.062436 -1.931234
v -0.672400 0.130250 -1.910663
v -0.672400 0.192748 -1.877257
v -0.672400 0.247528 -1.832301
v -0.672400 0.292485 -1.777521
v -0.672400 0.325890 -1.715023
v -0.672400 0.346462 -1.647208
v -0.672400 0.353408 -1.576684
v -0.672400 0.346462 -1.506160
v -0.672400 0.325890 -1.438345
v -0.672400 0.292485 -1.375847
v -0.672400 0.247528 -1.321067
v -0.672400 0.192748 -1.276111
v -0.672400 0.130250 -1.242705
v -0.672400 0.062436 -1.222134
v -0.672400 -0.008089 -1.215188
v -0.672400 -0.078613 -1.222134
v -0.672400 -0.146427 -1.242705
v -0.672400 -0.208925 -1.276111
v -0.672400 -0.263705 -1.321067
v -0.672400 -0.308662 -1.375847
v -0.672400 -0.342068 -1.438345
v -0.672400 -0.362639 -1.506160
v -0.672400 -0.369585 -1.576684
v -0.672400 -0.362639 -1.647208
v -0.672400 -0.342068 -1.715023
v -0.672400 -0.308662 -1.777521
v -0.672400 -0.263705 -1.832301
v -0.672400 -0.208925 -1.877257
v -0.672400 -0.146427 -1.910663
v -0.672400 -0.078613 -1.931234
v -0.672400 -0.008089 -1.938180
v -0.808158 -0.154239 1.492974
v -0.808158 -0.162565 1.509144
v -0.808158 -0.173716 1.544636
v -0.824148 -0.158005 1.542925
v -0.816762 -0.170668 1.546365
v -0.817020 -0.164307 1.523311
v -0.827891 -0.131366 1.497838
v -0.829876 -0.132329 1.505612
v -0.835560 -0.117233 1.557208
v -0.839438 -0.122930 1.568323
v -0.839415 -0.119096 1.547268
v -0.835557 -0.111887 1.537607
v -0.839432 -0.113528 1.531181
v -0.839387 -0.115424 1.504243
v -0.833606 -0.129665 1.512921
v -0.833718 -0.118738 1.495861
v -0.839449 -0.136130 1.556787
v -0.833758 -0.140703 1.541628
v -0.823670 -0.161878 1.566639
v -0.816651 -0.173105 1.564669
v -0.835482 -0.100269 1.515288
v -0.839425 -0.105512 1.516161
v -0.823670 -0.146517 1.509345
v -0.816685 -0.159769 1.510875
v -0.827673 -0.099100 1.519381
v -0.823105 -0.092578 1.556888
v -0.823070 -0.087917 1.560847
v -0.823027 -0.093089 1.550737
v -0.827673 -0.106671 1.533485
v -0.827674 -0.112059 1.548563
v -0.839447 -0.128677 1.529672
v -0.833697 -0.135942 1.527152
v -0.833694 -0.143820 1.556538
v -0.833611 -0.145490 1.572010
v -0.823156 -0.110809 1.569338
v -0.823128 -0.082898 1.545452
v -0.823108 -0.089033 1.545933
v -0.823156 -0.102232 1.536188
v -0.827674 -0.115143 1.564293
v -0.823156 -0.091041 1.517100
v -0.808158 -0.143338 1.476251
v -0.814111 -0.149963 1.487607
v -0.816615 -0.141964 1.479698
v -0.817451 -0.150420 1.495172
v -0.814042 -0.159269 1.504488
v -0.808158 -0.176694 1.569588
v -0.813980 -0.174976 1.559038
v -0.808158 -0.169284 1.527460
v -0.813981 -0.166809 1.522479
v -0.814042 -0.171628 1.539806
v -0.841226 -0.130200 1.568377
v -0.841212 -0.124034 1.537404
v -0.841220 -0.106904 1.504529
v -0.824482 -0.113822 1.573061
v -0.824482 -0.112214 1.558116
v -0.824467 -0.101984 1.528333
v -0.824482 -0.108247 1.542908
v -0.824476 -0.093636 1.514889
v -0.819140 -0.143907 1.490548
v -0.827892 -0.138571 1.510325
v -0.819137 -0.151155 1.503105
v -0.823670 -0.136185 1.491446
v -0.823128 -0.078250 1.549444
v -0.823156 -0.072020 1.589038
v -0.822795 -0.059377 1.565561
v -0.822865 -0.055516 1.554385
v -0.822473 -0.052601 1.549424
v -0.822990 -0.081735 1.560320
v -0.822856 -0.049281 1.544556
v -0.822996 -0.060592 1.573255
v -0.823155 0.088685 1.545738
v -0.822987 0.075117 1.556597
v -0.823008 0.075773 1.550983
v -0.823048 -0.077710 1.555563
v -0.808158 0.159308 1.583315
v -0.808158 0.158437 1.558836
v -0.808158 0.153812 1.533923
v -0.808158 0.145410 1.509781
v -0.823571 0.142416 1.547729
v -0.824161 0.135846 1.526989
v -0.816605 0.150444 1.533520
v -0.827891 0.137069 1.584213
v -0.829876 0.134016 1.576998
v -0.835482 0.094259 1.537199
v -0.839415 0.095996 1.531156
v -0.839415 0.101551 1.546782
v -0.835623 0.100605 1.561235
v -0.839438 0.105371 1.567463
v -0.839438 0.119262 1.592091
v -0.839416 0.120116 1.572934
v -0.833616 0.128032 1.571786
v -0.833678 0.127202 1.592122
v -0.839427 0.117339 1.549449
v -0.833728 0.120264 1.531766
v -0.833712 0.125592 1.551469
v -0.823670 0.129092 1.509371
v -0.816667 0.142313 1.510694
v -0.835518 0.101475 1.581515
v -0.823665 0.144433 1.566675
v -0.816671 0.155063 1.557545
v -0.827652 0.098341 1.584003
v -0.827560 0.097674 1.564615
v -0.827843 0.094059 1.545938
v -0.839426 0.109753 1.526237
v -0.833652 0.114486 1.517767
v -0.823156 0.093243 1.576989
v -0.827675 0.086066 1.526900
v -0.814043 0.157394 1.595718
v -0.814043 0.158404 1.571849
v -0.816624 0.155237 1.595668
v -0.817453 0.154904 1.576995
v -0.814044 0.144971 1.511142
v -0.814113 0.152869 1.534238
v -0.814042 0.156512 1.552083
v -0.841232 0.105273 1.533058
v -0.841212 0.113207 1.573005
v -0.839425 0.104986 1.589032
v -0.824482 0.081986 1.523465
v -0.824467 0.090391 1.541736
v -0.824500 0.096611 1.577845
v -0.824493 0.094695 1.557502
v -0.819139 0.151575 1.584255
v -0.827892 0.137066 1.569795
v -0.827891 0.121150 1.510351
v -0.829877 0.114899 1.505628
v -0.823670 0.144440 1.587337
v -0.823140 0.063998 1.559896
v -0.822985 0.070359 1.560737
v -0.822987 0.072305 1.546596
v -0.823007 0.061100 1.555804
v -0.823080 0.042364 1.586941
v -0.823068 0.060968 1.550895
v -0.823144 0.065743 1.545548
v -0.822864 0.043160 1.578932
v -0.808158 0.134004 1.488103
v -0.808158 0.100972 1.449547
v -0.823859 0.106957 1.476112
v -0.823861 0.091378 1.460688
v -0.816545 0.108013 1.460257
v -0.835552 0.069147 1.498862
v -0.835518 0.056447 1.488013
v -0.839432 0.065836 1.490248
v -0.835699 0.082608 1.514727
v -0.839415 0.077832 1.502325
v -0.839449 0.098426 1.505147
v -0.833664 0.107102 1.504238
v -0.839416 0.082398 1.485768
v -0.833695 0.087957 1.480302
v -0.839432 0.088095 1.516082
v -0.823670 0.076822 1.449522
v -0.816675 0.088906 1.444049
v -0.823665 0.118758 1.491481
v -0.816668 0.124211 1.479340
v -0.823156 0.071200 1.513256
v -0.827844 0.074839 1.509566
v -0.827560 0.061439 1.496055
v -0.833668 0.098139 1.491774
v -0.839427 0.062956 1.469695
v -0.833659 0.072521 1.466927
v -0.823156 0.049471 1.493316
v -0.827674 0.048898 1.486616
v -0.808158 0.119038 1.467675
v -0.814042 0.135991 1.493440
v -0.817442 0.132943 1.495216
v -0.813979 0.125655 1.477385
v -0.808158 0.081303 1.434979
v -0.813979 0.090886 1.442616
v -0.814044 0.109493 1.458793
v -0.808158 0.157433 1.602032
v -0.841202 0.063688 1.478856
v -0.841226 0.086796 1.501438
v -0.824467 0.046784 1.487628
v -0.824492 0.059440 1.496845
v -0.824482 0.070557 1.507833
v -0.827892 0.113937 1.497866
v -0.819140 0.126478 1.490574
v -0.823093 0.019756 1.533415
v -0.823156 0.039116 1.554613
v -0.822857 0.026281 1.538589
v -0.822848 0.037800 1.553871
v -0.808158 0.064186 1.425599
v -0.808158 0.022574 1.411781
v -0.817088 0.045604 1.421722
v -0.817233 0.024404 1.416037
v -0.827891 0.070432 1.454343
v -0.835519 0.019501 1.470399
v -0.835597 0.004139 1.467424
v -0.839425 0.012544 1.464610
v -0.835557 0.038264 1.477056
v -0.839432 0.029691 1.469282
v -0.833611 0.055148 1.455945
v -0.839424 -0.009793 1.462519
v -0.839403 0.024640 1.452430
v -0.833728 0.026728 1.444983
v -0.839407 0.048348 1.477827
v -0.823670 0.001629 1.423829
v -0.816674 0.009630 1.413118
v -0.823666 0.058924 1.439196
v -0.816651 0.062804 1.428468
v -0.823156 0.022524 1.479581
v -0.827559 0.034427 1.478927
v -0.827904 0.019060 1.473350
v -0.839438 0.042645 1.458830
v -0.833650 0.041257 1.449740
v -0.839467 0.000916 1.448423
v -0.833658 0.006609 1.441049
v -0.824602 0.007759 1.472828
v -0.827675 -0.005415 1.469861
v -0.814112 0.069838 1.429452
v -0.817451 0.073097 1.435290
v -0.808158 -0.001748 1.408992
v -0.813980 0.023115 1.412825
v -0.814042 0.003767 1.410357
v -0.808158 0.046843 1.418288
v -0.814112 0.047034 1.419371
v -0.841232 0.028004 1.460475
v -0.823154 -0.016367 1.474904
v -0.824500 -0.007863 1.471659
v -0.824500 0.028955 1.478623
v -0.819139 0.077720 1.441802
v -0.827892 0.057943 1.447136
v -0.819139 0.065162 1.434554
v -0.823099 -0.003994 1.502611
v -0.823138 -0.000520 1.496663
v -0.822857 -0.004916 1.525155
v -0.822866 0.004160 1.526708
v -0.823074 -0.016594 1.496526
v -0.823069 -0.013906 1.490644
v -0.823008 0.031692 1.544152
v -0.823155 0.005577 1.526011
v -0.822857 0.010824 1.528858
v -0.808158 -0.021276 1.409427
v -0.808158 -0.086869 1.428113
v -0.808158 -0.063201 1.417922
v -0.817341 -0.041195 1.416048
v -0.817027 -0.062581 1.421454
v -0.827891 -0.001495 1.431200
v -0.829876 -0.008711 1.434253
v -0.835519 -0.037652 1.470562
v -0.835519 -0.053128 1.476064
v -0.839432 -0.046423 1.469001
v -0.835562 -0.025149 1.467988
v -0.839425 -0.029969 1.464663
v -0.833659 -0.013803 1.440301
v -0.839431 -0.041471 1.452339
v -0.833666 -0.049008 1.446382
v -0.833678 -0.033954 1.442576
v -0.835561 -0.012111 1.466738
v -0.823670 -0.076337 1.439175
v -0.816651 -0.080245 1.428468
v -0.823666 -0.019033 1.423836
v -0.816670 -0.026818 1.413044
v -0.823156 -0.050542 1.483866
v -0.827459 -0.025215 1.471092
v -0.827782 -0.043710 1.475635
v -0.839431 -0.022542 1.448853
v -0.839408 -0.064863 1.460719
v -0.833722 -0.063438 1.451726
v -0.827681 -0.055195 1.480482
v -0.814043 -0.016079 1.409947
v -0.817451 -0.008699 1.413365
v -0.814042 -0.069767 1.421441
v -0.814044 -0.086825 1.429191
v -0.808158 -0.038887 1.411580
v -0.813980 -0.052734 1.415661
v -0.814042 -0.033624 1.411758
v -0.841214 -0.044128 1.460466
v -0.841220 -0.011979 1.455080
v -0.824482 -0.062236 1.486276
v -0.824482 -0.043468 1.477663
v -0.824482 -0.027601 1.473496
v -0.827892 -0.015915 1.431203
v -0.827891 -0.075358 1.447119
v -0.819140 -0.001454 1.416693
v -0.823068 -0.013575 1.502206
v -0.823008 -0.008634 1.488500
v -0.823068 -0.061727 1.644687
v -0.822987 -0.003410 1.490605
v -0.822860 -0.024681 1.527551
v -0.823154 -0.031739 1.529199
v -0.808158 -0.108014 1.441299
v -0.824160 -0.108918 1.461404
v -0.823572 -0.124983 1.476087
v -0.816605 -0.125622 1.460497
v -0.829876 -0.080081 1.453370
v -0.835597 -0.086588 1.498804
v -0.839425 -0.095880 1.502979
v -0.835623 -0.070355 1.485330
v -0.839415 -0.083788 1.490752
v -0.833608 -0.081420 1.461030
v -0.839431 -0.099417 1.485426
v -0.833621 -0.108891 1.483890
v -0.833636 -0.097917 1.473226
v -0.839418 -0.066661 1.478269
v -0.823670 -0.094233 1.449510
v -0.816735 -0.106826 1.444519
v -0.827665 -0.065799 1.486272
v -0.823156 -0.076129 1.500326
v -0.827558 -0.078871 1.496014
v -0.827674 -0.089945 1.507099
v -0.839438 -0.085344 1.473411
v -0.808158 -0.126822 1.457313
v -0.817451 -0.090529 1.435284
v -0.814042 -0.102849 1.438925
v -0.813980 -0.135967 1.468491
v -0.813980 -0.118083 1.450430
v -0.841232 -0.076911 1.475627
v -0.824502 -0.080989 1.500357
v -0.819140 -0.082575 1.434536
v -0.827892 -0.087842 1.454332
v -0.819137 -0.095131 1.441787
v -0.823156 -0.053037 1.548468
v -0.822989 -0.044046 1.538763
v -0.808158 -0.175921 1.594701
v -0.808158 -0.171418 1.619409
v -0.808158 -0.165136 1.638377
v -0.824162 -0.158920 1.605946
v -0.823569 -0.154240 1.627226
v -0.816654 -0.168085 1.619711
v -0.827891 -0.154510 1.569764
v -0.829876 -0.151458 1.576979
v -0.835557 -0.111129 1.618299
v -0.839425 -0.116896 1.614032
v -0.835599 -0.117101 1.597725
v -0.839407 -0.121876 1.593885
v -0.839416 -0.137554 1.581045
v -0.839425 -0.110167 1.629741
v -0.839426 -0.135392 1.600955
v -0.839426 -0.130091 1.620351
v -0.833711 -0.137802 1.622032
v -0.833730 -0.143031 1.602322
v -0.835486 -0.119075 1.577446
v -0.823670 -0.146535 1.644606
v -0.816621 -0.159583 1.643756
v -0.823670 -0.161877 1.587307
v -0.816627 -0.172755 1.594570
v -0.827674 -0.115851 1.581006
v -0.823156 -0.107036 1.604462
v -0.827675 -0.114004 1.596921
v -0.827673 -0.109906 1.612408
v -0.833631 -0.145076 1.587203
v -0.839426 -0.122652 1.637187
v -0.833566 -0.129770 1.641001
v -0.827561 -0.103237 1.627380
v -0.814042 -0.175817 1.576989
v -0.817442 -0.172291 1.576976
v -0.814044 -0.174745 1.596791
v -0.808158 -0.157395 1.655531
v -0.814044 -0.166505 1.632200
v -0.814043 -0.157065 1.654130
v -0.814042 -0.171628 1.614171
v -0.841223 -0.120066 1.625945
v -0.841212 -0.128376 1.600370
v -0.824482 -0.100419 1.628797
v -0.824482 -0.113334 1.588081
v -0.824482 -0.109649 1.607086
v -0.819139 -0.169015 1.569723
v -0.827892 -0.154506 1.584181
v -0.827891 -0.138589 1.643628
v -0.829876 -0.132339 1.648349
v -0.823003 0.042968 1.571334
v -0.823002 -0.057830 1.594022
v -0.823017 -0.054529 1.601604
v -0.822871 -0.059625 1.587138
v -0.808158 -0.144035 1.676805
v -0.808158 -0.127641 1.695863
v -0.808158 -0.113484 1.708359
v -0.824160 -0.124319 1.677171
v -0.823573 -0.109625 1.693244
v -0.816655 -0.124585 1.694390
v -0.835486 -0.089306 1.652383
v -0.835597 -0.074650 1.665438
v -0.839406 -0.085899 1.661507
v -0.839432 -0.100796 1.644850
v -0.839426 -0.099259 1.668716
v -0.833712 -0.097980 1.680544
v -0.833728 -0.112376 1.666078
v -0.835560 -0.101720 1.636298
v -0.823670 -0.094263 1.704454
v -0.816678 -0.106522 1.709742
v -0.823669 -0.136200 1.662502
v -0.816684 -0.140880 1.675649
v -0.823131 -0.060370 1.638651
v -0.823155 -0.080136 1.649931
v -0.827782 -0.095262 1.640290
v -0.827681 -0.087240 1.649844
v -0.827559 -0.078354 1.658408
v -0.839426 -0.112451 1.653540
v -0.833632 -0.121699 1.654010
v -0.839447 -0.081171 1.683664
v -0.833653 -0.085816 1.689871
v -0.823008 -0.058436 1.649878
v -0.823156 -0.096498 1.628780
v -0.827560 -0.065377 1.667887
v -0.817451 -0.150424 1.658796
v -0.814042 -0.146783 1.671116
v -0.808158 -0.098743 1.718998
v -0.814043 -0.118614 1.703007
v -0.814042 -0.102850 1.715051
v -0.814044 -0.136181 1.685204
v -0.841226 -0.084108 1.672568
v -0.841220 -0.106064 1.650448
v -0.824493 -0.071282 1.661609
v -0.824482 -0.086591 1.647902
v -0.827891 -0.131378 1.656111
v -0.819138 -0.143922 1.663401
v -0.819139 -0.151173 1.650845
v -0.823120 -0.055135 1.635383
v -0.822867 -0.049632 1.609021
v -0.823028 -0.045023 1.614315
v -0.823013 -0.038229 1.619863
v -0.808158 -0.041070 1.741983
v -0.824161 -0.058724 1.721554
v -0.823572 -0.037972 1.728125
v -0.816604 -0.051706 1.736327
v -0.827891 -0.087872 1.699634
v -0.835560 -0.037979 1.683339
v -0.835561 -0.021789 1.686515
v -0.839438 -0.024816 1.690339
v -0.835557 -0.057564 1.676027
v -0.839425 -0.045766 1.685164
v -0.833611 -0.072598 1.698025
v -0.839403 -0.042103 1.701543
v -0.833667 -0.034166 1.711387
v -0.833729 -0.053940 1.705972
v -0.839424 -0.065028 1.676655
v -0.823671 -0.019070 1.730150
v -0.816679 -0.026774 1.740929
v -0.823669 -0.076365 1.714782
v -0.816677 -0.074793 1.728063
v -0.823155 -0.052063 1.669646
v -0.823156 -0.019071 1.678547
v -0.824656 -0.055833 1.671436
v -0.827673 -0.043446 1.678385
v -0.827843 -0.024101 1.683248
v -0.839431 -0.060811 1.694871
v -0.839438 -0.023295 1.705002
v -0.833606 -0.013692 1.713764
v -0.823098 -0.052478 1.651290
v -0.823068 -0.047233 1.647982
v -0.813980 -0.086179 1.725190
v -0.816651 -0.091143 1.719749
v -0.808158 -0.081626 1.728378
v -0.808158 -0.015500 1.744993
v -0.813980 -0.039070 1.741434
v -0.814112 -0.015507 1.743999
v -0.808158 -0.065298 1.735320
v -0.814113 -0.063398 1.734983
v -0.841220 -0.031334 1.696490
v -0.841220 -0.057491 1.688774
v -0.841214 -0.008229 1.698771
v -0.824475 -0.012176 1.682130
v -0.824493 -0.028353 1.680375
v -0.824482 -0.044112 1.676057
v -0.829876 -0.080096 1.700598
v -0.827892 -0.075383 1.706841
v -0.827891 -0.015944 1.722777
v -0.829876 -0.008730 1.719726
v -0.817370 -0.090388 1.718413
v -0.819139 -0.095160 1.712174
v -0.823073 -0.045860 1.642024
v -0.823119 -0.049124 1.636770
v -0.823071 -0.024985 1.626564
v -0.823076 -0.013546 1.628768
v -0.822834 -0.020478 1.627556
v -0.808158 0.002864 1.744227
v -0.808158 0.046780 1.735710
v -0.823571 0.020530 1.728128
v -0.824162 0.041285 1.721551
v -0.816654 0.035017 1.736033
v -0.835557 0.016863 1.684411
v -0.835561 0.036050 1.677796
v -0.839407 0.033231 1.683431
v -0.839425 0.012568 1.689362
v -0.839426 -0.004751 1.705813
v -0.839427 0.018818 1.703048
v -0.833713 0.026774 1.709011
v -0.835561 -0.004588 1.687243
v -0.839415 -0.004560 1.691219
v -0.823671 0.058899 1.714805
v -0.816629 0.058092 1.727825
v -0.823669 0.001596 1.730146
v -0.816684 0.010646 1.740771
v -0.827560 -0.005103 1.684038
v -0.823156 0.010248 1.677237
v -0.827783 0.010976 1.682414
v -0.827561 0.026299 1.678214
v -0.833693 0.006590 1.712869
v -0.839426 0.042039 1.695458
v -0.833680 0.046137 1.702265
v -0.823155 0.038027 1.667739
v -0.824646 0.037548 1.671781
v -0.817451 -0.008726 1.740613
v -0.808158 0.069243 1.725962
v -0.814043 0.045462 1.735168
v -0.814042 0.063780 1.727538
v -0.808158 0.022509 1.742209
v -0.813980 0.021629 1.741435
v -0.841220 0.024078 1.694447
v -0.824482 0.026683 1.676052
v -0.824455 0.007756 1.680997
v -0.819139 -0.015987 1.737284
v -0.827891 -0.001527 1.722774
v -0.819138 -0.001485 1.737282
v -0.823142 0.028601 1.641864
v -0.823134 0.029887 1.647890
v -0.822857 0.003275 1.627543
v -0.823156 0.010038 1.626146
v -0.823155 0.024236 1.618308
v -0.808158 0.085934 1.715821
v -0.808158 0.118285 1.687174
v -0.823860 0.092164 1.692655
v -0.823862 0.107585 1.677077
v -0.816605 0.107377 1.694223
v -0.827891 0.057919 1.706857
v -0.829876 0.062640 1.700606
v -0.835486 0.077847 1.645433
v -0.839432 0.082874 1.645447
v -0.839418 0.068540 1.661449
v -0.835597 0.063426 1.660483
v -0.839425 0.059124 1.686573
v -0.833610 0.064160 1.692831
v -0.839438 0.074815 1.675117
v -0.839434 0.091607 1.658112
v -0.833695 0.087967 1.673666
v -0.835519 0.050228 1.670171
v -0.839420 0.051627 1.674105
v -0.823670 0.118745 1.662531
v -0.816681 0.123433 1.675663
v -0.823668 0.076790 1.704468
v -0.816730 0.089406 1.709447
v -0.827905 0.048376 1.667833
v -0.823008 0.041149 1.649937
v -0.823100 0.044529 1.644787
v -0.823155 0.063507 1.649217
v -0.827248 0.064113 1.655493
v -0.833620 0.076450 1.683985
v -0.833661 0.101339 1.658230
v -0.827785 0.077739 1.640450
v -0.823109 0.043234 1.638721
v -0.822987 0.035164 1.651217
v -0.808158 0.100936 1.704459
v -0.814113 0.079748 1.718851
v -0.817451 0.073087 1.718694
v -0.808158 0.130113 1.671644
v -0.813980 0.126069 1.676031
v -0.813980 0.099783 1.704231
v -0.814042 0.113772 1.690643
v -0.841210 0.096700 1.638720
v -0.841220 0.074111 1.666238
v -0.841226 0.052710 1.682085
v -0.824482 0.079983 1.633551
v -0.824482 0.068452 1.648600
v -0.824482 0.053765 1.661658
v -0.827891 0.070402 1.699646
v -0.819138 0.065136 1.719441
v -0.823145 0.038060 1.635346
v -0.823008 0.032065 1.636698
v -0.822854 0.029216 1.612440
v -0.822857 0.013892 1.623785
v -0.824161 0.135846 1.626989
v -0.823567 0.142423 1.606259
v -0.816605 0.150443 1.620460
v -0.827891 0.113925 1.656140
v -0.829876 0.114890 1.648366
v -0.835561 0.099520 1.598220
v -0.839424 0.100981 1.609693
v -0.835561 0.095153 1.614095
v -0.839416 0.105307 1.637167
v -0.833660 0.112193 1.640936
v -0.839427 0.114528 1.615014
v -0.833682 0.123431 1.612186
v -0.835597 0.088581 1.628977
v -0.839425 0.092406 1.630416
v -0.823668 0.129072 1.644632
v -0.816672 0.142301 1.643298
v -0.827655 0.088377 1.622635
v -0.823156 0.089596 1.604461
v -0.827675 0.094984 1.604056
v -0.833665 0.118515 1.626923
v -0.823156 0.079509 1.627929
v -0.808158 0.139412 1.656528
v -0.814043 0.139620 1.654136
v -0.817451 0.132972 1.658819
v -0.808158 0.153395 1.621584
v -0.814043 0.149461 1.631170
v -0.814042 0.154188 1.614171
v -0.808158 0.147695 1.638377
v -0.841220 0.109721 1.605197
v -0.824467 0.094538 1.597068
v -0.824482 0.088959 1.616375
v -0.819139 0.126466 1.663429
v -0.827892 0.121131 1.643652
v -0.811982 -0.143752 1.483792
v -0.812041 -0.150479 1.494398
v -0.812081 -0.165520 1.528875
v -0.811897 -0.168538 1.539814
v -0.811993 -0.156362 1.505426
v -0.811980 -0.172261 1.563803
v -0.812041 -0.172783 1.576335
v -0.811978 -0.170817 1.551608
v -0.811911 -0.161590 1.517285
v -0.812079 0.154819 1.589483
v -0.811972 0.155387 1.576986
v -0.811980 0.151029 1.539571
v -0.811998 0.148022 1.528638
v -0.811980 0.154821 1.563792
v -0.811993 0.138922 1.505427
v -0.812126 0.133316 1.494987
v -0.811912 0.144150 1.517284
v -0.811981 0.153377 1.551611
v -0.814892 0.152689 1.577006
v -0.811911 0.093814 1.448845
v -0.811993 0.083359 1.441194
v -0.811897 0.112018 1.465877
v -0.811981 0.103563 1.457356
v -0.811909 0.126723 1.484313
v -0.812127 0.073284 1.434955
v -0.812078 0.119360 1.474537
v -0.814891 0.131073 1.496298
v -0.808158 0.152886 1.607565
v -0.811980 0.016659 1.414891
v -0.811979 0.004476 1.413448
v -0.808158 0.045598 1.421744
v -0.811999 0.027780 1.417072
v -0.811993 0.062845 1.429347
v -0.812040 -0.008069 1.412927
v -0.816564 0.076744 1.443415
v -0.814891 0.072000 1.437211
v -0.812603 0.044893 1.422215
v -0.812000 -0.068642 1.424297
v -0.811980 -0.079061 1.428760
v -0.811979 -0.046141 1.417240
v -0.811979 -0.057976 1.420484
v -0.811910 -0.021253 1.413352
v -0.812040 -0.090189 1.434583
v -0.811981 -0.034102 1.414892
v -0.814891 -0.008704 1.415579
v -0.812079 -0.129119 1.465608
v -0.811897 -0.136585 1.474157
v -0.812041 -0.120789 1.457167
v -0.808158 -0.106373 1.444643
v -0.811994 -0.172362 1.588835
v -0.808158 -0.170323 1.607577
v -0.814891 -0.089410 1.437195
v -0.812542 -0.105996 1.445186
v -0.811999 -0.161408 1.636919
v -0.811982 -0.156948 1.647331
v -0.811981 -0.165225 1.626241
v -0.811973 -0.150840 1.659042
v -0.814891 -0.170129 1.576972
v -0.812604 -0.169564 1.607952
v -0.812002 -0.110993 1.705230
v -0.811980 -0.101922 1.712019
v -0.811970 -0.129019 1.688609
v -0.811982 -0.119625 1.697902
v -0.811982 -0.143756 1.670183
v -0.811970 -0.090768 1.719113
v -0.812000 -0.136964 1.679257
v -0.814891 -0.148513 1.657679
v -0.808158 -0.039737 1.738510
v -0.812078 -0.021213 1.740528
v -0.812042 -0.057698 1.733571
v -0.812081 -0.079671 1.724862
v -0.812042 -0.009367 1.741050
v -0.811898 -0.069290 1.729484
v -0.814892 -0.089439 1.716765
v -0.812486 -0.038456 1.738132
v -0.811912 0.050987 1.729857
v -0.811994 0.062843 1.724630
v -0.811998 0.027781 1.736906
v -0.811980 0.038745 1.734045
v -0.810580 0.009680 1.740430
v -0.812127 0.073280 1.719025
v -0.814891 -0.008737 1.738398
v -0.812604 0.010111 1.739700
v -0.808158 0.115942 1.684276
v -0.811993 0.127076 1.669069
v -0.812000 0.102847 1.697232
v -0.808158 0.088944 1.709324
v -0.812041 0.133686 1.658457
v -0.816565 0.064222 1.717789
v -0.814891 0.071971 1.716782
v -0.812604 0.088960 1.708474
v -0.812604 0.115102 1.684216
v -0.816565 0.076715 1.710586
v -0.812040 0.147861 1.625971
v -0.812079 0.139157 1.647937
v -0.816565 0.124852 1.662453
v -0.811897 0.143776 1.637559
v -0.814891 0.131056 1.657709
v -0.812542 0.152237 1.607441
v -0.819139 0.077692 1.712191
v -0.823006 0.037440 1.600918
v -0.823025 0.033446 1.607357
v -0.823156 -0.061060 1.582891
v -0.819139 -0.082603 1.719425
v -0.822997 -0.015166 1.525363
v -0.819139 -0.015955 1.416694
v -0.819139 0.133716 1.650870
v -0.819142 0.133733 1.503134
v -0.819139 0.151575 1.569754
v -0.829876 0.062656 1.453379
v -0.823008 -0.004331 1.628874
v -0.819138 -0.169014 1.584224
v -0.823120 -0.008773 1.503997
v -0.822858 0.040265 1.594178
v -0.822855 0.023013 1.618111
v -0.822847 0.041142 1.562445
v -0.822867 -0.060567 1.580427
v -0.822847 -0.030625 1.624078
v -0.822855 -0.033978 1.531602
v -0.823073 -0.058461 1.561175
v -0.791803 -0.154239 1.492974
v -0.791803 -0.162565 1.509144
v -0.791803 -0.173716 1.544636
v -0.791803 -0.143338 1.476251
v -0.791803 -0.176694 1.569588
v -0.791803 -0.169284 1.527460
v -0.791803 0.159308 1.583315
v -0.791803 0.158437 1.558836
v -0.791803 0.153812 1.533923
v -0.791803 0.145410 1.509781
v -0.791803 0.134004 1.488103
v -0.791803 0.100972 1.449547
v -0.791803 0.119038 1.467675
v -0.791803 0.081303 1.434979
v -0.791803 0.157433 1.602032
v -0.791803 0.064186 1.425599
v -0.791803 0.022574 1.411781
v -0.791803 -0.001748 1.408992
v -0.791803 0.046843 1.418288
v -0.791803 -0.021276 1.409427
v -0.791803 -0.086869 1.428113
v -0.791803 -0.063201 1.417922
v -0.791803 -0.038887 1.411580
v -0.791803 -0.108014 1.441299
v -0.791803 -0.126822 1.457313
v -0.791803 -0.175921 1.594701
v -0.791803 -0.171418 1.619409
v -0.791803 -0.165136 1.638377
v -0.791803 -0.157395 1.655531
v -0.791803 -0.144035 1.676805
v -0.791803 -0.127641 1.695863
v -0.791803 -0.113484 1.708359
v -0.791803 -0.098743 1.718998
v -0.791803 -0.041070 1.741983
v -0.791803 -0.081626 1.728378
v -0.791803 -0.015500 1.744993
v -0.791803 -0.065298 1.735320
v -0.791803 0.002864 1.744227
v -0.791803 0.046780 1.735710
v -0.791803 0.069243 1.725962
v -0.791803 0.022509 1.742209
v -0.791803 0.085934 1.715821
v -0.791803 0.118285 1.687174
v -0.791803 0.100936 1.704459
v -0.791803 0.130113 1.671644
v -0.791803 0.139412 1.656528
v -0.791803 0.153395 1.621584
v -0.791803 0.147695 1.638377
v -0.791803 0.152886 1.607565
v -0.791803 0.045598 1.421744
v -0.791803 -0.106373 1.444643
v -0.791803 -0.170323 1.607577
v -0.791803 -0.039737 1.738510
v -0.791803 0.115942 1.684276
v -0.791803 0.088944 1.709324
v -0.811037 -0.008089 1.410303
v -0.819162 0.028752 1.392665
v -0.811037 -0.040780 1.413523
v -0.819162 0.064176 1.403411
v -0.811037 -0.072215 1.423059
v -0.819162 0.096824 1.420862
v -0.811037 -0.101186 1.438544
v -0.819162 0.125439 1.444346
v -0.811037 -0.126580 1.459383
v -0.819162 0.148924 1.472962
v -0.811037 -0.147419 1.484777
v -0.819162 0.166374 1.505609
v -0.811037 -0.162904 1.513747
v -0.819162 0.177120 1.541034
v -0.811037 -0.172440 1.545183
v -0.819162 0.180749 1.577874
v -0.811037 -0.175660 1.577874
v -0.819162 0.177120 1.614715
v -0.811037 -0.172440 1.610566
v -0.819162 0.166374 1.650139
v -0.811037 -0.162904 1.642001
v -0.819162 0.148924 1.682787
v -0.811037 -0.147419 1.670972
v -0.819162 0.125439 1.711402
v -0.811037 -0.126580 1.696365
v -0.819162 0.096824 1.734887
v -0.811037 -0.101186 1.717205
v -0.819162 0.064176 1.752337
v -0.811037 -0.072215 1.732690
v -0.819162 0.028752 1.763083
v -0.811037 -0.040780 1.742226
v -0.819162 -0.008089 1.766711
v -0.811037 -0.008089 1.745445
v -0.819162 -0.044929 1.763083
v -0.811037 0.024603 1.742226
v -0.819162 -0.080354 1.752337
v -0.811037 0.056038 1.732690
v -0.819162 -0.113001 1.734887
v -0.811037 0.085009 1.717205
v -0.819162 -0.141617 1.711402
v -0.811037 0.110402 1.696365
v -0.819162 -0.165101 1.682787
v -0.811037 0.131242 1.670972
v -0.819162 -0.182552 1.650139
v -0.811037 0.146727 1.642001
v -0.819162 -0.193298 1.614715
v -0.811037 0.156263 1.610566
v -0.819162 -0.196926 1.577874
v -0.811037 0.159482 1.577874
v -0.819162 -0.193298 1.541034
v -0.811037 0.156263 1.545183
v -0.819162 -0.182552 1.505609
v -0.811037 0.146727 1.513747
v -0.819162 -0.165101 1.472962
v -0.811037 0.131242 1.484777
v -0.819162 -0.141617 1.444346
v -0.811037 0.110402 1.459383
v -0.819162 -0.113001 1.420862
v -0.811037 0.085009 1.438544
v -0.819162 -0.080354 1.403411
v -0.811037 0.056038 1.423059
v -0.819162 -0.044929 1.392665
v -0.811037 0.024603 1.413523
v -0.819162 -0.008089 1.389037
v -0.852770 0.029123 1.390797
v -0.852770 0.064905 1.401651
v -0.852770 0.097882 1.419278
v -0.852770 0.126787 1.442999
v -0.852770 0.150508 1.471903
v -0.852770 0.168134 1.504880
v -0.852770 0.178989 1.540662
v -0.852770 0.182654 1.577874
v -0.852770 0.178989 1.615086
v -0.852770 0.168134 1.650868
v -0.852770 0.150508 1.683845
v -0.852770 0.126787 1.712750
v -0.852770 0.097882 1.736471
v -0.852770 0.064905 1.754097
v -0.852770 0.029123 1.764952
v -0.852770 -0.008089 1.768617
v -0.852770 -0.045301 1.764952
v -0.852770 -0.081083 1.754097
v -0.852770 -0.114060 1.736471
v -0.852770 -0.142964 1.712750
v -0.852770 -0.166685 1.683845
v -0.852770 -0.184312 1.650868
v -0.852770 -0.195166 1.615086
v -0.852770 -0.198831 1.577874
v -0.852770 -0.195166 1.540662
v -0.852770 -0.184312 1.504880
v -0.852770 -0.166685 1.471903
v -0.852770 -0.142964 1.442999
v -0.852770 -0.114060 1.419277
v -0.852770 -0.081083 1.401651
v -0.852770 -0.045301 1.390797
v -0.852770 -0.008089 1.387132
v -0.859420 0.033250 1.370049
v -0.859420 0.073001 1.382107
v -0.859420 0.109635 1.401689
v -0.859420 0.141745 1.428041
v -0.859420 0.168097 1.460151
v -0.859420 0.187678 1.496785
v -0.859420 0.199736 1.536535
v -0.859420 0.203808 1.577874
v -0.859420 0.199736 1.619213
v -0.859420 0.187678 1.658963
v -0.859420 0.168097 1.695598
v -0.859420 0.141745 1.727708
v -0.859420 0.109635 1.754060
v -0.859420 0.073001 1.773641
v -0.859420 0.033250 1.785699
v -0.859420 -0.008089 1.789770
v -0.859420 -0.049428 1.785699
v -0.859420 -0.089178 1.773641
v -0.859420 -0.125812 1.754060
v -0.859420 -0.157922 1.727708
v -0.859420 -0.184274 1.695598
v -0.859420 -0.203856 1.658963
v -0.859420 -0.215914 1.619213
v -0.859420 -0.219985 1.577874
v -0.859420 -0.215914 1.536535
v -0.859420 -0.203856 1.496785
v -0.859420 -0.184274 1.460151
v -0.859420 -0.157922 1.428041
v -0.859420 -0.125812 1.401689
v -0.859420 -0.089178 1.382107
v -0.859420 -0.049428 1.370049
v -0.859420 -0.008089 1.365978
v -0.873778 0.041399 1.329080
v -0.873778 0.088986 1.343516
v -0.873778 0.132842 1.366957
v -0.873778 0.171282 1.398504
v -0.873778 0.202828 1.436944
v -0.873778 0.226270 1.480800
v -0.873778 0.240705 1.528386
v -0.873778 0.245579 1.577874
v -0.873778 0.240705 1.627362
v -0.873778 0.226270 1.674949
v -0.873778 0.202828 1.718805
v -0.873778 0.171282 1.757245
v -0.873778 0.132842 1.788791
v -0.873778 0.088986 1.812233
v -0.873778 0.041399 1.826668
v -0.873778 -0.008089 1.831542
v -0.873778 -0.057577 1.826668
v -0.873778 -0.105163 1.812233
v -0.873778 -0.149019 1.788791
v -0.873778 -0.187459 1.757245
v -0.873778 -0.219006 1.718805
v -0.873778 -0.242447 1.674949
v -0.873778 -0.256883 1.627362
v -0.873778 -0.261757 1.577874
v -0.873778 -0.256883 1.528386
v -0.873778 -0.242447 1.480800
v -0.873778 -0.219006 1.436944
v -0.873778 -0.187459 1.398504
v -0.873778 -0.149019 1.366957
v -0.873778 -0.105163 1.343516
v -0.873778 -0.057577 1.329080
v -0.873778 -0.008089 1.324206
v -0.873758 0.048858 1.291585
v -0.873758 0.103616 1.308195
v -0.873758 0.154081 1.335170
v -0.873758 0.198314 1.371471
v -0.873758 0.234616 1.415704
v -0.873758 0.261590 1.466170
v -0.873758 0.278201 1.520928
v -0.873758 0.283809 1.577874
v -0.873758 0.278201 1.634821
v -0.873758 0.261590 1.689579
v -0.873758 0.234616 1.740044
v -0.873758 0.198314 1.784277
v -0.873758 0.154081 1.820579
v -0.873758 0.103616 1.847553
v -0.873758 0.048858 1.864164
v -0.873758 -0.008089 1.869772
v -0.873758 -0.065035 1.864164
v -0.873758 -0.119793 1.847553
v -0.873758 -0.170259 1.820579
v -0.873758 -0.214492 1.784277
v -0.873758 -0.250793 1.740044
v -0.873758 -0.277768 1.689579
v -0.873758 -0.294378 1.634821
v -0.873758 -0.299987 1.577874
v -0.873758 -0.294378 1.520928
v -0.873758 -0.277768 1.466170
v -0.873758 -0.250793 1.415704
v -0.873758 -0.214492 1.371471
v -0.873758 -0.170259 1.335170
v -0.873758 -0.119793 1.308195
v -0.873758 -0.065035 1.291585
v -0.873758 -0.008089 1.285976
v -0.860249 0.058957 1.240812
v -0.860249 0.123427 1.260368
v -0.860249 0.182842 1.292126
v -0.860248 0.234920 1.334866
v -0.860248 0.277659 1.386944
v -0.860248 0.309417 1.446359
v -0.860248 0.328974 1.510828
v -0.860248 0.335577 1.577874
v -0.860248 0.328974 1.644920
v -0.860248 0.309417 1.709389
v -0.860248 0.277659 1.768805
v -0.860248 0.234920 1.820883
v -0.860249 0.182842 1.863622
v -0.860249 0.123427 1.895380
v -0.860249 0.058957 1.914937
v -0.860249 -0.008089 1.921540
v -0.860249 -0.075135 1.914937
v -0.860249 -0.139604 1.895380
v -0.860249 -0.199019 1.863622
v -0.860249 -0.251097 1.820883
v -0.860248 -0.293837 1.768805
v -0.860249 -0.325595 1.709389
v -0.860249 -0.345151 1.644920
v -0.860249 -0.351755 1.577874
v -0.860249 -0.345151 1.510828
v -0.860249 -0.325595 1.446359
v -0.860248 -0.293837 1.386944
v -0.860249 -0.251097 1.334866
v -0.860249 -0.199019 1.292126
v -0.860249 -0.139604 1.260368
v -0.860249 -0.075135 1.240812
v -0.860249 -0.008089 1.234208
v -0.851319 0.061886 1.226088
v -0.851319 0.129172 1.246498
v -0.851319 0.191182 1.279644
v -0.851319 0.245535 1.324250
v -0.851319 0.290142 1.378603
v -0.851319 0.323287 1.440614
v -0.851319 0.343698 1.507900
v -0.851319 0.350590 1.577874
v -0.851319 0.343698 1.647849
v -0.851319 0.323287 1.715135
v -0.851319 0.290142 1.777145
v -0.851319 0.245535 1.831498
v -0.851319 0.191182 1.876105
v -0.851319 0.129172 1.909250
v -0.851319 0.061886 1.929661
v -0.851319 -0.008089 1.936553
v -0.851319 -0.078064 1.929661
v -0.851319 -0.145349 1.909250
v -0.851319 -0.207360 1.876105
v -0.851319 -0.261713 1.831498
v -0.851319 -0.306319 1.777145
v -0.851319 -0.339465 1.715135
v -0.851319 -0.359875 1.647849
v -0.851319 -0.366767 1.577874
v -0.851319 -0.359875 1.507899
v -0.851319 -0.339465 1.440614
v -0.851319 -0.306319 1.378603
v -0.851319 -0.261713 1.324250
v -0.851319 -0.207360 1.279644
v -0.851319 -0.145349 1.246498
v -0.851319 -0.078064 1.226088
v -0.851319 -0.008089 1.219196
v -0.711827 -0.008089 1.412415
v -0.705796 0.026350 1.404737
v -0.711827 -0.040368 1.415594
v -0.705796 0.059466 1.414782
v -0.711827 -0.071407 1.425010
v -0.705796 0.089986 1.431095
v -0.711827 -0.100013 1.440300
v -0.705796 0.116736 1.453049
v -0.711827 -0.125086 1.460877
v -0.705796 0.138690 1.479800
v -0.711827 -0.145663 1.485950
v -0.705796 0.155003 1.510319
v -0.711827 -0.160953 1.514556
v -0.705796 0.165049 1.543435
v -0.711827 -0.170369 1.545595
v -0.705796 0.168440 1.577874
v -0.711827 -0.173548 1.577874
v -0.705796 0.165049 1.612313
v -0.711827 -0.170369 1.610154
v -0.705796 0.155003 1.645429
v -0.711827 -0.160953 1.641193
v -0.705796 0.138690 1.675949
v -0.711827 -0.145663 1.669798
v -0.705796 0.116736 1.702699
v -0.711827 -0.125086 1.694871
v -0.705796 0.089986 1.724653
v -0.711827 -0.100013 1.715448
v -0.705796 0.059466 1.740966
v -0.711827 -0.071407 1.730739
v -0.705796 0.026350 1.751011
v -0.711827 -0.040368 1.740154
v -0.705796 -0.008089 1.754403
v -0.711827 -0.008089 1.743333
v -0.705796 -0.042528 1.751011
v -0.711827 0.024191 1.740154
v -0.705796 -0.075644 1.740966
v -0.711827 0.055230 1.730739
v -0.705796 -0.106163 1.724653
v -0.711827 0.083835 1.715448
v -0.705796 -0.132914 1.702699
v -0.711827 0.108909 1.694871
v -0.705796 -0.154867 1.675949
v -0.711827 0.129486 1.669798
v -0.705796 -0.171181 1.645429
v -0.711827 0.144776 1.641193
v -0.705796 -0.181226 1.612313
v -0.711827 0.154191 1.610154
v -0.705796 -0.184618 1.577874
v -0.711827 0.157370 1.577874
v -0.705796 -0.181226 1.543435
v -0.711827 0.154191 1.545595
v -0.705796 -0.171181 1.510319
v -0.711827 0.144776 1.514556
v -0.705796 -0.154867 1.479800
v -0.711827 0.129486 1.485950
v -0.705796 -0.132914 1.453049
v -0.711827 0.108909 1.460877
v -0.705796 -0.106163 1.431095
v -0.711827 0.083835 1.440300
v -0.705796 -0.075644 1.414782
v -0.711827 0.055230 1.425010
v -0.705796 -0.042528 1.404737
v -0.711827 0.024191 1.415594
v -0.705796 -0.008089 1.401345
v -0.671652 0.026799 1.402479
v -0.671652 0.060347 1.412656
v -0.671652 0.091265 1.429182
v -0.671652 0.118364 1.451421
v -0.671652 0.140604 1.478521
v -0.671652 0.157130 1.509439
v -0.671652 0.167306 1.542986
v -0.671652 0.170742 1.577874
v -0.671652 0.167306 1.612762
v -0.671652 0.157130 1.646310
v -0.671652 0.140604 1.677227
v -0.671652 0.118364 1.704327
v -0.671652 0.091265 1.726567
v -0.671652 0.060347 1.743093
v -0.671652 0.026799 1.753269
v -0.671652 -0.008089 1.756705
v -0.671652 -0.042977 1.753269
v -0.671652 -0.076524 1.743093
v -0.671652 -0.107442 1.726567
v -0.671652 -0.134541 1.704327
v -0.671652 -0.156781 1.677227
v -0.671652 -0.173307 1.646310
v -0.671652 -0.183484 1.612762
v -0.671652 -0.186920 1.577874
v -0.671652 -0.183484 1.542986
v -0.671652 -0.173307 1.509438
v -0.671652 -0.156781 1.478521
v -0.671652 -0.134541 1.451421
v -0.671652 -0.107442 1.429182
v -0.671652 -0.076524 1.412656
v -0.671652 -0.042977 1.402479
v -0.671652 -0.008089 1.399043
v -0.660037 0.032266 1.374998
v -0.660037 0.071070 1.386769
v -0.660037 0.106832 1.405884
v -0.660037 0.138177 1.431608
v -0.660037 0.163902 1.462954
v -0.660037 0.183017 1.498716
v -0.660037 0.194788 1.537520
v -0.660037 0.198762 1.577874
v -0.660037 0.194788 1.618229
v -0.660037 0.183017 1.657033
v -0.660037 0.163902 1.692794
v -0.660037 0.138177 1.724140
v -0.660037 0.106832 1.749865
v -0.660037 0.071070 1.768980
v -0.660037 0.032266 1.780751
v -0.660037 -0.008089 1.784725
v -0.660037 -0.048443 1.780751
v -0.660037 -0.087247 1.768980
v -0.660037 -0.123009 1.749864
v -0.660037 -0.154354 1.724140
v -0.660037 -0.180079 1.692794
v -0.660037 -0.199194 1.657033
v -0.660037 -0.210965 1.618229
v -0.660037 -0.214940 1.577874
v -0.660037 -0.210965 1.537520
v -0.660037 -0.199194 1.498716
v -0.660037 -0.180079 1.462954
v -0.660037 -0.154354 1.431608
v -0.660037 -0.123009 1.405884
v -0.660037 -0.087247 1.386769
v -0.660037 -0.048443 1.374998
v -0.660037 -0.008089 1.371023
v -0.644987 0.040948 1.331350
v -0.644987 0.088100 1.345654
v -0.644987 0.131556 1.368881
v -0.644987 0.169645 1.400141
v -0.644987 0.200904 1.438230
v -0.644987 0.224132 1.481685
v -0.644987 0.238435 1.528838
v -0.644987 0.243265 1.577874
v -0.644987 0.238435 1.626911
v -0.644987 0.224132 1.674063
v -0.644987 0.200904 1.717519
v -0.644987 0.169645 1.755608
v -0.644987 0.131556 1.786867
v -0.644987 0.088100 1.810094
v -0.644987 0.040948 1.824398
v -0.644987 -0.008089 1.829227
v -0.644987 -0.057125 1.824398
v -0.644987 -0.104278 1.810094
v -0.644987 -0.147733 1.786867
v -0.644987 -0.185822 1.755608
v -0.644987 -0.217082 1.717519
v -0.644987 -0.240309 1.674063
v -0.644987 -0.254612 1.626911
v -0.644987 -0.259442 1.577874
v -0.644987 -0.254612 1.528838
v -0.644987 -0.240309 1.481685
v -0.644987 -0.217082 1.438230
v -0.644987 -0.185822 1.400141
v -0.644987 -0.147733 1.368881
v -0.644987 -0.104278 1.345654
v -0.644987 -0.057125 1.331350
v -0.644987 -0.008089 1.326521
v -0.644968 0.049257 1.289579
v -0.644968 0.104399 1.306306
v -0.644968 0.155218 1.333469
v -0.644968 0.199761 1.370025
v -0.644968 0.236316 1.414568
v -0.644968 0.263480 1.465387
v -0.644968 0.280207 1.520529
v -0.644968 0.285855 1.577874
v -0.644968 0.280207 1.635220
v -0.644968 0.263480 1.690361
v -0.644968 0.236316 1.741181
v -0.644968 0.199761 1.785724
v -0.644968 0.155218 1.822279
v -0.644968 0.104399 1.849443
v -0.644968 0.049257 1.866170
v -0.644968 -0.008089 1.871818
v -0.644968 -0.065434 1.866170
v -0.644968 -0.120576 1.849443
v -0.644968 -0.171395 1.822279
v -0.644968 -0.215938 1.785724
v -0.644968 -0.252494 1.741180
v -0.644968 -0.279657 1.690361
v -0.644968 -0.296384 1.635220
v -0.644968 -0.302032 1.577874
v -0.644968 -0.296384 1.520529
v -0.644968 -0.279657 1.465387
v -0.644968 -0.252494 1.414568
v -0.644968 -0.215938 1.370025
v -0.644968 -0.171395 1.333469
v -0.644968 -0.120576 1.306306
v -0.644968 -0.065434 1.289579
v -0.644968 -0.008089 1.283931
v -0.659712 0.060184 1.234645
v -0.659712 0.125833 1.254560
v -0.659712 0.186335 1.286899
v -0.659712 0.239366 1.330420
v -0.659712 0.282887 1.383451
v -0.659712 0.315226 1.443953
v -0.659712 0.335140 1.509602
v -0.659712 0.341864 1.577874
v -0.659712 0.335140 1.646147
v -0.659712 0.315226 1.711795
v -0.659712 0.282887 1.772298
v -0.659712 0.239366 1.825328
v -0.659712 0.186335 1.868850
v -0.659712 0.125833 1.901189
v -0.659712 0.060184 1.921103
v -0.659712 -0.008089 1.927827
v -0.659712 -0.076361 1.921103
v -0.659712 -0.142010 1.901189
v -0.659712 -0.202512 1.868850
v -0.659712 -0.255543 1.825328
v -0.659712 -0.299064 1.772298
v -0.659712 -0.331403 1.711795
v -0.659712 -0.351318 1.646147
v -0.659712 -0.358042 1.577874
v -0.659712 -0.351318 1.509602
v -0.659712 -0.331403 1.443953
v -0.659712 -0.299064 1.383451
v -0.659712 -0.255543 1.330420
v -0.659712 -0.202512 1.286899
v -0.659712 -0.142010 1.254560
v -0.659712 -0.076361 1.234645
v -0.659712 -0.008089 1.227921
v -0.672400 0.062436 1.223324
v -0.672400 0.130250 1.243895
v -0.672400 0.192748 1.277301
v -0.672400 0.247528 1.322258
v -0.672400 0.292485 1.377038
v -0.672400 0.325890 1.439535
v -0.672400 0.346462 1.507350
v -0.672400 0.353408 1.577874
v -0.672400 0.346462 1.648399
v -0.672400 0.325890 1.716213
v -0.672400 0.292485 1.778711
v -0.672400 0.247528 1.833491
v -0.672400 0.192748 1.878448
v -0.672400 0.130250 1.911853
v -0.672400 0.062436 1.932425
v -0.672400 -0.008089 1.939370
v -0.672400 -0.078613 1.932425
v -0.672400 -0.146427 1.911853
v -0.672400 -0.208925 1.878448
v -0.672400 -0.263705 1.833491
v -0.672400 -0.308662 1.778711
v -0.672400 -0.342068 1.716213
v -0.672400 -0.362639 1.648399
v -0.672400 -0.369585 1.577874
v -0.672400 -0.362639 1.507350
v -0.672400 -0.342068 1.439535
v -0.672400 -0.308662 1.377038
v -0.672400 -0.263705 1.322258
v -0.672400 -0.208925 1.277301
v -0.672400 -0.146427 1.243895
v -0.672400 -0.078613 1.223324
v -0.672400 -0.008089 1.216378
v 0.809150 -0.154239 -1.661585
v 0.809150 -0.162565 -1.645414
v 0.809150 -0.173716 -1.609922
v 0.825140 -0.158005 -1.611633
v 0.817755 -0.170668 -1.608193
v 0.818013 -0.164307 -1.631247
v 0.828884 -0.131366 -1.656721
v 0.830869 -0.132329 -1.648946
v 0.836553 -0.117233 -1.597350
v 0.840431 -0.122930 -1.586235
v 0.840407 -0.119096 -1.607291
v 0.836549 -0.111887 -1.616951
v 0.840425 -0.113528 -1.623377
v 0.840380 -0.115424 -1.650315
v 0.834599 -0.129665 -1.641637
v 0.834711 -0.118738 -1.658697
v 0.840442 -0.136130 -1.597771
v 0.834751 -0.140703 -1.612930
v 0.824663 -0.161878 -1.587919
v 0.817644 -0.173105 -1.589889
v 0.836475 -0.100269 -1.639270
v 0.840418 -0.105512 -1.638397
v 0.824663 -0.146517 -1.645213
v 0.817678 -0.159769 -1.643683
v 0.828665 -0.099100 -1.635178
v 0.824097 -0.092578 -1.597670
v 0.824063 -0.087917 -1.593711
v 0.824020 -0.093089 -1.603821
v 0.828665 -0.106671 -1.621073
v 0.828667 -0.112059 -1.605996
v 0.840440 -0.128677 -1.624886
v 0.834690 -0.135942 -1.627406
v 0.834687 -0.143820 -1.598020
v 0.834604 -0.145490 -1.582548
v 0.824149 -0.110809 -1.585220
v 0.824121 -0.082898 -1.609107
v 0.824101 -0.089033 -1.608626
v 0.824149 -0.102232 -1.618370
v 0.828667 -0.115143 -1.590265
v 0.824149 -0.091041 -1.637458
v 0.809150 -0.143338 -1.678307
v 0.815104 -0.149963 -1.666951
v 0.817608 -0.141964 -1.674860
v 0.818444 -0.150420 -1.659386
v 0.815035 -0.159269 -1.650071
v 0.809150 -0.176694 -1.584970
v 0.814973 -0.174976 -1.595520
v 0.809150 -0.169284 -1.627098
v 0.814974 -0.166809 -1.632079
v 0.815035 -0.171628 -1.614752
v 0.842219 -0.130200 -1.586182
v 0.842205 -0.124034 -1.617154
v 0.842213 -0.106904 -1.650030
v 0.825474 -0.113822 -1.581497
v 0.825474 -0.112214 -1.596442
v 0.825460 -0.101984 -1.626225
v 0.825474 -0.108247 -1.611651
v 0.825469 -0.093636 -1.639669
v 0.820133 -0.143907 -1.664010
v 0.828885 -0.138571 -1.644233
v 0.820130 -0.151155 -1.651453
v 0.824663 -0.136185 -1.663112
v 0.824121 -0.078250 -1.605114
v 0.824149 -0.072020 -1.565520
v 0.823788 -0.059377 -1.588997
v 0.823858 -0.055516 -1.600173
v 0.823466 -0.052601 -1.605134
v 0.823983 -0.081735 -1.594238
v 0.823848 -0.049281 -1.610003
v 0.823989 -0.060592 -1.581304
v 0.824148 0.088685 -1.608820
v 0.823980 0.075117 -1.597961
v 0.824001 0.075773 -1.603575
v 0.824041 -0.077710 -1.598995
v 0.809150 0.159308 -1.571243
v 0.809150 0.158437 -1.595722
v 0.809150 0.153812 -1.620635
v 0.809150 0.145410 -1.644777
v 0.824564 0.142416 -1.606829
v 0.825154 0.135846 -1.627569
v 0.817598 0.150444 -1.621038
v 0.828884 0.137069 -1.570345
v 0.830869 0.134016 -1.577560
v 0.836475 0.094259 -1.617359
v 0.840407 0.095996 -1.623402
v 0.840407 0.101551 -1.607776
v 0.836616 0.100605 -1.593323
v 0.840431 0.105371 -1.587095
v 0.840431 0.119262 -1.562467
v 0.840408 0.120116 -1.581624
v 0.834609 0.128032 -1.582772
v 0.834671 0.127202 -1.562436
v 0.840420 0.117339 -1.605109
v 0.834721 0.120264 -1.622792
v 0.834705 0.125592 -1.603089
v 0.824663 0.129092 -1.645188
v 0.817660 0.142313 -1.643864
v 0.836511 0.101475 -1.573044
v 0.824658 0.144433 -1.587883
v 0.817664 0.155063 -1.597013
v 0.828644 0.098341 -1.570555
v 0.828553 0.097674 -1.589943
v 0.828836 0.094059 -1.608620
v 0.840419 0.109753 -1.628321
v 0.834645 0.114486 -1.636791
v 0.824149 0.093243 -1.577570
v 0.828668 0.086066 -1.627658
v 0.815036 0.157394 -1.558841
v 0.815036 0.158404 -1.582709
v 0.817617 0.155237 -1.558890
v 0.818445 0.154904 -1.577563
v 0.815037 0.144971 -1.643417
v 0.815106 0.152869 -1.620320
v 0.815035 0.156512 -1.602475
v 0.842225 0.105273 -1.621500
v 0.842205 0.113207 -1.581554
v 0.840418 0.104986 -1.565526
v 0.825474 0.081986 -1.631093
v 0.825460 0.090391 -1.612822
v 0.825493 0.096611 -1.576714
v 0.825486 0.094695 -1.597056
v 0.820132 0.151575 -1.570303
v 0.828885 0.137066 -1.584763
v 0.828884 0.121150 -1.644207
v 0.830870 0.114899 -1.648930
v 0.824663 0.144440 -1.567221
v 0.824133 0.063998 -1.594662
v 0.823978 0.070359 -1.593821
v 0.823980 0.072305 -1.607962
v 0.824000 0.061100 -1.598754
v 0.824073 0.042364 -1.567617
v 0.824061 0.060968 -1.603663
v 0.824137 0.065743 -1.609010
v 0.823857 0.043160 -1.575626
v 0.809150 0.134004 -1.666455
v 0.809150 0.100972 -1.705011
v 0.824852 0.106957 -1.678446
v 0.824854 0.091378 -1.693871
v 0.817538 0.108013 -1.694301
v 0.836545 0.069147 -1.655696
v 0.836511 0.056447 -1.666546
v 0.840425 0.065836 -1.664310
v 0.836692 0.082608 -1.639831
v 0.840407 0.077832 -1.652233
v 0.840442 0.098426 -1.649411
v 0.834657 0.107102 -1.650321
v 0.840408 0.082398 -1.668790
v 0.834688 0.087957 -1.674256
v 0.840425 0.088095 -1.638476
v 0.824663 0.076822 -1.705036
v 0.817668 0.088906 -1.710509
v 0.824658 0.118758 -1.663077
v 0.817661 0.124211 -1.675218
v 0.824149 0.071200 -1.641302
v 0.828837 0.074839 -1.644992
v 0.828553 0.061439 -1.658503
v 0.834661 0.098139 -1.662784
v 0.840420 0.062956 -1.684863
v 0.834651 0.072521 -1.687631
v 0.824149 0.049471 -1.661242
v 0.828667 0.048898 -1.667943
v 0.809150 0.119038 -1.686884
v 0.815035 0.135991 -1.661118
v 0.818435 0.132943 -1.659342
v 0.814972 0.125655 -1.677173
v 0.809150 0.081303 -1.719579
v 0.814972 0.090886 -1.711942
v 0.815037 0.109493 -1.695765
v 0.809150 0.157433 -1.552526
v 0.842195 0.063688 -1.675703
v 0.842219 0.086796 -1.653120
v 0.825460 0.046784 -1.666930
v 0.825485 0.059440 -1.657713
v 0.825474 0.070557 -1.646725
v 0.828885 0.113937 -1.656692
v 0.820133 0.126478 -1.663984
v 0.824086 0.019756 -1.621143
v 0.824149 0.039116 -1.599945
v 0.823850 0.026281 -1.615970
v 0.823841 0.037800 -1.600687
v 0.809150 0.064186 -1.728959
v 0.809150 0.022574 -1.742777
v 0.818081 0.045604 -1.732836
v 0.818226 0.024404 -1.738521
v 0.828884 0.070432 -1.700215
v 0.836512 0.019501 -1.684159
v 0.836590 0.004139 -1.687135
v 0.840418 0.012544 -1.689949
v 0.836549 0.038264 -1.677502
v 0.840425 0.029691 -1.685277
v 0.834604 0.055148 -1.698613
v 0.840417 -0.009793 -1.692039
v 0.840396 0.024640 -1.702129
v 0.834721 0.026728 -1.709575
v 0.840400 0.048348 -1.676731
v 0.824663 0.001629 -1.730729
v 0.817667 0.009630 -1.741440
v 0.824659 0.058924 -1.715362
v 0.817644 0.062804 -1.726090
v 0.824149 0.022524 -1.674977
v 0.828552 0.034427 -1.675631
v 0.828897 0.019060 -1.681209
v 0.840431 0.042645 -1.695728
v 0.834643 0.041257 -1.704819
v 0.840460 0.000916 -1.706136
v 0.834650 0.006609 -1.713509
v 0.825595 0.007759 -1.681731
v 0.828668 -0.005415 -1.684697
v 0.815105 0.069838 -1.725106
v 0.818444 0.073097 -1.719268
v 0.809150 -0.001748 -1.745566
v 0.814973 0.023115 -1.741734
v 0.815035 0.003767 -1.744201
v 0.809150 0.046843 -1.736270
v 0.815105 0.047034 -1.735188
v 0.842225 0.028004 -1.694083
v 0.824147 -0.016367 -1.679654
v 0.825493 -0.007863 -1.682900
v 0.825493 0.028955 -1.675935
v 0.820132 0.077720 -1.712756
v 0.828885 0.057943 -1.707422
v 0.820132 0.065162 -1.720005
v 0.824092 -0.003994 -1.651948
v 0.824131 -0.000520 -1.657895
v 0.823850 -0.004916 -1.629403
v 0.823859 0.004160 -1.627850
v 0.824067 -0.016594 -1.658032
v 0.824062 -0.013906 -1.663914
v 0.824001 0.031692 -1.610406
v 0.824148 0.005577 -1.628547
v 0.823850 0.010824 -1.625700
v 0.809150 -0.021276 -1.745131
v 0.809150 -0.086869 -1.726445
v 0.809150 -0.063201 -1.736636
v 0.818334 -0.041195 -1.738510
v 0.818020 -0.062581 -1.733104
v 0.828884 -0.001495 -1.723358
v 0.830869 -0.008711 -1.720305
v 0.836512 -0.037652 -1.683996
v 0.836512 -0.053128 -1.678494
v 0.840425 -0.046423 -1.685557
v 0.836555 -0.025149 -1.686571
v 0.840418 -0.029969 -1.689895
v 0.834651 -0.013803 -1.714257
v 0.840424 -0.041471 -1.702219
v 0.834659 -0.049008 -1.708176
v 0.834671 -0.033954 -1.711982
v 0.836554 -0.012111 -1.687821
v 0.824663 -0.076337 -1.715383
v 0.817644 -0.080245 -1.726090
v 0.824659 -0.019033 -1.730723
v 0.817663 -0.026818 -1.741514
v 0.824149 -0.050542 -1.670692
v 0.828452 -0.025215 -1.683466
v 0.828775 -0.043710 -1.678923
v 0.840424 -0.022542 -1.705705
v 0.840401 -0.064863 -1.693839
v 0.834714 -0.063438 -1.702832
v 0.828674 -0.055195 -1.674077
v 0.815036 -0.016079 -1.744611
v 0.818444 -0.008699 -1.741194
v 0.815035 -0.069767 -1.733117
v 0.815037 -0.086825 -1.725367
v 0.809150 -0.038887 -1.742978
v 0.814973 -0.052734 -1.738897
v 0.815035 -0.033624 -1.742801
v 0.842207 -0.044128 -1.694092
v 0.842213 -0.011979 -1.699479
v 0.825474 -0.062236 -1.668282
v 0.825474 -0.043468 -1.676895
v 0.825474 -0.027601 -1.681063
v 0.828885 -0.015915 -1.723355
v 0.828884 -0.075358 -1.707439
v 0.820133 -0.001454 -1.737865
v 0.824061 -0.013575 -1.652352
v 0.824001 -0.008634 -1.666058
v 0.824061 -0.061727 -1.509871
v 0.823980 -0.003410 -1.663953
v 0.823853 -0.024681 -1.627007
v 0.824147 -0.031739 -1.625359
v 0.809150 -0.108014 -1.713259
v 0.825153 -0.108918 -1.693154
v 0.824565 -0.124983 -1.678471
v 0.817598 -0.125622 -1.694061
v 0.830869 -0.080081 -1.701189
v 0.836590 -0.086588 -1.655754
v 0.840418 -0.095880 -1.651579
v 0.836616 -0.070355 -1.669228
v 0.840407 -0.083788 -1.663806
v 0.834601 -0.081420 -1.693528
v 0.840424 -0.099417 -1.669133
v 0.834614 -0.108891 -1.670668
v 0.834629 -0.097917 -1.681333
v 0.840411 -0.066661 -1.676289
v 0.824663 -0.094233 -1.705049
v 0.817728 -0.106826 -1.710039
v 0.828658 -0.065799 -1.668286
v 0.824149 -0.076129 -1.654232
v 0.828551 -0.078871 -1.658544
v 0.828667 -0.089945 -1.647459
v 0.840431 -0.085344 -1.681148
v 0.809150 -0.126822 -1.697245
v 0.818444 -0.090529 -1.719275
v 0.815035 -0.102849 -1.715633
v 0.814973 -0.135967 -1.686068
v 0.814973 -0.118083 -1.704129
v 0.842225 -0.076911 -1.678931
v 0.825494 -0.080989 -1.654201
v 0.820133 -0.082575 -1.720023
v 0.828885 -0.087842 -1.700226
v 0.820130 -0.095131 -1.712771
v 0.824149 -0.053037 -1.606090
v 0.823982 -0.044046 -1.615795
v 0.809150 -0.175921 -1.559857
v 0.809150 -0.171418 -1.535149
v 0.809150 -0.165136 -1.516181
v 0.825155 -0.158920 -1.548612
v 0.824562 -0.154240 -1.527332
v 0.817647 -0.168085 -1.534847
v 0.828884 -0.154510 -1.584794
v 0.830869 -0.151458 -1.577579
v 0.836549 -0.111129 -1.536259
v 0.840418 -0.116896 -1.540527
v 0.836591 -0.117101 -1.556833
v 0.840400 -0.121876 -1.560674
v 0.840408 -0.137554 -1.573513
v 0.840418 -0.110167 -1.524817
v 0.840419 -0.135392 -1.553604
v 0.840419 -0.130091 -1.534208
v 0.834704 -0.137802 -1.532526
v 0.834723 -0.143031 -1.552236
v 0.836479 -0.119075 -1.577113
v 0.824663 -0.146535 -1.509952
v 0.817614 -0.159583 -1.510803
v 0.824663 -0.161877 -1.567251
v 0.817620 -0.172755 -1.559989
v 0.828667 -0.115851 -1.573552
v 0.824149 -0.107036 -1.550096
v 0.828668 -0.114004 -1.557637
v 0.828665 -0.109906 -1.542150
v 0.834624 -0.145076 -1.567355
v 0.840419 -0.122652 -1.517371
v 0.834559 -0.129770 -1.513558
v 0.828554 -0.103237 -1.527179
v 0.815035 -0.175817 -1.577570
v 0.818435 -0.172291 -1.577582
v 0.815037 -0.174745 -1.557767
v 0.809150 -0.157395 -1.499027
v 0.815037 -0.166505 -1.522359
v 0.815036 -0.157065 -1.500428
v 0.815035 -0.171628 -1.540387
v 0.842216 -0.120066 -1.528613
v 0.842205 -0.128376 -1.554188
v 0.825474 -0.100419 -1.525762
v 0.825474 -0.113334 -1.566477
v 0.825474 -0.109649 -1.547473
v 0.820132 -0.169015 -1.584835
v 0.828885 -0.154506 -1.570377
v 0.828884 -0.138589 -1.510931
v 0.830869 -0.132339 -1.506209
v 0.823996 0.042968 -1.583224
v 0.823995 -0.057830 -1.560536
v 0.824010 -0.054529 -1.552954
v 0.823864 -0.059625 -1.567420
v 0.809150 -0.144035 -1.477753
v 0.809150 -0.127641 -1.458695
v 0.809150 -0.113484 -1.446199
v 0.825153 -0.124319 -1.477387
v 0.824566 -0.109625 -1.461314
v 0.817648 -0.124585 -1.460168
v 0.836479 -0.089306 -1.502175
v 0.836590 -0.074650 -1.489120
v 0.840399 -0.085899 -1.493051
v 0.840425 -0.100796 -1.509708
v 0.840419 -0.099259 -1.485842
v 0.834705 -0.097980 -1.474015
v 0.834721 -0.112376 -1.488480
v 0.836553 -0.101720 -1.518260
v 0.824663 -0.094263 -1.450104
v 0.817671 -0.106522 -1.444816
v 0.824661 -0.136200 -1.492057
v 0.817677 -0.140880 -1.478909
v 0.824124 -0.060370 -1.515907
v 0.824148 -0.080136 -1.504627
v 0.828775 -0.095262 -1.514269
v 0.828674 -0.087240 -1.504714
v 0.828552 -0.078354 -1.496150
v 0.840419 -0.112451 -1.501018
v 0.834625 -0.121699 -1.500548
v 0.840440 -0.081171 -1.470894
v 0.834646 -0.085816 -1.464687
v 0.824001 -0.058436 -1.504680
v 0.824149 -0.096498 -1.525778
v 0.828553 -0.065377 -1.486672
v 0.818444 -0.150424 -1.495762
v 0.815035 -0.146783 -1.483442
v 0.809150 -0.098743 -1.435560
v 0.815036 -0.118614 -1.451552
v 0.815035 -0.102850 -1.439507
v 0.815037 -0.136181 -1.469354
v 0.842219 -0.084108 -1.481990
v 0.842213 -0.106064 -1.504111
v 0.825486 -0.071282 -1.492949
v 0.825474 -0.086591 -1.506657
v 0.828884 -0.131378 -1.498447
v 0.820131 -0.143922 -1.491158
v 0.820132 -0.151173 -1.503714
v 0.824113 -0.055135 -1.519175
v 0.823860 -0.049632 -1.545537
v 0.824021 -0.045023 -1.540243
v 0.824006 -0.038229 -1.534695
v 0.809150 -0.041070 -1.412575
v 0.825154 -0.058724 -1.433004
v 0.824565 -0.037972 -1.426433
v 0.817597 -0.051706 -1.418231
v 0.828884 -0.087872 -1.454924
v 0.836553 -0.037979 -1.471220
v 0.836554 -0.021789 -1.468043
v 0.840431 -0.024816 -1.464219
v 0.836549 -0.057564 -1.478531
v 0.840418 -0.045766 -1.469394
v 0.834604 -0.072598 -1.456533
v 0.840396 -0.042103 -1.453015
v 0.834660 -0.034166 -1.443171
v 0.834722 -0.053940 -1.448586
v 0.840417 -0.065028 -1.477903
v 0.824664 -0.019070 -1.424408
v 0.817672 -0.026774 -1.413630
v 0.824661 -0.076365 -1.439776
v 0.817670 -0.074793 -1.426495
v 0.824148 -0.052063 -1.484912
v 0.824149 -0.019071 -1.476011
v 0.825649 -0.055833 -1.483122
v 0.828665 -0.043446 -1.476173
v 0.828836 -0.024101 -1.471310
v 0.840424 -0.060811 -1.459687
v 0.840431 -0.023295 -1.449556
v 0.834599 -0.013692 -1.440794
v 0.824091 -0.052478 -1.503268
v 0.824061 -0.047233 -1.506576
v 0.814973 -0.086179 -1.429368
v 0.817644 -0.091143 -1.434809
v 0.809150 -0.081626 -1.426180
v 0.809150 -0.015500 -1.409566
v 0.814973 -0.039070 -1.413124
v 0.815105 -0.015507 -1.410559
v 0.809150 -0.065298 -1.419238
v 0.815106 -0.063398 -1.419576
v 0.842213 -0.031334 -1.458068
v 0.842213 -0.057491 -1.465784
v 0.842207 -0.008229 -1.455788
v 0.825468 -0.012176 -1.472429
v 0.825486 -0.028353 -1.474183
v 0.825474 -0.044112 -1.478501
v 0.830869 -0.080096 -1.453960
v 0.828885 -0.075383 -1.447717
v 0.828884 -0.015944 -1.431781
v 0.830869 -0.008730 -1.434832
v 0.818362 -0.090388 -1.436145
v 0.820132 -0.095160 -1.442384
v 0.824066 -0.045860 -1.512534
v 0.824112 -0.049124 -1.517788
v 0.824064 -0.024985 -1.527995
v 0.824069 -0.013546 -1.525790
v 0.823826 -0.020478 -1.527002
v 0.809150 0.002864 -1.410331
v 0.809150 0.046780 -1.418848
v 0.824564 0.020530 -1.426430
v 0.825155 0.041285 -1.433007
v 0.817647 0.035017 -1.418525
v 0.836549 0.016863 -1.470147
v 0.836554 0.036050 -1.476762
v 0.840400 0.033231 -1.471127
v 0.840418 0.012568 -1.465196
v 0.840419 -0.004751 -1.448745
v 0.840420 0.018818 -1.451511
v 0.834706 0.026774 -1.445547
v 0.836554 -0.004588 -1.467315
v 0.840407 -0.004560 -1.463339
v 0.824664 0.058899 -1.439753
v 0.817622 0.058092 -1.426733
v 0.824661 0.001596 -1.424412
v 0.817677 0.010646 -1.413787
v 0.828553 -0.005103 -1.470520
v 0.824149 0.010248 -1.477321
v 0.828776 0.010976 -1.472144
v 0.828554 0.026299 -1.476344
v 0.834686 0.006590 -1.441689
v 0.840419 0.042039 -1.459101
v 0.834672 0.046137 -1.452293
v 0.824148 0.038027 -1.486820
v 0.825639 0.037548 -1.482777
v 0.818444 -0.008726 -1.413946
v 0.809150 0.069243 -1.428596
v 0.815036 0.045462 -1.419390
v 0.815035 0.063780 -1.427021
v 0.809150 0.022509 -1.412349
v 0.814973 0.021629 -1.413123
v 0.842213 0.024078 -1.460111
v 0.825474 0.026683 -1.478506
v 0.825448 0.007756 -1.473561
v 0.820132 -0.015987 -1.417274
v 0.828884 -0.001527 -1.431784
v 0.820131 -0.001485 -1.417276
v 0.824135 0.028601 -1.512694
v 0.824127 0.029887 -1.506668
v 0.823850 0.003275 -1.527015
v 0.824149 0.010038 -1.528412
v 0.824148 0.024236 -1.536251
v 0.809150 0.085934 -1.438737
v 0.809150 0.118285 -1.467384
v 0.824853 0.092164 -1.461903
v 0.824855 0.107585 -1.477481
v 0.817598 0.107377 -1.460335
v 0.828884 0.057919 -1.447701
v 0.830869 0.062640 -1.453952
v 0.836479 0.077847 -1.509125
v 0.840425 0.082874 -1.509111
v 0.840411 0.068540 -1.493109
v 0.836590 0.063426 -1.494075
v 0.840418 0.059124 -1.467986
v 0.834603 0.064160 -1.461727
v 0.840431 0.074815 -1.479441
v 0.840427 0.091607 -1.496446
v 0.834688 0.087967 -1.480892
v 0.836512 0.050228 -1.484387
v 0.840413 0.051627 -1.480453
v 0.824663 0.118745 -1.492027
v 0.817673 0.123433 -1.478896
v 0.824660 0.076790 -1.450091
v 0.817723 0.089406 -1.445111
v 0.828898 0.048376 -1.486725
v 0.824001 0.041149 -1.504621
v 0.824093 0.044529 -1.509771
v 0.824148 0.063507 -1.505342
v 0.828241 0.064113 -1.499065
v 0.834613 0.076450 -1.470574
v 0.834654 0.101339 -1.496329
v 0.828778 0.077739 -1.514108
v 0.824102 0.043234 -1.515837
v 0.823980 0.035164 -1.503342
v 0.809150 0.100936 -1.450099
v 0.815106 0.079748 -1.435707
v 0.818444 0.073087 -1.435865
v 0.809150 0.130113 -1.482914
v 0.814973 0.126069 -1.478527
v 0.814973 0.099783 -1.450327
v 0.815035 0.113772 -1.463915
v 0.842202 0.096700 -1.515838
v 0.842213 0.074111 -1.488321
v 0.842219 0.052710 -1.472473
v 0.825474 0.079983 -1.521008
v 0.825474 0.068452 -1.505958
v 0.825474 0.053765 -1.492900
v 0.828884 0.070402 -1.454912
v 0.820131 0.065136 -1.435117
v 0.824138 0.038060 -1.519213
v 0.824001 0.032065 -1.517860
v 0.823846 0.029216 -1.542118
v 0.823850 0.013892 -1.530773
v 0.825154 0.135846 -1.527569
v 0.824560 0.142423 -1.548299
v 0.817598 0.150443 -1.534098
v 0.828884 0.113925 -1.498418
v 0.830869 0.114890 -1.506192
v 0.836554 0.099520 -1.556339
v 0.840417 0.100981 -1.544866
v 0.836554 0.095153 -1.540463
v 0.840408 0.105307 -1.517391
v 0.834652 0.112193 -1.513623
v 0.840420 0.114528 -1.539544
v 0.834675 0.123431 -1.542372
v 0.836590 0.088581 -1.525581
v 0.840418 0.092406 -1.524142
v 0.824660 0.129072 -1.509926
v 0.817665 0.142301 -1.511260
v 0.828648 0.088377 -1.531923
v 0.824149 0.089596 -1.550097
v 0.828668 0.094984 -1.550502
v 0.834658 0.118515 -1.527635
v 0.824149 0.079509 -1.526629
v 0.809150 0.139412 -1.498030
v 0.815036 0.139620 -1.500422
v 0.818444 0.132972 -1.495739
v 0.809150 0.153395 -1.532974
v 0.815036 0.149461 -1.523388
v 0.815035 0.154188 -1.540387
v 0.809150 0.147695 -1.516181
v 0.842213 0.109721 -1.549361
v 0.825460 0.094538 -1.557490
v 0.825474 0.088959 -1.538183
v 0.820132 0.126466 -1.491129
v 0.828885 0.121131 -1.510906
v 0.812975 -0.143752 -1.670766
v 0.813034 -0.150479 -1.660160
v 0.813074 -0.165520 -1.625683
v 0.812890 -0.168538 -1.614744
v 0.812986 -0.156362 -1.649133
v 0.812973 -0.172261 -1.590755
v 0.813034 -0.172783 -1.578223
v 0.812971 -0.170817 -1.602950
v 0.812904 -0.161590 -1.637273
v 0.813072 0.154819 -1.565076
v 0.812965 0.155387 -1.577572
v 0.812973 0.151029 -1.614988
v 0.812991 0.148022 -1.625920
v 0.812973 0.154821 -1.590766
v 0.812986 0.138922 -1.649132
v 0.813119 0.133316 -1.659571
v 0.812905 0.144150 -1.637274
v 0.812974 0.153377 -1.602947
v 0.815885 0.152689 -1.577552
v 0.812904 0.093814 -1.705714
v 0.812986 0.083359 -1.713364
v 0.812890 0.112018 -1.688681
v 0.812974 0.103563 -1.697202
v 0.812902 0.126723 -1.670245
v 0.813120 0.073284 -1.719603
v 0.813071 0.119360 -1.680022
v 0.815884 0.131073 -1.658260
v 0.809150 0.152886 -1.546994
v 0.812973 0.016659 -1.739667
v 0.812972 0.004476 -1.741111
v 0.809150 0.045598 -1.732814
v 0.812992 0.027780 -1.737486
v 0.812986 0.062845 -1.725211
v 0.813033 -0.008069 -1.741632
v 0.817557 0.076744 -1.711143
v 0.815884 0.072000 -1.717347
v 0.813596 0.044893 -1.732343
v 0.812993 -0.068642 -1.730261
v 0.812973 -0.079061 -1.725798
v 0.812972 -0.046141 -1.737318
v 0.812972 -0.057976 -1.734074
v 0.812903 -0.021253 -1.741206
v 0.813033 -0.090189 -1.719975
v 0.812974 -0.034102 -1.739666
v 0.815884 -0.008704 -1.738979
v 0.813072 -0.129119 -1.688950
v 0.812890 -0.136585 -1.680401
v 0.813034 -0.120789 -1.697391
v 0.809150 -0.106373 -1.709915
v 0.812987 -0.172362 -1.565724
v 0.809150 -0.170323 -1.546981
v 0.815884 -0.089410 -1.717363
v 0.813535 -0.105996 -1.709372
v 0.812992 -0.161408 -1.517639
v 0.812975 -0.156948 -1.507227
v 0.812974 -0.165225 -1.528317
v 0.812966 -0.150840 -1.495517
v 0.815884 -0.170129 -1.577586
v 0.813597 -0.169564 -1.546606
v 0.812995 -0.110993 -1.449328
v 0.812973 -0.101922 -1.442540
v 0.812963 -0.129019 -1.465949
v 0.812975 -0.119625 -1.456656
v 0.812975 -0.143756 -1.484375
v 0.812963 -0.090768 -1.435445
v 0.812993 -0.136964 -1.475301
v 0.815884 -0.148513 -1.496879
v 0.809150 -0.039737 -1.416049
v 0.813071 -0.021213 -1.414030
v 0.813035 -0.057698 -1.420987
v 0.813074 -0.079671 -1.429696
v 0.813035 -0.009367 -1.413508
v 0.812891 -0.069290 -1.425074
v 0.815885 -0.089439 -1.437793
v 0.813479 -0.038456 -1.416427
v 0.812905 0.050987 -1.424701
v 0.812987 0.062843 -1.429928
v 0.812991 0.027781 -1.417652
v 0.812973 0.038745 -1.420514
v 0.811573 0.009680 -1.414129
v 0.813120 0.073280 -1.435533
v 0.815884 -0.008737 -1.416160
v 0.813597 0.010111 -1.414858
v 0.809150 0.115942 -1.470283
v 0.812986 0.127076 -1.485489
v 0.812993 0.102847 -1.457327
v 0.809150 0.088944 -1.445234
v 0.813034 0.133686 -1.496102
v 0.817558 0.064222 -1.436769
v 0.815884 0.071971 -1.437776
v 0.813597 0.088960 -1.446085
v 0.813597 0.115102 -1.470343
v 0.817558 0.076715 -1.443972
v 0.813033 0.147861 -1.528587
v 0.813072 0.139157 -1.506621
v 0.817558 0.124852 -1.492105
v 0.812890 0.143776 -1.516999
v 0.815884 0.131056 -1.496849
v 0.813535 0.152237 -1.547118
v 0.820132 0.077692 -1.442367
v 0.823999 0.037440 -1.553640
v 0.824018 0.033446 -1.547202
v 0.824149 -0.061060 -1.571668
v 0.820132 -0.082603 -1.435134
v 0.823990 -0.015166 -1.629195
v 0.820132 -0.015955 -1.737864
v 0.820132 0.133716 -1.503688
v 0.820134 0.133733 -1.651425
v 0.820132 0.151575 -1.584805
v 0.830869 0.062656 -1.701179
v 0.824001 -0.004331 -1.525684
v 0.820131 -0.169014 -1.570335
v 0.824113 -0.008773 -1.650561
v 0.823851 0.040265 -1.560380
v 0.823847 0.023013 -1.536447
v 0.823840 0.041142 -1.592113
v 0.823860 -0.060567 -1.574131
v 0.823840 -0.030625 -1.530480
v 0.823847 -0.033978 -1.622957
v 0.824066 -0.058461 -1.593383
v 0.792796 -0.154239 -1.661585
v 0.792796 -0.162565 -1.645414
v 0.792796 -0.173716 -1.609922
v 0.792796 -0.143338 -1.678307
v 0.792796 -0.176694 -1.584970
v 0.792796 -0.169284 -1.627098
v 0.792796 0.159308 -1.571243
v 0.792796 0.158437 -1.595722
v 0.792796 0.153812 -1.620635
v 0.792796 0.145410 -1.644777
v 0.792796 0.134004 -1.666455
v 0.792796 0.100972 -1.705011
v 0.792796 0.119038 -1.686884
v 0.792796 0.081303 -1.719579
v 0.792796 0.157433 -1.552526
v 0.792796 0.064186 -1.728959
v 0.792796 0.022574 -1.742777
v 0.792796 -0.001748 -1.745566
v 0.792796 0.046843 -1.736270
v 0.792796 -0.021276 -1.745131
v 0.792796 -0.086869 -1.726445
v 0.792796 -0.063201 -1.736636
v 0.792796 -0.038887 -1.742978
v 0.792796 -0.108014 -1.713259
v 0.792796 -0.126822 -1.697245
v 0.792796 -0.175921 -1.559857
v 0.792796 -0.171418 -1.535149
v 0.792796 -0.165136 -1.516181
v 0.792796 -0.157395 -1.499027
v 0.792796 -0.144035 -1.477753
v 0.792796 -0.127641 -1.458695
v 0.792796 -0.113484 -1.446199
v 0.792796 -0.098743 -1.435560
v 0.792796 -0.041070 -1.412575
v 0.792796 -0.081626 -1.426180
v 0.792796 -0.015500 -1.409566
v 0.792796 -0.065298 -1.419238
v 0.792796 0.002864 -1.410331
v 0.792796 0.046780 -1.418848
v 0.792796 0.069243 -1.428596
v 0.792796 0.022509 -1.412349
v 0.792796 0.085934 -1.438737
v 0.792796 0.118285 -1.467384
v 0.792796 0.100936 -1.450099
v 0.792796 0.130113 -1.482914
v 0.792796 0.139412 -1.498030
v 0.792796 0.153395 -1.532974
v 0.792796 0.147695 -1.516181
v 0.792796 0.152886 -1.546994
v 0.792796 0.045598 -1.732814
v 0.792796 -0.106373 -1.709915
v 0.792796 -0.170323 -1.546981
v 0.792796 -0.039737 -1.416049
v 0.792796 0.115942 -1.470283
v 0.792796 0.088944 -1.445234
v 0.812030 -0.008089 -1.744255
v 0.820155 0.028752 -1.761893
v 0.812030 -0.040780 -1.741035
v 0.820155 0.064176 -1.751147
v 0.812030 -0.072215 -1.731500
v 0.820155 0.096824 -1.733697
v 0.812030 -0.101186 -1.716014
v 0.820155 0.125439 -1.710212
v 0.812030 -0.126580 -1.695175
v 0.820155 0.148924 -1.681596
v 0.812030 -0.147419 -1.669782
v 0.820155 0.166374 -1.648949
v 0.812030 -0.162904 -1.640811
v 0.820155 0.177120 -1.613524
v 0.812030 -0.172440 -1.609375
v 0.820155 0.180749 -1.576684
v 0.812030 -0.175660 -1.576684
v 0.820155 0.177120 -1.539844
v 0.812030 -0.172440 -1.543993
v 0.820155 0.166374 -1.504419
v 0.812030 -0.162904 -1.512557
v 0.820155 0.148924 -1.471772
v 0.812030 -0.147419 -1.483586
v 0.820155 0.125439 -1.443156
v 0.812030 -0.126580 -1.458193
v 0.820155 0.096824 -1.419671
v 0.812030 -0.101186 -1.437354
v 0.820155 0.064176 -1.402221
v 0.812030 -0.072215 -1.421868
v 0.820155 0.028752 -1.391475
v 0.812030 -0.040780 -1.412333
v 0.820155 -0.008089 -1.387847
v 0.812030 -0.008089 -1.409113
v 0.820155 -0.044929 -1.391475
v 0.812030 0.024603 -1.412333
v 0.820155 -0.080354 -1.402221
v 0.812030 0.056038 -1.421868
v 0.820155 -0.113001 -1.419671
v 0.812030 0.085009 -1.437354
v 0.820155 -0.141617 -1.443156
v 0.812030 0.110402 -1.458193
v 0.820155 -0.165101 -1.471772
v 0.812030 0.131242 -1.483586
v 0.820155 -0.182552 -1.504419
v 0.812030 0.146727 -1.512557
v 0.820155 -0.193298 -1.539844
v 0.812030 0.156263 -1.543993
v 0.820155 -0.196926 -1.576684
v 0.812030 0.159482 -1.576684
v 0.820155 -0.193298 -1.613524
v 0.812030 0.156263 -1.609375
v 0.820155 -0.182552 -1.648949
v 0.812030 0.146727 -1.640811
v 0.820155 -0.165101 -1.681596
v 0.812030 0.131242 -1.669782
v 0.820155 -0.141617 -1.710212
v 0.812030 0.110402 -1.695175
v 0.820155 -0.113001 -1.733697
v 0.812030 0.085009 -1.716014
v 0.820155 -0.080354 -1.751147
v 0.812030 0.056038 -1.731500
v 0.820155 -0.044929 -1.761893
v 0.812030 0.024603 -1.741035
v 0.820155 -0.008089 -1.765521
v 0.853763 0.029123 -1.763762
v 0.853763 0.064905 -1.752907
v 0.853763 0.097882 -1.735281
v 0.853763 0.126787 -1.711559
v 0.853763 0.150508 -1.682655
v 0.853763 0.168134 -1.649678
v 0.853763 0.178989 -1.613896
v 0.853763 0.182654 -1.576684
v 0.853763 0.178989 -1.539472
v 0.853763 0.168134 -1.503690
v 0.853763 0.150508 -1.470713
v 0.853763 0.126787 -1.441809
v 0.853763 0.097882 -1.418087
v 0.853763 0.064905 -1.400461
v 0.853763 0.029123 -1.389606
v 0.853763 -0.008089 -1.385941
v 0.853763 -0.045301 -1.389606
v 0.853763 -0.081083 -1.400461
v 0.853763 -0.114060 -1.418087
v 0.853763 -0.142964 -1.441809
v 0.853763 -0.166685 -1.470713
v 0.853763 -0.184312 -1.503690
v 0.853763 -0.195166 -1.539472
v 0.853763 -0.198831 -1.576684
v 0.853763 -0.195166 -1.613896
v 0.853763 -0.184312 -1.649678
v 0.853763 -0.166685 -1.682655
v 0.853763 -0.142964 -1.711559
v 0.853763 -0.114060 -1.735281
v 0.853763 -0.081083 -1.752907
v 0.853763 -0.045301 -1.763762
v 0.853763 -0.008089 -1.767427
v 0.860413 0.033250 -1.784509
v 0.860413 0.073001 -1.772451
v 0.860413 0.109635 -1.752869
v 0.860412 0.141745 -1.726517
v 0.860412 0.168097 -1.694407
v 0.860412 0.187678 -1.657773
v 0.860412 0.199736 -1.618023
v 0.860412 0.203808 -1.576684
v 0.860412 0.199736 -1.535345
v 0.860412 0.187678 -1.495595
v 0.860412 0.168097 -1.458961
v 0.860412 0.141745 -1.426851
v 0.860413 0.109635 -1.400499
v 0.860413 0.073001 -1.380917
v 0.860413 0.033250 -1.368859
v 0.860413 -0.008089 -1.364788
v 0.860413 -0.049428 -1.368859
v 0.860413 -0.089178 -1.380917
v 0.860413 -0.125812 -1.400499
v 0.860413 -0.157922 -1.426851
v 0.860412 -0.184274 -1.458961
v 0.860413 -0.203856 -1.495595
v 0.860413 -0.215914 -1.535345
v 0.860413 -0.219985 -1.576684
v 0.860413 -0.215914 -1.618023
v 0.860413 -0.203856 -1.657773
v 0.860412 -0.184274 -1.694407
v 0.860413 -0.157922 -1.726517
v 0.860413 -0.125812 -1.752869
v 0.860413 -0.089178 -1.772451
v 0.860413 -0.049428 -1.784509
v 0.860413 -0.008089 -1.788580
v 0.874771 0.041399 -1.825478
v 0.874771 0.088986 -1.811043
v 0.874771 0.132842 -1.787601
v 0.874771 0.171282 -1.756054
v 0.874771 0.202828 -1.717614
v 0.874771 0.226270 -1.673759
v 0.874771 0.240705 -1.626172
v 0.874771 0.245579 -1.576684
v 0.874771 0.240705 -1.527196
v 0.874771 0.226270 -1.479609
v 0.874771 0.202828 -1.435754
v 0.874771 0.171282 -1.397314
v 0.874771 0.132842 -1.365767
v 0.874771 0.088986 -1.342325
v 0.874771 0.041399 -1.327890
v 0.874771 -0.008089 -1.323016
v 0.874771 -0.057577 -1.327890
v 0.874771 -0.105163 -1.342325
v 0.874771 -0.149019 -1.365767
v 0.874771 -0.187459 -1.397314
v 0.874771 -0.219006 -1.435754
v 0.874771 -0.242447 -1.479609
v 0.874771 -0.256883 -1.527196
v 0.874771 -0.261757 -1.576684
v 0.874771 -0.256883 -1.626172
v 0.874771 -0.242447 -1.673759
v 0.874771 -0.219006 -1.717614
v 0.874771 -0.187459 -1.756054
v 0.874771 -0.149019 -1.787601
v 0.874771 -0.105163 -1.811043
v 0.874771 -0.057577 -1.825478
v 0.874771 -0.008089 -1.830352
v 0.874751 0.048858 -1.862973
v 0.874751 0.103616 -1.846363
v 0.874751 0.154081 -1.819388
v 0.874751 0.198314 -1.783087
v 0.874751 0.234616 -1.738854
v 0.874751 0.261590 -1.688389
v 0.874751 0.278201 -1.633631
v 0.874751 0.283809 -1.576684
v 0.874751 0.278201 -1.519737
v 0.874751 0.261590 -1.464979
v 0.874751 0.234616 -1.414514
v 0.874751 0.198314 -1.370281
v 0.874751 0.154081 -1.333979
v 0.874751 0.103616 -1.307005
v 0.874751 0.048858 -1.290395
v 0.874751 -0.008089 -1.284786
v 0.874751 -0.065035 -1.290395
v 0.874751 -0.119793 -1.307005
v 0.874751 -0.170259 -1.333979
v 0.874751 -0.214492 -1.370281
v 0.874751 -0.250793 -1.414514
v 0.874751 -0.277768 -1.464979
v 0.874751 -0.294378 -1.519737
v 0.874751 -0.299987 -1.576684
v 0.874751 -0.294378 -1.633631
v 0.874751 -0.277768 -1.688389
v 0.874751 -0.250793 -1.738854
v 0.874751 -0.214492 -1.783087
v 0.874751 -0.170259 -1.819389
v 0.874751 -0.119793 -1.846363
v 0.874751 -0.065035 -1.862973
v 0.874751 -0.008089 -1.868582
v 0.861241 0.058957 -1.913746
v 0.861241 0.123427 -1.894190
v 0.861241 0.182842 -1.862432
v 0.861241 0.234920 -1.819692
v 0.861241 0.277659 -1.767614
v 0.861241 0.309417 -1.708199
v 0.861241 0.328974 -1.643730
v 0.861241 0.335577 -1.576684
v 0.861241 0.328974 -1.509638
v 0.861241 0.309417 -1.445169
v 0.861241 0.277659 -1.385753
v 0.861241 0.234920 -1.333676
v 0.861241 0.182842 -1.290936
v 0.861241 0.123427 -1.259178
v 0.861241 0.058957 -1.239622
v 0.861241 -0.008089 -1.233018
v 0.861241 -0.075135 -1.239622
v 0.861241 -0.139604 -1.259178
v 0.861241 -0.199019 -1.290936
v 0.861241 -0.251097 -1.333676
v 0.861241 -0.293837 -1.385754
v 0.861241 -0.325595 -1.445169
v 0.861241 -0.345151 -1.509638
v 0.861241 -0.351755 -1.576684
v 0.861241 -0.345151 -1.643730
v 0.861241 -0.325595 -1.708199
v 0.861241 -0.293837 -1.767615
v 0.861241 -0.251097 -1.819692
v 0.861241 -0.199019 -1.862432
v 0.861241 -0.139604 -1.894190
v 0.861241 -0.075135 -1.913746
v 0.861241 -0.008089 -1.920350
v 0.852312 0.061886 -1.928471
v 0.852312 0.129172 -1.908060
v 0.852312 0.191182 -1.874914
v 0.852312 0.245535 -1.830308
v 0.852312 0.290142 -1.775955
v 0.852312 0.323287 -1.713944
v 0.852312 0.343698 -1.646659
v 0.852312 0.350590 -1.576684
v 0.852312 0.343698 -1.506709
v 0.852312 0.323287 -1.439424
v 0.852312 0.290142 -1.377413
v 0.852312 0.245535 -1.323060
v 0.852312 0.191182 -1.278454
v 0.852312 0.129172 -1.245308
v 0.852312 0.061886 -1.224897
v 0.852312 -0.008089 -1.218005
v 0.852312 -0.078064 -1.224897
v 0.852312 -0.145349 -1.245308
v 0.852312 -0.207360 -1.278454
v 0.852312 -0.261713 -1.323060
v 0.852312 -0.306319 -1.377413
v 0.852312 -0.339465 -1.439424
v 0.852312 -0.359875 -1.506709
v 0.852312 -0.366767 -1.576684
v 0.852312 -0.359875 -1.646659
v 0.852312 -0.339465 -1.713944
v 0.852312 -0.306319 -1.775955
v 0.852312 -0.261713 -1.830308
v 0.852312 -0.207360 -1.874914
v 0.852312 -0.145349 -1.908060
v 0.852312 -0.078064 -1.928471
v 0.852312 -0.008089 -1.935363
v 0.712820 -0.008089 -1.742143
v 0.706788 0.026350 -1.749821
v 0.712820 -0.040368 -1.738964
v 0.706788 0.059466 -1.739776
v 0.712820 -0.071407 -1.729548
v 0.706788 0.089986 -1.723463
v 0.712820 -0.100013 -1.714258
v 0.706788 0.116736 -1.701509
v 0.712820 -0.125086 -1.693681
v 0.706788 0.138690 -1.674758
v 0.712820 -0.145663 -1.668608
v 0.706788 0.155003 -1.644239
v 0.712820 -0.160953 -1.640002
v 0.706788 0.165049 -1.611123
v 0.712820 -0.170369 -1.608963
v 0.706788 0.168440 -1.576684
v 0.712820 -0.173548 -1.576684
v 0.706788 0.165049 -1.542245
v 0.712820 -0.170369 -1.544405
v 0.706788 0.155003 -1.509129
v 0.712820 -0.160953 -1.513366
v 0.706788 0.138690 -1.478610
v 0.712820 -0.145663 -1.484760
v 0.706788 0.116736 -1.451859
v 0.712820 -0.125086 -1.459687
v 0.706788 0.089986 -1.429905
v 0.712820 -0.100013 -1.439110
v 0.706788 0.059466 -1.413592
v 0.712820 -0.071407 -1.423820
v 0.706788 0.026350 -1.403547
v 0.712820 -0.040368 -1.414404
v 0.706788 -0.008089 -1.400155
v 0.712820 -0.008089 -1.411225
v 0.706788 -0.042528 -1.403547
v 0.712820 0.024191 -1.414404
v 0.706788 -0.075644 -1.413592
v 0.712820 0.055230 -1.423820
v 0.706788 -0.106163 -1.429905
v 0.712820 0.083835 -1.439110
v 0.706788 -0.132914 -1.451859
v 0.712820 0.108909 -1.459687
v 0.706788 -0.154867 -1.478610
v 0.712820 0.129486 -1.484760
v 0.706788 -0.171181 -1.509129
v 0.712820 0.144776 -1.513366
v 0.706788 -0.181226 -1.542245
v 0.712820 0.154191 -1.544405
v 0.706788 -0.184618 -1.576684
v 0.712820 0.157370 -1.576684
v 0.706788 -0.181226 -1.611123
v 0.712820 0.154191 -1.608963
v 0.706788 -0.171181 -1.644239
v 0.712820 0.144776 -1.640002
v 0.706788 -0.154867 -1.674758
v 0.712820 0.129486 -1.668608
v 0.706788 -0.132914 -1.701509
v 0.712820 0.108909 -1.693681
v 0.706788 -0.106163 -1.723463
v 0.712820 0.083835 -1.714258
v 0.706788 -0.075644 -1.739776
v 0.712820 0.055230 -1.729548
v 0.706788 -0.042528 -1.749821
v 0.712820 0.024191 -1.738964
v 0.706788 -0.008089 -1.753213
v 0.672645 0.026799 -1.752079
v 0.672645 0.060347 -1.741902
v 0.672645 0.091265 -1.725377
v 0.672645 0.118364 -1.703137
v 0.672645 0.140604 -1.676037
v 0.672645 0.157130 -1.645120
v 0.672645 0.167306 -1.611572
v 0.672645 0.170742 -1.576684
v 0.672645 0.167306 -1.541796
v 0.672645 0.157130 -1.508248
v 0.672645 0.140604 -1.477331
v 0.672645 0.118364 -1.450231
v 0.672645 0.091265 -1.427991
v 0.672645 0.060347 -1.411466
v 0.672645 0.026799 -1.401289
v 0.672645 -0.008089 -1.397853
v 0.672645 -0.042977 -1.401289
v 0.672645 -0.076524 -1.411466
v 0.672645 -0.107442 -1.427991
v 0.672645 -0.134541 -1.450231
v 0.672645 -0.156781 -1.477331
v 0.672645 -0.173307 -1.508248
v 0.672645 -0.183484 -1.541796
v 0.672645 -0.186920 -1.576684
v 0.672645 -0.183484 -1.611572
v 0.672645 -0.173307 -1.645120
v 0.672645 -0.156781 -1.676037
v 0.672645 -0.134541 -1.703137
v 0.672645 -0.107442 -1.725377
v 0.672645 -0.076524 -1.741902
v 0.672645 -0.042977 -1.752079
v 0.672645 -0.008089 -1.755515
v 0.661029 0.032266 -1.779560
v 0.661029 0.071070 -1.767789
v 0.661029 0.106832 -1.748674
v 0.661029 0.138177 -1.722950
v 0.661029 0.163902 -1.691604
v 0.661029 0.183017 -1.655842
v 0.661029 0.194788 -1.617039
v 0.661029 0.198762 -1.576684
v 0.661029 0.194788 -1.536329
v 0.661029 0.183017 -1.497526
v 0.661029 0.163902 -1.461764
v 0.661029 0.138177 -1.430418
v 0.661029 0.106832 -1.404694
v 0.661029 0.071070 -1.385579
v 0.661029 0.032266 -1.373808
v 0.661029 -0.008089 -1.369833
v 0.661029 -0.048443 -1.373808
v 0.661029 -0.087247 -1.385579
v 0.661029 -0.123009 -1.404694
v 0.661029 -0.154354 -1.430418
v 0.661029 -0.180079 -1.461764
v 0.661029 -0.199194 -1.497526
v 0.661029 -0.210965 -1.536329
v 0.661029 -0.214940 -1.576684
v 0.661029 -0.210965 -1.617039
v 0.661029 -0.199194 -1.655843
v 0.661029 -0.180079 -1.691604
v 0.661029 -0.154354 -1.722950
v 0.661029 -0.123009 -1.748674
v 0.661029 -0.087247 -1.767789
v 0.661029 -0.048443 -1.779560
v 0.661029 -0.008089 -1.783535
v 0.645980 0.040948 -1.823208
v 0.645980 0.088100 -1.808904
v 0.645980 0.131556 -1.785677
v 0.645980 0.169645 -1.754418
v 0.645980 0.200904 -1.716329
v 0.645980 0.224132 -1.672873
v 0.645980 0.238435 -1.625721
v 0.645980 0.243265 -1.576684
v 0.645980 0.238435 -1.527647
v 0.645980 0.224132 -1.480495
v 0.645980 0.200904 -1.437039
v 0.645980 0.169645 -1.398950
v 0.645980 0.131556 -1.367691
v 0.645980 0.088100 -1.344464
v 0.645980 0.040948 -1.330160
v 0.645980 -0.008089 -1.325331
v 0.645980 -0.057125 -1.330160
v 0.645980 -0.104278 -1.344464
v 0.645980 -0.147733 -1.367691
v 0.645980 -0.185822 -1.398950
v 0.645980 -0.217082 -1.437039
v 0.645980 -0.240309 -1.480495
v 0.645980 -0.254612 -1.527647
v 0.645980 -0.259442 -1.576684
v 0.645980 -0.254612 -1.625721
v 0.645980 -0.240309 -1.672873
v 0.645980 -0.217082 -1.716329
v 0.645980 -0.185822 -1.754418
v 0.645980 -0.147733 -1.785677
v 0.645980 -0.104278 -1.808904
v 0.645980 -0.057125 -1.823208
v 0.645980 -0.008089 -1.828037
v 0.645961 0.049257 -1.864980
v 0.645961 0.104399 -1.848252
v 0.645961 0.155218 -1.821089
v 0.645961 0.199761 -1.784534
v 0.645961 0.236316 -1.739990
v 0.645961 0.263480 -1.689171
v 0.645961 0.280207 -1.634030
v 0.645961 0.285855 -1.576684
v 0.645961 0.280207 -1.519338
v 0.645961 0.263480 -1.464197
v 0.645961 0.236316 -1.413378
v 0.645961 0.199761 -1.368834
v 0.645961 0.155218 -1.332279
v 0.645961 0.104399 -1.305116
v 0.645961 0.049257 -1.288388
v 0.645961 -0.008089 -1.282741
v 0.645961 -0.065434 -1.288388
v 0.645961 -0.120576 -1.305116
v 0.645961 -0.171395 -1.332279
v 0.645961 -0.215938 -1.368834
v 0.645961 -0.252494 -1.413378
v 0.645961 -0.279657 -1.464197
v 0.645961 -0.296384 -1.519338
v 0.645961 -0.302032 -1.576684
v 0.645961 -0.296384 -1.634030
v 0.645961 -0.279657 -1.689171
v 0.645961 -0.252494 -1.739990
v 0.645961 -0.215938 -1.784534
v 0.645961 -0.171395 -1.821089
v 0.645961 -0.120576 -1.848252
v 0.645961 -0.065434 -1.864980
v 0.645961 -0.008089 -1.870628
v 0.660705 0.060184 -1.919913
v 0.660705 0.125833 -1.899999
v 0.660705 0.186335 -1.867659
v 0.660705 0.239366 -1.824138
v 0.660705 0.282887 -1.771108
v 0.660705 0.315226 -1.710605
v 0.660705 0.335140 -1.644956
v 0.660705 0.341864 -1.576684
v 0.660705 0.335140 -1.508412
v 0.660705 0.315226 -1.442763
v 0.660705 0.282887 -1.382260
v 0.660705 0.239366 -1.329230
v 0.660705 0.186335 -1.285709
v 0.660705 0.125833 -1.253369
v 0.660705 0.060184 -1.233455
v 0.660705 -0.008089 -1.226731
v 0.660705 -0.076361 -1.233455
v 0.660705 -0.142010 -1.253369
v 0.660705 -0.202512 -1.285709
v 0.660705 -0.255543 -1.329230
v 0.660705 -0.299064 -1.382260
v 0.660705 -0.331403 -1.442763
v 0.660705 -0.351318 -1.508412
v 0.660705 -0.358042 -1.576684
v 0.660705 -0.351318 -1.644956
v 0.660705 -0.331403 -1.710605
v 0.660705 -0.299064 -1.771108
v 0.660705 -0.255543 -1.824138
v 0.660705 -0.202512 -1.867659
v 0.660705 -0.142010 -1.899999
v 0.660705 -0.076361 -1.919913
v 0.660705 -0.008089 -1.926637
v 0.673392 0.062436 -1.931234
v 0.673392 0.130250 -1.910663
v 0.673392 0.192748 -1.877257
v 0.673393 0.247528 -1.832301
v 0.673393 0.292485 -1.777521
v 0.673393 0.325890 -1.715023
v 0.673393 0.346462 -1.647208
v 0.673393 0.353408 -1.576684
v 0.673393 0.346462 -1.506160
v 0.673393 0.325890 -1.438345
v 0.673393 0.292485 -1.375847
v 0.673393 0.247528 -1.321067
v 0.673392 0.192748 -1.276111
v 0.673392 0.130250 -1.242705
v 0.673392 0.062436 -1.222134
v 0.673392 -0.008089 -1.215188
v 0.673392 -0.078613 -1.222134
v 0.673392 -0.146427 -1.242705
v 0.673392 -0.208925 -1.276111
v 0.673392 -0.263705 -1.321067
v 0.673393 -0.308662 -1.375847
v 0.673392 -0.342068 -1.438345
v 0.673392 -0.362639 -1.506160
v 0.673392 -0.369585 -1.576684
v 0.673392 -0.362639 -1.647208
v 0.673392 -0.342068 -1.715023
v 0.673393 -0.308662 -1.777521
v 0.673392 -0.263705 -1.832301
v 0.673392 -0.208925 -1.877257
v 0.673392 -0.146427 -1.910663
v 0.673392 -0.078613 -1.931234
v 0.673392 -0.008089 -1.938180
v 0.809150 -0.154239 1.492974
v 0.809150 -0.162565 1.509144
v 0.809150 -0.173716 1.544636
v 0.825140 -0.158005 1.542925
v 0.817755 -0.170668 1.546365
v 0.818013 -0.164307 1.523311
v 0.828884 -0.131366 1.497838
v 0.830869 -0.132329 1.505612
v 0.836553 -0.117233 1.557208
v 0.840431 -0.122930 1.568323
v 0.840407 -0.119096 1.547268
v 0.836549 -0.111887 1.537607
v 0.840425 -0.113528 1.531181
v 0.840380 -0.115424 1.504243
v 0.834599 -0.129665 1.512921
v 0.834711 -0.118738 1.495861
v 0.840442 -0.136130 1.556787
v 0.834751 -0.140703 1.541628
v 0.824663 -0.161878 1.566639
v 0.817644 -0.173105 1.564669
v 0.836475 -0.100269 1.515288
v 0.840418 -0.105512 1.516161
v 0.824663 -0.146517 1.509345
v 0.817678 -0.159769 1.510875
v 0.828665 -0.099100 1.519381
v 0.824097 -0.092578 1.556888
v 0.824063 -0.087917 1.560847
v 0.824020 -0.093089 1.550737
v 0.828665 -0.106671 1.533485
v 0.828667 -0.112059 1.548563
v 0.840440 -0.128677 1.529672
v 0.834690 -0.135942 1.527152
v 0.834687 -0.143820 1.556538
v 0.834604 -0.145490 1.572010
v 0.824149 -0.110809 1.569338
v 0.824121 -0.082898 1.545452
v 0.824101 -0.089033 1.545933
v 0.824149 -0.102232 1.536188
v 0.828667 -0.115143 1.564293
v 0.824149 -0.091041 1.517100
v 0.809150 -0.143338 1.476251
v 0.815104 -0.149963 1.487607
v 0.817608 -0.141964 1.479698
v 0.818444 -0.150420 1.495172
v 0.815035 -0.159269 1.504488
v 0.809150 -0.176694 1.569588
v 0.814973 -0.174976 1.559038
v 0.809150 -0.169284 1.527460
v 0.814974 -0.166809 1.522479
v 0.815035 -0.171628 1.539806
v 0.842219 -0.130200 1.568377
v 0.842205 -0.124034 1.537404
v 0.842213 -0.106904 1.504529
v 0.825474 -0.113822 1.573061
v 0.825474 -0.112214 1.558116
v 0.825460 -0.101984 1.528333
v 0.825474 -0.108247 1.542908
v 0.825469 -0.093636 1.514889
v 0.820133 -0.143907 1.490548
v 0.828885 -0.138571 1.510325
v 0.820130 -0.151155 1.503105
v 0.824663 -0.136185 1.491446
v 0.824121 -0.078250 1.549444
v 0.824149 -0.072020 1.589038
v 0.823788 -0.059377 1.565561
v 0.823858 -0.055516 1.554385
v 0.823466 -0.052601 1.549424
v 0.823983 -0.081735 1.560320
v 0.823848 -0.049281 1.544556
v 0.823989 -0.060592 1.573255
v 0.824148 0.088685 1.545738
v 0.823980 0.075117 1.556597
v 0.824001 0.075773 1.550983
v 0.824041 -0.077710 1.555563
v 0.809150 0.159308 1.583315
v 0.809150 0.158437 1.558836
v 0.809150 0.153812 1.533923
v 0.809150 0.145410 1.509781
v 0.824564 0.142416 1.547729
v 0.825154 0.135846 1.526989
v 0.817598 0.150444 1.533520
v 0.828884 0.137069 1.584213
v 0.830869 0.134016 1.576998
v 0.836475 0.094259 1.537199
v 0.840407 0.095996 1.531156
v 0.840407 0.101551 1.546782
v 0.836616 0.100605 1.561235
v 0.840431 0.105371 1.567463
v 0.840431 0.119262 1.592091
v 0.840408 0.120116 1.572934
v 0.834609 0.128032 1.571786
v 0.834671 0.127202 1.592122
v 0.840420 0.117339 1.549449
v 0.834721 0.120264 1.531766
v 0.834705 0.125592 1.551469
v 0.824663 0.129092 1.509371
v 0.817660 0.142313 1.510694
v 0.836511 0.101475 1.581515
v 0.824658 0.144433 1.566675
v 0.817664 0.155063 1.557545
v 0.828644 0.098341 1.584003
v 0.828553 0.097674 1.564615
v 0.828836 0.094059 1.545938
v 0.840419 0.109753 1.526237
v 0.834645 0.114486 1.517767
v 0.824149 0.093243 1.576989
v 0.828668 0.086066 1.526900
v 0.815036 0.157394 1.595718
v 0.815036 0.158404 1.571849
v 0.817617 0.155237 1.595668
v 0.818445 0.154904 1.576995
v 0.815037 0.144971 1.511142
v 0.815106 0.152869 1.534238
v 0.815035 0.156512 1.552083
v 0.842225 0.105273 1.533058
v 0.842205 0.113207 1.573005
v 0.840418 0.104986 1.589032
v 0.825474 0.081986 1.523465
v 0.825460 0.090391 1.541736
v 0.825493 0.096611 1.577845
v 0.825486 0.094695 1.557502
v 0.820132 0.151575 1.584255
v 0.828885 0.137066 1.569795
v 0.828884 0.121150 1.510351
v 0.830870 0.114899 1.505628
v 0.824663 0.144440 1.587337
v 0.824133 0.063998 1.559896
v 0.823978 0.070359 1.560737
v 0.823980 0.072305 1.546596
v 0.824000 0.061100 1.555804
v 0.824073 0.042364 1.586941
v 0.824061 0.060968 1.550895
v 0.824137 0.065743 1.545548
v 0.823857 0.043160 1.578932
v 0.809150 0.134004 1.488103
v 0.809150 0.100972 1.449547
v 0.824852 0.106957 1.476112
v 0.824854 0.091378 1.460688
v 0.817538 0.108013 1.460257
v 0.836545 0.069147 1.498862
v 0.836511 0.056447 1.488013
v 0.840425 0.065836 1.490248
v 0.836692 0.082608 1.514727
v 0.840407 0.077832 1.502325
v 0.840442 0.098426 1.505147
v 0.834657 0.107102 1.504238
v 0.840408 0.082398 1.485768
v 0.834688 0.087957 1.480302
v 0.840425 0.088095 1.516082
v 0.824663 0.076822 1.449522
v 0.817668 0.088906 1.444049
v 0.824658 0.118758 1.491481
v 0.817661 0.124211 1.479340
v 0.824149 0.071200 1.513256
v 0.828837 0.074839 1.509566
v 0.828553 0.061439 1.496055
v 0.834661 0.098139 1.491774
v 0.840420 0.062956 1.469695
v 0.834651 0.072521 1.466927
v 0.824149 0.049471 1.493316
v 0.828667 0.048898 1.486616
v 0.809150 0.119038 1.467675
v 0.815035 0.135991 1.493440
v 0.818435 0.132943 1.495216
v 0.814972 0.125655 1.477385
v 0.809150 0.081303 1.434979
v 0.814972 0.090886 1.442616
v 0.815037 0.109493 1.458793
v 0.809150 0.157433 1.602032
v 0.842195 0.063688 1.478856
v 0.842219 0.086796 1.501438
v 0.825460 0.046784 1.487628
v 0.825485 0.059440 1.496845
v 0.825474 0.070557 1.507833
v 0.828885 0.113937 1.497866
v 0.820133 0.126478 1.490574
v 0.824086 0.019756 1.533415
v 0.824149 0.039116 1.554613
v 0.823850 0.026281 1.538589
v 0.823841 0.037800 1.553871
v 0.809150 0.064186 1.425599
v 0.809150 0.022574 1.411781
v 0.818081 0.045604 1.421722
v 0.818226 0.024404 1.416037
v 0.828884 0.070432 1.454343
v 0.836512 0.019501 1.470399
v 0.836590 0.004139 1.467424
v 0.840418 0.012544 1.464610
v 0.836549 0.038264 1.477056
v 0.840425 0.029691 1.469282
v 0.834604 0.055148 1.455945
v 0.840417 -0.009793 1.462519
v 0.840396 0.024640 1.452430
v 0.834721 0.026728 1.444983
v 0.840400 0.048348 1.477827
v 0.824663 0.001629 1.423829
v 0.817667 0.009630 1.413118
v 0.824659 0.058924 1.439196
v 0.817644 0.062804 1.428468
v 0.824149 0.022524 1.479581
v 0.828552 0.034427 1.478927
v 0.828897 0.019060 1.473350
v 0.840431 0.042645 1.458830
v 0.834643 0.041257 1.449740
v 0.840460 0.000916 1.448423
v 0.834650 0.006609 1.441049
v 0.825595 0.007759 1.472828
v 0.828668 -0.005415 1.469861
v 0.815105 0.069838 1.429452
v 0.818444 0.073097 1.435290
v 0.809150 -0.001748 1.408992
v 0.814973 0.023115 1.412825
v 0.815035 0.003767 1.410357
v 0.809150 0.046843 1.418288
v 0.815105 0.047034 1.419371
v 0.842225 0.028004 1.460475
v 0.824147 -0.016367 1.474904
v 0.825493 -0.007863 1.471659
v 0.825493 0.028955 1.478623
v 0.820132 0.077720 1.441802
v 0.828885 0.057943 1.447136
v 0.820132 0.065162 1.434554
v 0.824092 -0.003994 1.502611
v 0.824131 -0.000520 1.496663
v 0.823850 -0.004916 1.525155
v 0.823859 0.004160 1.526708
v 0.824067 -0.016594 1.496526
v 0.824062 -0.013906 1.490644
v 0.824001 0.031692 1.544152
v 0.824148 0.005577 1.526011
v 0.823850 0.010824 1.528858
v 0.809150 -0.021276 1.409427
v 0.809150 -0.086869 1.428113
v 0.809150 -0.063201 1.417922
v 0.818334 -0.041195 1.416048
v 0.818020 -0.062581 1.421454
v 0.828884 -0.001495 1.431200
v 0.830869 -0.008711 1.434253
v 0.836512 -0.037652 1.470562
v 0.836512 -0.053128 1.476064
v 0.840425 -0.046423 1.469001
v 0.836555 -0.025149 1.467988
v 0.840418 -0.029969 1.464663
v 0.834651 -0.013803 1.440301
v 0.840424 -0.041471 1.452339
v 0.834659 -0.049008 1.446382
v 0.834671 -0.033954 1.442576
v 0.836554 -0.012111 1.466738
v 0.824663 -0.076337 1.439175
v 0.817644 -0.080245 1.428468
v 0.824659 -0.019033 1.423836
v 0.817663 -0.026818 1.413044
v 0.824149 -0.050542 1.483866
v 0.828452 -0.025215 1.471092
v 0.828775 -0.043710 1.475635
v 0.840424 -0.022542 1.448853
v 0.840401 -0.064863 1.460719
v 0.834714 -0.063438 1.451726
v 0.828674 -0.055195 1.480482
v 0.815036 -0.016079 1.409947
v 0.818444 -0.008699 1.413365
v 0.815035 -0.069767 1.421441
v 0.815037 -0.086825 1.429191
v 0.809150 -0.038887 1.411580
v 0.814973 -0.052734 1.415661
v 0.815035 -0.033624 1.411758
v 0.842207 -0.044128 1.460466
v 0.842213 -0.011979 1.455080
v 0.825474 -0.062236 1.486276
v 0.825474 -0.043468 1.477663
v 0.825474 -0.027601 1.473496
v 0.828885 -0.015915 1.431203
v 0.828884 -0.075358 1.447119
v 0.820133 -0.001454 1.416693
v 0.824061 -0.013575 1.502206
v 0.824001 -0.008634 1.488500
v 0.824061 -0.061727 1.644687
v 0.823980 -0.003410 1.490605
v 0.823853 -0.024681 1.527551
v 0.824147 -0.031739 1.529199
v 0.809150 -0.108014 1.441299
v 0.825153 -0.108918 1.461404
v 0.824565 -0.124983 1.476087
v 0.817598 -0.125622 1.460497
v 0.830869 -0.080081 1.453370
v 0.836590 -0.086588 1.498804
v 0.840418 -0.095880 1.502979
v 0.836616 -0.070355 1.485330
v 0.840407 -0.083788 1.490752
v 0.834601 -0.081420 1.461030
v 0.840424 -0.099417 1.485426
v 0.834614 -0.108891 1.483890
v 0.834629 -0.097917 1.473226
v 0.840411 -0.066661 1.478269
v 0.824663 -0.094233 1.449510
v 0.817728 -0.106826 1.444519
v 0.828658 -0.065799 1.486272
v 0.824149 -0.076129 1.500326
v 0.828551 -0.078871 1.496014
v 0.828667 -0.089945 1.507099
v 0.840431 -0.085344 1.473411
v 0.809150 -0.126822 1.457313
v 0.818444 -0.090529 1.435284
v 0.815035 -0.102849 1.438925
v 0.814973 -0.135967 1.468491
v 0.814973 -0.118083 1.450430
v 0.842225 -0.076911 1.475627
v 0.825494 -0.080989 1.500357
v 0.820133 -0.082575 1.434536
v 0.828885 -0.087842 1.454332
v 0.820130 -0.095131 1.441787
v 0.824149 -0.053037 1.548468
v 0.823982 -0.044046 1.538763
v 0.809150 -0.175921 1.594701
v 0.809150 -0.171418 1.619409
v 0.809150 -0.165136 1.638377
v 0.825155 -0.158920 1.605946
v 0.824562 -0.154240 1.627226
v 0.817647 -0.168085 1.619711
v 0.828884 -0.154510 1.569764
v 0.830869 -0.151458 1.576979
v 0.836549 -0.111129 1.618299
v 0.840418 -0.116896 1.614032
v 0.836591 -0.117101 1.597725
v 0.840400 -0.121876 1.593885
v 0.840408 -0.137554 1.581045
v 0.840418 -0.110167 1.629741
v 0.840419 -0.135392 1.600955
v 0.840419 -0.130091 1.620351
v 0.834704 -0.137802 1.622032
v 0.834723 -0.143031 1.602322
v 0.836479 -0.119075 1.577446
v 0.824663 -0.146535 1.644606
v 0.817614 -0.159583 1.643756
v 0.824663 -0.161877 1.587307
v 0.817620 -0.172755 1.594570
v 0.828667 -0.115851 1.581006
v 0.824149 -0.107036 1.604462
v 0.828668 -0.114004 1.596921
v 0.828665 -0.109906 1.612408
v 0.834624 -0.145076 1.587203
v 0.840419 -0.122652 1.637187
v 0.834559 -0.129770 1.641001
v 0.828554 -0.103237 1.627380
v 0.815035 -0.175817 1.576989
v 0.818435 -0.172291 1.576976
v 0.815037 -0.174745 1.596791
v 0.809150 -0.157395 1.655531
v 0.815037 -0.166505 1.632200
v 0.815036 -0.157065 1.654130
v 0.815035 -0.171628 1.614171
v 0.842216 -0.120066 1.625945
v 0.842205 -0.128376 1.600370
v 0.825474 -0.100419 1.628797
v 0.825474 -0.113334 1.588081
v 0.825474 -0.109649 1.607086
v 0.820132 -0.169015 1.569723
v 0.828885 -0.154506 1.584181
v 0.828884 -0.138589 1.643628
v 0.830869 -0.132339 1.648349
v 0.823996 0.042968 1.571334
v 0.823995 -0.057830 1.594022
v 0.824010 -0.054529 1.601604
v 0.823864 -0.059625 1.587138
v 0.809150 -0.144035 1.676805
v 0.809150 -0.127641 1.695863
v 0.809150 -0.113484 1.708359
v 0.825153 -0.124319 1.677171
v 0.824566 -0.109625 1.693244
v 0.817648 -0.124585 1.694390
v 0.836479 -0.089306 1.652383
v 0.836590 -0.074650 1.665438
v 0.840399 -0.085899 1.661507
v 0.840425 -0.100796 1.644850
v 0.840419 -0.099259 1.668716
v 0.834705 -0.097980 1.680544
v 0.834721 -0.112376 1.666078
v 0.836553 -0.101720 1.636298
v 0.824663 -0.094263 1.704454
v 0.817671 -0.106522 1.709742
v 0.824661 -0.136200 1.662502
v 0.817677 -0.140880 1.675649
v 0.824124 -0.060370 1.638651
v 0.824148 -0.080136 1.649931
v 0.828775 -0.095262 1.640290
v 0.828674 -0.087240 1.649844
v 0.828552 -0.078354 1.658408
v 0.840419 -0.112451 1.653540
v 0.834625 -0.121699 1.654010
v 0.840440 -0.081171 1.683664
v 0.834646 -0.085816 1.689871
v 0.824001 -0.058436 1.649878
v 0.824149 -0.096498 1.628780
v 0.828553 -0.065377 1.667887
v 0.818444 -0.150424 1.658796
v 0.815035 -0.146783 1.671116
v 0.809150 -0.098743 1.718998
v 0.815036 -0.118614 1.703007
v 0.815035 -0.102850 1.715051
v 0.815037 -0.136181 1.685204
v 0.842219 -0.084108 1.672568
v 0.842213 -0.106064 1.650448
v 0.825486 -0.071282 1.661609
v 0.825474 -0.086591 1.647902
v 0.828884 -0.131378 1.656111
v 0.820131 -0.143922 1.663401
v 0.820132 -0.151173 1.650845
v 0.824113 -0.055135 1.635383
v 0.823860 -0.049632 1.609021
v 0.824021 -0.045023 1.614315
v 0.824006 -0.038229 1.619863
v 0.809150 -0.041070 1.741983
v 0.825154 -0.058724 1.721554
v 0.824565 -0.037972 1.728125
v 0.817597 -0.051706 1.736327
v 0.828884 -0.087872 1.699634
v 0.836553 -0.037979 1.683339
v 0.836554 -0.021789 1.686515
v 0.840431 -0.024816 1.690339
v 0.836549 -0.057564 1.676027
v 0.840418 -0.045766 1.685164
v 0.834604 -0.072598 1.698025
v 0.840396 -0.042103 1.701543
v 0.834660 -0.034166 1.711387
v 0.834722 -0.053940 1.705972
v 0.840417 -0.065028 1.676655
v 0.824664 -0.019070 1.730150
v 0.817672 -0.026774 1.740929
v 0.824661 -0.076365 1.714782
v 0.817670 -0.074793 1.728063
v 0.824148 -0.052063 1.669646
v 0.824149 -0.019071 1.678547
v 0.825649 -0.055833 1.671436
v 0.828665 -0.043446 1.678385
v 0.828836 -0.024101 1.683248
v 0.840424 -0.060811 1.694871
v 0.840431 -0.023295 1.705002
v 0.834599 -0.013692 1.713764
v 0.824091 -0.052478 1.651290
v 0.824061 -0.047233 1.647982
v 0.814973 -0.086179 1.725190
v 0.817644 -0.091143 1.719749
v 0.809150 -0.081626 1.728378
v 0.809150 -0.015500 1.744993
v 0.814973 -0.039070 1.741434
v 0.815105 -0.015507 1.743999
v 0.809150 -0.065298 1.735320
v 0.815106 -0.063398 1.734983
v 0.842213 -0.031334 1.696490
v 0.842213 -0.057491 1.688774
v 0.842207 -0.008229 1.698771
v 0.825468 -0.012176 1.682130
v 0.825486 -0.028353 1.680375
v 0.825474 -0.044112 1.676057
v 0.830869 -0.080096 1.700598
v 0.828885 -0.075383 1.706841
v 0.828884 -0.015944 1.722777
v 0.830869 -0.008730 1.719726
v 0.818362 -0.090388 1.718413
v 0.820132 -0.095160 1.712174
v 0.824066 -0.045860 1.642024
v 0.824112 -0.049124 1.636770
v 0.824064 -0.024985 1.626564
v 0.824069 -0.013546 1.628768
v 0.823826 -0.020478 1.627556
v 0.809150 0.002864 1.744227
v 0.809150 0.046780 1.735710
v 0.824564 0.020530 1.728128
v 0.825155 0.041285 1.721551
v 0.817647 0.035017 1.736033
v 0.836549 0.016863 1.684411
v 0.836554 0.036050 1.677796
v 0.840400 0.033231 1.683431
v 0.840418 0.012568 1.689362
v 0.840419 -0.004751 1.705813
v 0.840420 0.018818 1.703048
v 0.834706 0.026774 1.709011
v 0.836554 -0.004588 1.687243
v 0.840407 -0.004560 1.691219
v 0.824664 0.058899 1.714805
v 0.817622 0.058092 1.727825
v 0.824661 0.001596 1.730146
v 0.817677 0.010646 1.740771
v 0.828553 -0.005103 1.684038
v 0.824149 0.010248 1.677237
v 0.828776 0.010976 1.682414
v 0.828554 0.026299 1.678214
v 0.834686 0.006590 1.712869
v 0.840419 0.042039 1.695458
v 0.834672 0.046137 1.702265
v 0.824148 0.038027 1.667739
v 0.825639 0.037548 1.671781
v 0.818444 -0.008726 1.740613
v 0.809150 0.069243 1.725962
v 0.815036 0.045462 1.735168
v 0.815035 0.063780 1.727538
v 0.809150 0.022509 1.742209
v 0.814973 0.021629 1.741435
v 0.842213 0.024078 1.694447
v 0.825474 0.026683 1.676052
v 0.825448 0.007756 1.680997
v 0.820132 -0.015987 1.737284
v 0.828884 -0.001527 1.722774
v 0.820131 -0.001485 1.737282
v 0.824135 0.028601 1.641864
v 0.824127 0.029887 1.647890
v 0.823850 0.003275 1.627543
v 0.824149 0.010038 1.626146
v 0.824148 0.024236 1.618308
v 0.809150 0.085934 1.715821
v 0.809150 0.118285 1.687174
v 0.824853 0.092164 1.692655
v 0.824855 0.107585 1.677077
v 0.817598 0.107377 1.694223
v 0.828884 0.057919 1.706857
v 0.830869 0.062640 1.700606
v 0.836479 0.077847 1.645433
v 0.840425 0.082874 1.645447
v 0.840411 0.068540 1.661449
v 0.836590 0.063426 1.660483
v 0.840418 0.059124 1.686573
v 0.834603 0.064160 1.692831
v 0.840431 0.074815 1.675117
v 0.840427 0.091607 1.658112
v 0.834688 0.087967 1.673666
v 0.836512 0.050228 1.670171
v 0.840413 0.051627 1.674105
v 0.824663 0.118745 1.662531
v 0.817673 0.123433 1.675663
v 0.824660 0.076790 1.704468
v 0.817723 0.089406 1.709447
v 0.828898 0.048376 1.667833
v 0.824001 0.041149 1.649937
v 0.824093 0.044529 1.644787
v 0.824148 0.063507 1.649217
v 0.828241 0.064113 1.655493
v 0.834613 0.076450 1.683985
v 0.834654 0.101339 1.658230
v 0.828778 0.077739 1.640450
v 0.824102 0.043234 1.638721
v 0.823980 0.035164 1.651217
v 0.809150 0.100936 1.704459
v 0.815106 0.079748 1.718851
v 0.818444 0.073087 1.718694
v 0.809150 0.130113 1.671644
v 0.814973 0.126069 1.676031
v 0.814973 0.099783 1.704231
v 0.815035 0.113772 1.690643
v 0.842202 0.096700 1.638720
v 0.842213 0.074111 1.666238
v 0.842219 0.052710 1.682085
v 0.825474 0.079983 1.633551
v 0.825474 0.068452 1.648600
v 0.825474 0.053765 1.661658
v 0.828884 0.070402 1.699646
v 0.820131 0.065136 1.719441
v 0.824138 0.038060 1.635346
v 0.824001 0.032065 1.636698
v 0.823846 0.029216 1.612440
v 0.823850 0.013892 1.623785
v 0.825154 0.135846 1.626989
v 0.824560 0.142423 1.606259
v 0.817598 0.150443 1.620460
v 0.828884 0.113925 1.656140
v 0.830869 0.114890 1.648366
v 0.836554 0.099520 1.598220
v 0.840417 0.100981 1.609693
v 0.836554 0.095153 1.614095
v 0.840408 0.105307 1.637167
v 0.834652 0.112193 1.640936
v 0.840420 0.114528 1.615014
v 0.834675 0.123431 1.612186
v 0.836590 0.088581 1.628977
v 0.840418 0.092406 1.630416
v 0.824660 0.129072 1.644632
v 0.817665 0.142301 1.643298
v 0.828648 0.088377 1.622635
v 0.824149 0.089596 1.604461
v 0.828668 0.094984 1.604056
v 0.834658 0.118515 1.626923
v 0.824149 0.079509 1.627929
v 0.809150 0.139412 1.656528
v 0.815036 0.139620 1.654136
v 0.818444 0.132972 1.658819
v 0.809150 0.153395 1.621584
v 0.815036 0.149461 1.631170
v 0.815035 0.154188 1.614171
v 0.809150 0.147695 1.638377
v 0.842213 0.109721 1.605197
v 0.825460 0.094538 1.597068
v 0.825474 0.088959 1.616375
v 0.820132 0.126466 1.663429
v 0.828885 0.121131 1.643652
v 0.812975 -0.143752 1.483792
v 0.813034 -0.150479 1.494398
v 0.813074 -0.165520 1.528875
v 0.812890 -0.168538 1.539814
v 0.812986 -0.156362 1.505426
v 0.812973 -0.172261 1.563803
v 0.813034 -0.172783 1.576335
v 0.812971 -0.170817 1.551608
v 0.812904 -0.161590 1.517285
v 0.813072 0.154819 1.589483
v 0.812965 0.155387 1.576986
v 0.812973 0.151029 1.539571
v 0.812991 0.148022 1.528638
v 0.812973 0.154821 1.563792
v 0.812986 0.138922 1.505427
v 0.813119 0.133316 1.494987
v 0.812905 0.144150 1.517284
v 0.812974 0.153377 1.551611
v 0.815885 0.152689 1.577006
v 0.812904 0.093814 1.448845
v 0.812986 0.083359 1.441194
v 0.812890 0.112018 1.465877
v 0.812974 0.103563 1.457356
v 0.812902 0.126723 1.484313
v 0.813120 0.073284 1.434955
v 0.813071 0.119360 1.474537
v 0.815884 0.131073 1.496298
v 0.809150 0.152886 1.607565
v 0.812973 0.016659 1.414891
v 0.812972 0.004476 1.413448
v 0.809150 0.045598 1.421744
v 0.812992 0.027780 1.417072
v 0.812986 0.062845 1.429347
v 0.813033 -0.008069 1.412927
v 0.817557 0.076744 1.443415
v 0.815884 0.072000 1.437211
v 0.813596 0.044893 1.422215
v 0.812993 -0.068642 1.424297
v 0.812973 -0.079061 1.428760
v 0.812972 -0.046141 1.417240
v 0.812972 -0.057976 1.420484
v 0.812903 -0.021253 1.413352
v 0.813033 -0.090189 1.434583
v 0.812974 -0.034102 1.414892
v 0.815884 -0.008704 1.415579
v 0.813072 -0.129119 1.465608
v 0.812890 -0.136585 1.474157
v 0.813034 -0.120789 1.457167
v 0.809150 -0.106373 1.444643
v 0.812987 -0.172362 1.588835
v 0.809150 -0.170323 1.607577
v 0.815884 -0.089410 1.437195
v 0.813535 -0.105996 1.445186
v 0.812992 -0.161408 1.636919
v 0.812975 -0.156948 1.647331
v 0.812974 -0.165225 1.626241
v 0.812966 -0.150840 1.659042
v 0.815884 -0.170129 1.576972
v 0.813597 -0.169564 1.607952
v 0.812995 -0.110993 1.705230
v 0.812973 -0.101922 1.712019
v 0.812963 -0.129019 1.688609
v 0.812975 -0.119625 1.697902
v 0.812975 -0.143756 1.670183
v 0.812963 -0.090768 1.719113
v 0.812993 -0.136964 1.679257
v 0.815884 -0.148513 1.657679
v 0.809150 -0.039737 1.738510
v 0.813071 -0.021213 1.740528
v 0.813035 -0.057698 1.733571
v 0.813074 -0.079671 1.724862
v 0.813035 -0.009367 1.741050
v 0.812891 -0.069290 1.729484
v 0.815885 -0.089439 1.716765
v 0.813479 -0.038456 1.738132
v 0.812905 0.050987 1.729857
v 0.812987 0.062843 1.724630
v 0.812991 0.027781 1.736906
v 0.812973 0.038745 1.734045
v 0.811573 0.009680 1.740430
v 0.813120 0.073280 1.719025
v 0.815884 -0.008737 1.738398
v 0.813597 0.010111 1.739700
v 0.809150 0.115942 1.684276
v 0.812986 0.127076 1.669069
v 0.812993 0.102847 1.697232
v 0.809150 0.088944 1.709324
v 0.813034 0.133686 1.658457
v 0.817558 0.064222 1.717789
v 0.815884 0.071971 1.716782
v 0.813597 0.088960 1.708474
v 0.813597 0.115102 1.684216
v 0.817558 0.076715 1.710586
v 0.813033 0.147861 1.625971
v 0.813072 0.139157 1.647937
v 0.817558 0.124852 1.662453
v 0.812890 0.143776 1.637559
v 0.815884 0.131056 1.657709
v 0.813535 0.152237 1.607441
v 0.820132 0.077692 1.712191
v 0.823999 0.037440 1.600918
v 0.824018 0.033446 1.607357
v 0.824149 -0.061060 1.582891
v 0.820132 -0.082603 1.719425
v 0.823990 -0.015166 1.525363
v 0.820132 -0.015955 1.416694
v 0.820132 0.133716 1.650870
v 0.820134 0.133733 1.503134
v 0.820132 0.151575 1.569754
v 0.830869 0.062656 1.453379
v 0.824001 -0.004331 1.628874
v 0.820131 -0.169014 1.584224
v 0.824113 -0.008773 1.503997
v 0.823851 0.040265 1.594178
v 0.823847 0.023013 1.618111
v 0.823840 0.041142 1.562445
v 0.823860 -0.060567 1.580427
v 0.823840 -0.030625 1.624078
v 0.823847 -0.033978 1.531602
v 0.824066 -0.058461 1.561175
v 0.792796 -0.154239 1.492974
v 0.792796 -0.162565 1.509144
v 0.792796 -0.173716 1.544636
v 0.792796 -0.143338 1.476251
v 0.792796 -0.176694 1.569588
v 0.792796 -0.169284 1.527460
v 0.792796 0.159308 1.583315
v 0.792796 0.158437 1.558836
v 0.792796 0.153812 1.533923
v 0.792796 0.145410 1.509781
v 0.792796 0.134004 1.488103
v 0.792796 0.100972 1.449547
v 0.792796 0.119038 1.467675
v 0.792796 0.081303 1.434979
v 0.792796 0.157433 1.602032
v 0.792796 0.064186 1.425599
v 0.792796 0.022574 1.411781
v 0.792796 -0.001748 1.408992
v 0.792796 0.046843 1.418288
v 0.792796 -0.021276 1.409427
v 0.792796 -0.086869 1.428113
v 0.792796 -0.063201 1.417922
v 0.792796 -0.038887 1.411580
v 0.792796 -0.108014 1.441299
v 0.792796 -0.126822 1.457313
v 0.792796 -0.175921 1.594701
v 0.792796 -0.171418 1.619409
v 0.792796 -0.165136 1.638377
v 0.792796 -0.157395 1.655531
v 0.792796 -0.144035 1.676805
v 0.792796 -0.127641 1.695863
v 0.792796 -0.113484 1.708359
v 0.792796 -0.098743 1.718998
v 0.792796 -0.041070 1.741983
v 0.792796 -0.081626 1.728378
v 0.792796 -0.015500 1.744993
v 0.792796 -0.065298 1.735320
v 0.792796 0.002864 1.744227
v 0.792796 0.046780 1.735710
v 0.792796 0.069243 1.725962
v 0.792796 0.022509 1.742209
v 0.792796 0.085934 1.715821
v 0.792796 0.118285 1.687174
v 0.792796 0.100936 1.704459
v 0.792796 0.130113 1.671644
v 0.792796 0.139412 1.656528
v 0.792796 0.153395 1.621584
v 0.792796 0.147695 1.638377
v 0.792796 0.152886 1.607565
v 0.792796 0.045598 1.421744
v 0.792796 -0.106373 1.444643
v 0.792796 -0.170323 1.607577
v 0.792796 -0.039737 1.738510
v 0.792796 0.115942 1.684276
v 0.792796 0.088944 1.709324
v 0.812030 -0.008089 1.410303
v 0.820155 0.028752 1.392665
v 0.812030 -0.040780 1.413523
v 0.820155 0.064176 1.403411
v 0.812030 -0.072215 1.423059
v 0.820155 0.096824 1.420862
v 0.812030 -0.101186 1.438544
v 0.820155 0.125439 1.444346
v 0.812030 -0.126580 1.459383
v 0.820155 0.148924 1.472962
v 0.812030 -0.147419 1.484777
v 0.820155 0.166374 1.505609
v 0.812030 -0.162904 1.513747
v 0.820155 0.177120 1.541034
v 0.812030 -0.172440 1.545183
v 0.820155 0.180749 1.577874
v 0.812030 -0.175660 1.577874
v 0.820155 0.177120 1.614715
v 0.812030 -0.172440 1.610566
v 0.820155 0.166374 1.650139
v 0.812030 -0.162904 1.642001
v 0.820155 0.148924 1.682787
v 0.812030 -0.147419 1.670972
v 0.820155 0.125439 1.711402
v 0.812030 -0.126580 1.696365
v 0.820155 0.096824 1.734887
v 0.812030 -0.101186 1.717205
v 0.820155 0.064176 1.752337
v 0.812030 -0.072215 1.732690
v 0.820155 0.028752 1.763083
v 0.812030 -0.040780 1.742226
v 0.820155 -0.008089 1.766711
v 0.812030 -0.008089 1.745445
v 0.820155 -0.044929 1.763083
v 0.812030 0.024603 1.742226
v 0.820155 -0.080354 1.752337
v 0.812030 0.056038 1.732690
v 0.820155 -0.113001 1.734887
v 0.812030 0.085009 1.717205
v 0.820155 -0.141617 1.711402
v 0.812030 0.110402 1.696365
v 0.820155 -0.165101 1.682787
v 0.812030 0.131242 1.670972
v 0.820155 -0.182552 1.650139
v 0.812030 0.146727 1.642001
v 0.820155 -0.193298 1.614715
v 0.812030 0.156263 1.610566
v 0.820155 -0.196926 1.577874
v 0.812030 0.159482 1.577874
v 0.820155 -0.193298 1.541034
v 0.812030 0.156263 1.545183
v 0.820155 -0.182552 1.505609
v 0.812030 0.146727 1.513747
v 0.820155 -0.165101 1.472962
v 0.812030 0.131242 1.484777
v 0.820155 -0.141617 1.444346
v 0.812030 0.110402 1.459383
v 0.820155 -0.113001 1.420862
v 0.812030 0.085009 1.438544
v 0.820155 -0.080354 1.403411
v 0.812030 0.056038 1.423059
v 0.820155 -0.044929 1.392665
v 0.812030 0.024603 1.413523
v 0.820155 -0.008089 1.389037
v 0.853763 0.029123 1.390797
v 0.853763 0.064905 1.401651
v 0.853763 0.097882 1.419278
v 0.853763 0.126787 1.442999
v 0.853763 0.150508 1.471903
v 0.853763 0.168134 1.504880
v 0.853763 0.178989 1.540662
v 0.853763 0.182654 1.577874
v 0.853763 0.178989 1.615086
v 0.853763 0.168134 1.650868
v 0.853763 0.150508 1.683845
v 0.853763 0.126787 1.712750
v 0.853763 0.097882 1.736471
v 0.853763 0.064905 1.754097
v 0.853763 0.029123 1.764952
v 0.853763 -0.008089 1.768617
v 0.853763 -0.045301 1.764952
v 0.853763 -0.081083 1.754097
v 0.853763 -0.114060 1.736471
v 0.853763 -0.142964 1.712750
v 0.853763 -0.166685 1.683845
v 0.853763 -0.184312 1.650868
v 0.853763 -0.195166 1.615086
v 0.853763 -0.198831 1.577874
v 0.853763 -0.195166 1.540662
v 0.853763 -0.184312 1.504880
v 0.853763 -0.166685 1.471903
v 0.853763 -0.142964 1.442999
v 0.853763 -0.114060 1.419277
v 0.853763 -0.081083 1.401651
v 0.853763 -0.045301 1.390797
v 0.853763 -0.008089 1.387132
v 0.860413 0.033250 1.370049
v 0.860413 0.073001 1.382107
v 0.860413 0.109635 1.401689
v 0.860412 0.141745 1.428041
v 0.860412 0.168097 1.460151
v 0.860412 0.187678 1.496785
v 0.860412 0.199736 1.536535
v 0.860412 0.203808 1.577874
v 0.860412 0.199736 1.619213
v 0.860412 0.187678 1.658963
v 0.860412 0.168097 1.695598
v 0.860412 0.141745 1.727708
v 0.860413 0.109635 1.754060
v 0.860413 0.073001 1.773641
v 0.860413 0.033250 1.785699
v 0.860413 -0.008089 1.789770
v 0.860413 -0.049428 1.785699
v 0.860413 -0.089178 1.773641
v 0.860413 -0.125812 1.754060
v 0.860413 -0.157922 1.727708
v 0.860412 -0.184274 1.695598
v 0.860413 -0.203856 1.658963
v 0.860413 -0.215914 1.619213
v 0.860413 -0.219985 1.577874
v 0.860413 -0.215914 1.536535
v 0.860413 -0.203856 1.496785
v 0.860412 -0.184274 1.460151
v 0.860413 -0.157922 1.428041
v 0.860413 -0.125812 1.401689
v 0.860413 -0.089178 1.382107
v 0.860413 -0.049428 1.370049
v 0.860413 -0.008089 1.365978
v 0.874771 0.041399 1.329080
v 0.874771 0.088986 1.343516
v 0.874771 0.132842 1.366957
v 0.874771 0.171282 1.398504
v 0.874771 0.202828 1.436944
v 0.874771 0.226270 1.480800
v 0.874771 0.240705 1.528386
v 0.874771 0.245579 1.577874
v 0.874771 0.240705 1.627362
v 0.874771 0.226270 1.674949
v 0.874771 0.202828 1.718805
v 0.874771 0.171282 1.757245
v 0.874771 0.132842 1.788791
v 0.874771 0.088986 1.812233
v 0.874771 0.041399 1.826668
v 0.874771 -0.008089 1.831542
v 0.874771 -0.057577 1.826668
v 0.874771 -0.105163 1.812233
v 0.874771 -0.149019 1.788791
v 0.874771 -0.187459 1.757245
v 0.874771 -0.219006 1.718805
v 0.874771 -0.242447 1.674949
v 0.874771 -0.256883 1.627362
v 0.874771 -0.261757 1.577874
v 0.874771 -0.256883 1.528386
v 0.874771 -0.242447 1.480800
v 0.874771 -0.219006 1.436944
v 0.874771 -0.187459 1.398504
v 0.874771 -0.149019 1.366957
v 0.874771 -0.105163 1.343516
v 0.874771 -0.057577 1.329080
v 0.874771 -0.008089 1.324206
v 0.874751 0.048858 1.291585
v 0.874751 0.103616 1.308195
v 0.874751 0.154081 1.335170
v 0.874751 0.198314 1.371471
v 0.874751 0.234616 1.415704
v 0.874751 0.261590 1.466170
v 0.874751 0.278201 1.520928
v 0.874751 0.283809 1.577874
v 0.874751 0.278201 1.634821
v 0.874751 0.261590 1.689579
v 0.874751 0.234616 1.740044
v 0.874751 0.198314 1.784277
v 0.874751 0.154081 1.820579
v 0.874751 0.103616 1.847553
v 0.874751 0.048858 1.864164
v 0.874751 -0.008089 1.869772
v 0.874751 -0.065035 1.864164
v 0.874751 -0.119793 1.847553
v 0.874751 -0.170259 1.820579
v 0.874751 -0.214492 1.784277
v 0.874751 -0.250793 1.740044
v 0.874751 -0.277768 1.689579
v 0.874751 -0.294378 1.634821
v 0.874751 -0.299987 1.577874
v 0.874751 -0.294378 1.520928
v 0.874751 -0.277768 1.466170
v 0.874751 -0.250793 1.415704
v 0.874751 -0.214492 1.371471
v 0.874751 -0.170259 1.335170
v 0.874751 -0.119793 1.308195
v 0.874751 -0.065035 1.291585
v 0.874751 -0.008089 1.285976
v 0.861241 0.058957 1.240812
v 0.861241 0.123427 1.260368
v 0.861241 0.182842 1.292126
v 0.861241 0.234920 1.334866
v 0.861241 0.277659 1.386944
v 0.861241 0.309417 1.446359
v 0.861241 0.328974 1.510828
v 0.861241 0.335577 1.577874
v 0.861241 0.328974 1.644920
v 0.861241 0.309417 1.709389
v 0.861241 0.277659 1.768805
v 0.861241 0.234920 1.820883
v 0.861241 0.182842 1.863622
v 0.861241 0.123427 1.895380
v 0.861241 0.058957 1.914937
v 0.861241 -0.008089 1.921540
v 0.861241 -0.075135 1.914937
v 0.861241 -0.139604 1.895380
v 0.861241 -0.199019 1.863622
v 0.861241 -0.251097 1.820883
v 0.861241 -0.293837 1.768805
v 0.861241 -0.325595 1.709389
v 0.861241 -0.345151 1.644920
v 0.861241 -0.351755 1.577874
v 0.861241 -0.345151 1.510828
v 0.861241 -0.325595 1.446359
v 0.861241 -0.293837 1.386944
v 0.861241 -0.251097 1.334866
v 0.861241 -0.199019 1.292126
v 0.861241 -0.139604 1.260368
v 0.861241 -0.075135 1.240812
v 0.861241 -0.008089 1.234208
v 0.852312 0.061886 1.226088
v 0.852312 0.129172 1.246498
v 0.852312 0.191182 1.279644
v 0.852312 0.245535 1.324250
v 0.852312 0.290142 1.378603
v 0.852312 0.323287 1.440614
v 0.852312 0.343698 1.507900
v 0.852312 0.350590 1.577874
v 0.852312 0.343698 1.647849
v 0.852312 0.323287 1.715135
v 0.852312 0.290142 1.777145
v 0.852312 0.245535 1.831498
v 0.852312 0.191182 1.876105
v 0.852312 0.129172 1.909250
v 0.852312 0.061886 1.929661
v 0.852312 -0.008089 1.936553
v 0.852312 -0.078064 1.929661
v 0.852312 -0.145349 1.909250
v 0.852312 -0.207360 1.876105
v 0.852312 -0.261713 1.831498
v 0.852312 -0.306319 1.777145
v 0.852312 -0.339465 1.715135
v 0.852312 -0.359875 1.647849
v 0.852312 -0.366767 1.577874
v 0.852312 -0.359875 1.507899
v 0.852312 -0.339465 1.440614
v 0.852312 -0.306319 1.378603
v 0.852312 -0.261713 1.324250
v 0.852312 -0.207360 1.279644
v 0.852312 -0.145349 1.246498
v 0.852312 -0.078064 1.226088
v 0.852312 -0.008089 1.219196
v 0.712820 -0.008089 1.412415
v 0.706788 0.026350 1.404737
v 0.712820 -0.040368 1.415594
v 0.706788 0.059466 1.414782
v 0.712820 -0.071407 1.425010
v 0.706788 0.089986 1.431095
v 0.712820 -0.100013 1.440300
v 0.706788 0.116736 1.453049
v 0.712820 -0.125086 1.460877
v 0.706788 0.138690 1.479800
v 0.712820 -0.145663 1.485950
v 0.706788 0.155003 1.510319
v 0.712820 -0.160953 1.514556
v 0.706788 0.165049 1.543435
v 0.712820 -0.170369 1.545595
v 0.706788 0.168440 1.577874
v 0.712820 -0.173548 1.577874
v 0.706788 0.165049 1.612313
v 0.712820 -0.170369 1.610154
v 0.706788 0.155003 1.645429
v 0.712820 -0.160953 1.641193
v 0.706788 0.138690 1.675949
v 0.712820 -0.145663 1.669798
v 0.706788 0.116736 1.702699
v 0.712820 -0.125086 1.694871
v 0.706788 0.089986 1.724653
v 0.712820 -0.100013 1.715448
v 0.706788 0.059466 1.740966
v 0.712820 -0.071407 1.730739
v 0.706788 0.026350 1.751011
v 0.712820 -0.040368 1.740154
v 0.706788 -0.008089 1.754403
v 0.712820 -0.008089 1.743333
v 0.706788 -0.042528 1.751011
v 0.712820 0.024191 1.740154
v 0.706788 -0.075644 1.740966
v 0.712820 0.055230 1.730739
v 0.706788 -0.106163 1.724653
v 0.712820 0.083835 1.715448
v 0.706788 -0.132914 1.702699
v 0.712820 0.108909 1.694871
v 0.706788 -0.154867 1.675949
v 0.712820 0.129486 1.669798
v 0.706788 -0.171181 1.645429
v 0.712820 0.144776 1.641193
v 0.706788 -0.181226 1.612313
v 0.712820 0.154191 1.610154
v 0.706788 -0.184618 1.577874
v 0.712820 0.157370 1.577874
v 0.706788 -0.181226 1.543435
v 0.712820 0.154191 1.545595
v 0.706788 -0.171181 1.510319
v 0.712820 0.144776 1.514556
v 0.706788 -0.154867 1.479800
v 0.712820 0.129486 1.485950
v 0.706788 -0.132914 1.453049
v 0.712820 0.108909 1.460877
v 0.706788 -0.106163 1.431095
v 0.712820 0.083835 1.440300
v 0.706788 -0.075644 1.414782
v 0.712820 0.055230 1.425010
v 0.706788 -0.042528 1.404737
v 0.712820 0.024191 1.415594
v 0.706788 -0.008089 1.401345
v 0.672645 0.026799 1.402479
v 0.672645 0.060347 1.412656
v 0.672645 0.091265 1.429182
v 0.672645 0.118364 1.451421
v 0.672645 0.140604 1.478521
v 0.672645 0.157130 1.509439
v 0.672645 0.167306 1.542986
v 0.672645 0.170742 1.577874
v 0.672645 0.167306 1.612762
v 0.672645 0.157130 1.646310
v 0.672645 0.140604 1.677227
v 0.672645 0.118364 1.704327
v 0.672645 0.091265 1.726567
v 0.672645 0.060347 1.743093
v 0.672645 0.026799 1.753269
v 0.672645 -0.008089 1.756705
v 0.672645 -0.042977 1.753269
v 0.672645 -0.076524 1.743093
v 0.672645 -0.107442 1.726567
v 0.672645 -0.134541 1.704327
v 0.672645 -0.156781 1.677227
v 0.672645 -0.173307 1.646310
v 0.672645 -0.183484 1.612762
v 0.672645 -0.186920 1.577874
v 0.672645 -0.183484 1.542986
v 0.672645 -0.173307 1.509438
v 0.672645 -0.156781 1.478521
v 0.672645 -0.134541 1.451421
v 0.672645 -0.107442 1.429182
v 0.672645 -0.076524 1.412656
v 0.672645 -0.042977 1.402479
v 0.672645 -0.008089 1.399043
v 0.661029 0.032266 1.374998
v 0.661029 0.071070 1.386769
v 0.661029 0.106832 1.405884
v 0.661029 0.138177 1.431608
v 0.661029 0.163902 1.462954
v 0.661029 0.183017 1.498716
v 0.661029 0.194788 1.537520
v 0.661029 0.198762 1.577874
v 0.661029 0.194788 1.618229
v 0.661029 0.183017 1.657033
v 0.661029 0.163902 1.692794
v 0.661029 0.138177 1.724140
v 0.661029 0.106832 1.749865
v 0.661029 0.071070 1.768980
v 0.661029 0.032266 1.780751
v 0.661029 -0.008089 1.784725
v 0.661029 -0.048443 1.780751
v 0.661029 -0.087247 1.768980
v 0.661029 -0.123009 1.749864
v 0.661029 -0.154354 1.724140
v 0.661029 -0.180079 1.692794
v 0.661029 -0.199194 1.657033
v 0.661029 -0.210965 1.618229
v 0.661029 -0.214940 1.577874
v 0.661029 -0.210965 1.537520
v 0.661029 -0.199194 1.498716
v 0.661029 -0.180079 1.462954
v 0.661029 -0.154354 1.431608
v 0.661029 -0.123009 1.405884
v 0.661029 -0.087247 1.386769
v 0.661029 -0.048443 1.374998
v 0.661029 -0.008089 1.371023
v 0.645980 0.040948 1.331350
v 0.645980 0.088100 1.345654
v 0.645980 0.131556 1.368881
v 0.645980 0.169645 1.400141
v 0.645980 0.200904 1.438230
v 0.645980 0.224132 1.481685
v 0.645980 0.238435 1.528838
v 0.645980 0.243265 1.577874
v 0.645980 0.238435 1.626911
v 0.645980 0.224132 1.674063
v 0.645980 0.200904 1.717519
v 0.645980 0.169645 1.755608
v 0.645980 0.131556 1.786867
v 0.645980 0.088100 1.810094
v 0.645980 0.040948 1.824398
v 0.645980 -0.008089 1.829227
v 0.645980 -0.057125 1.824398
v 0.645980 -0.104278 1.810094
v 0.645980 -0.147733 1.786867
v 0.645980 -0.185822 1.755608
v 0.645980 -0.217082 1.717519
v 0.645980 -0.240309 1.674063
v 0.645980 -0.254612 1.626911
v 0.645980 -0.259442 1.577874
v 0.645980 -0.254612 1.528838
v 0.645980 -0.240309 1.481685
v 0.645980 -0.217082 1.438230
v 0.645980 -0.185822 1.400141
v 0.645980 -0.147733 1.368881
v 0.645980 -0.104278 1.345654
v 0.645980 -0.057125 1.331350
v 0.645980 -0.008089 1.326521
v 0.645961 0.049257 1.289579
v 0.645961 0.104399 1.306306
v 0.645961 0.155218 1.333469
v 0.645961 0.199761 1.370025
v 0.645961 0.236316 1.414568
v 0.645961 0.263480 1.465387
v 0.645961 0.280207 1.520529
v 0.645961 0.285855 1.577874
v 0.645961 0.280207 1.635220
v 0.645961 0.263480 1.690361
v 0.645961 0.236316 1.741181
v 0.645961 0.199761 1.785724
v 0.645961 0.155218 1.822279
v 0.645961 0.104399 1.849443
v 0.645961 0.049257 1.866170
v 0.645961 -0.008089 1.871818
v 0.645961 -0.065434 1.866170
v 0.645961 -0.120576 1.849443
v 0.645961 -0.171395 1.822279
v 0.645961 -0.215938 1.785724
v 0.645961 -0.252494 1.741180
v 0.645961 -0.279657 1.690361
v 0.645961 -0.296384 1.635220
v 0.645961 -0.302032 1.577874
v 0.645961 -0.296384 1.520529
v 0.645961 -0.279657 1.465387
v 0.645961 -0.252494 1.414568
v 0.645961 -0.215938 1.370025
v 0.645961 -0.171395 1.333469
v 0.645961 -0.120576 1.306306
v 0.645961 -0.065434 1.289579
v 0.645961 -0.008089 1.283931
v 0.660705 0.060184 1.234645
v 0.660705 0.125833 1.254560
v 0.660705 0.186335 1.286899
v 0.660705 0.239366 1.330420
v 0.660705 0.282887 1.383451
v 0.660705 0.315226 1.443953
v 0.660705 0.335140 1.509602
v 0.660705 0.341864 1.577874
v 0.660705 0.335140 1.646147
v 0.660705 0.315226 1.711795
v 0.660705 0.282887 1.772298
v 0.660705 0.239366 1.825328
v 0.660705 0.186335 1.868850
v 0.660705 0.125833 1.901189
v 0.660705 0.060184 1.921103
v 0.660705 -0.008089 1.927827
v 0.660705 -0.076361 1.921103
v 0.660705 -0.142010 1.901189
v 0.660705 -0.202512 1.868850
v 0.660705 -0.255543 1.825328
v 0.660705 -0.299064 1.772298
v 0.660705 -0.331403 1.711795
v 0.660705 -0.351318 1.646147
v 0.660705 -0.358042 1.577874
v 0.660705 -0.351318 1.509602
v 0.660705 -0.331403 1.443953
v 0.660705 -0.299064 1.383451
v 0.660705 -0.255543 1.330420
v 0.660705 -0.202512 1.286899
v 0.660705 -0.142010 1.254560
v 0.660705 -0.076361 1.234645
v 0.660705 -0.008089 1.227921
v 0.673392 0.062436 1.223324
v 0.673392 0.130250 1.243895
v 0.673392 0.192748 1.277301
v 0.673393 0.247528 1.322258
v 0.673393 0.292485 1.377038
v 0.673393 0.325890 1.439535
v 0.673393 0.346462 1.507350
v 0.673393 0.353408 1.577874
v 0.673393 0.346462 1.648399
v 0.673393 0.325890 1.716213
v 0.673393 0.292485 1.778711
v 0.673393 0.247528 1.833491
v 0.673392 0.192748 1.878448
v 0.673392 0.130250 1.911853
v 0.673392 0.062436 1.932425
v 0.673392 -0.008089 1.939370
v 0.673392 -0.078613 1.932425
v 0.673392 -0.146427 1.911853
v 0.673392 -0.208925 1.878448
v 0.673392 -0.263705 1.833491
v 0.673393 -0.308662 1.778711
v 0.673392 -0.342068 1.716213
v 0.673392 -0.362639 1.648399
v 0.673392 -0.369585 1.577874
v 0.673392 -0.362639 1.507350
v 0.673392 -0.342068 1.439535
v 0.673393 -0.308662 1.377038
v 0.673392 -0.263705 1.322258
v 0.673392 -0.208925 1.277301
v 0.673392 -0.146427 1.243895
v 0.673392 -0.078613 1.223324
v 0.673392 -0.008089 1.216378
vn -0.8548 -0.5065 -0.1128
vn -0.7639 -0.6110 -0.2077
vn -0.7447 -0.6568 -0.1184
vn -0.5527 0.8197 0.1505
vn -0.8818 0.4574 0.1151
vn -0.8886 0.4571 0.0379
vn -0.9002 -0.3628 -0.2408
vn -0.8349 -0.4430 -0.3266
vn -0.8371 -0.4816 -0.2596
vn -0.9047 -0.4205 -0.0693
vn -0.9042 -0.3958 -0.1607
vn -0.8417 -0.5207 -0.1427
vn -0.8540 -0.5183 -0.0453
vn -0.5575 0.6889 0.4632
vn -0.8770 0.4144 0.2434
vn -0.8814 0.4266 0.2028
vn -0.5598 0.7741 0.2957
vn -0.4549 0.8596 0.2328
vn -0.8321 -0.5165 -0.2022
vn -0.8323 -0.5485 -0.0800
vn -0.4535 0.8113 0.3690
vn -0.9999 -0.0037 0.0099
vn -1.0000 -0.0003 0.0016
vn -0.9766 0.1978 0.0848
vn -0.5442 0.8389 -0.0097
vn -0.4537 0.8855 0.1001
vn -0.9810 0.1561 0.1154
vn -0.4462 -0.7580 -0.4758
vn -0.7481 -0.5786 -0.3249
vn -0.7320 -0.5502 -0.4019
vn -0.4388 -0.8024 -0.4045
vn -0.0822 -0.8641 -0.4966
vn -0.0863 -0.9787 -0.1865
vn -0.4258 -0.8779 -0.2190
vn -0.4053 -0.8650 -0.2958
vn -0.0877 -0.9126 -0.3992
vn -0.7457 -0.6096 -0.2690
vn -0.9997 -0.0241 -0.0068
vn -0.9998 -0.0213 -0.0001
vn -0.9996 -0.0218 -0.0175
vn -0.7663 0.6096 0.2028
vn -0.7530 0.5280 0.3926
vn -0.7579 0.5746 0.3089
vn -0.7672 0.6286 0.1272
vn -0.9718 0.2349 0.0201
vn -0.8537 -0.4710 -0.2222
vn -0.8620 -0.4377 -0.2557
vn -0.8547 -0.4295 -0.2917
vn -1.0000 0.0058 -0.0039
vn -1.0000 0.0074 0.0004
vn -1.0000 0.0027 -0.0007
vn -0.9875 -0.1562 0.0233
vn -1.0000 -0.0026 -0.0049
vn -1.0000 -0.0033 0.0015
vn -0.9003 0.4351 -0.0154
vn -0.9062 0.4199 0.0504
vn -0.8362 0.5454 0.0572
vn -0.5596 -0.7722 0.3007
vn -0.5609 -0.8185 0.1248
vn -0.8833 -0.4547 0.1138
vn -0.8552 0.4672 -0.2245
vn -0.8550 0.4900 -0.1703
vn -0.7558 0.5973 -0.2681
vn -0.7530 0.6333 -0.1786
vn -0.9061 0.4136 -0.0889
vn -0.8336 0.5519 -0.0201
vn -0.9010 0.3971 -0.1747
vn -0.8385 0.5151 -0.1776
vn -0.8350 0.4935 -0.2436
vn -0.4708 -0.8778 0.0883
vn -0.4642 -0.8834 -0.0646
vn -0.4385 0.8984 -0.0259
vn -0.9896 0.1437 0.0060
vn -0.7515 0.6558 0.0718
vn -0.4243 0.8758 -0.2301
vn -0.4182 0.8395 -0.3468
vn -0.0788 0.9629 -0.2580
vn -0.4210 0.8939 -0.1540
vn -0.7433 0.6649 -0.0735
vn -0.9995 0.0310 -0.0109
vn -0.9997 0.0261 -0.0020
vn -0.7416 -0.6242 0.2459
vn -0.4476 -0.8586 0.2500
vn -0.4475 -0.7961 0.4073
vn -0.7395 -0.6731 0.0035
vn -0.9795 -0.2013 0.0015
vn -0.7592 -0.6402 0.1176
vn -0.9732 -0.2197 0.0685
vn -0.8988 0.4377 -0.0240
vn -0.6542 -0.7563 -0.0008
vn -0.8362 0.5396 -0.0975
vn -0.8540 0.5110 -0.0982
vn -0.8544 0.5181 -0.0401
vn -0.8619 0.5071 0.0021
vn -0.8546 0.5179 0.0375
vn -1.0000 -0.0082 -0.0007
vn -0.9991 0.0196 -0.0381
vn -0.9998 -0.0183 -0.0043
vn -0.9741 -0.2175 -0.0617
vn -0.9999 0.0030 -0.0114
vn -0.9926 -0.0038 0.1211
vn -0.9999 -0.0102 0.0028
vn -0.5506 -0.4900 0.6758
vn -0.5603 -0.5870 0.5844
vn -0.8810 -0.3120 0.3555
vn -0.5677 -0.6814 0.4620
vn -0.8845 -0.3517 0.3066
vn -0.9053 0.3542 -0.2343
vn -0.8549 0.2907 -0.4298
vn -0.8535 0.3398 -0.3952
vn -0.7559 0.3838 -0.5304
vn -0.7481 0.4690 -0.4695
vn -0.4488 -0.5886 0.6724
vn -0.4559 -0.6946 0.5565
vn -0.8317 0.4738 -0.2894
vn -0.8390 0.4250 -0.3398
vn -0.9057 0.2984 -0.3013
vn -0.8371 0.3849 -0.3889
vn -0.8370 0.3260 -0.4395
vn -0.0769 0.9142 -0.3978
vn -0.0826 0.8455 -0.5276
vn -0.4489 0.7786 -0.4385
vn -0.9916 0.1122 -0.0646
vn -0.7573 0.5277 -0.3846
vn -0.3951 0.7356 -0.5502
vn -0.0941 0.6513 -0.7529
vn -0.0959 0.5340 -0.8400
vn -0.3985 0.5483 -0.7353
vn -0.0931 0.7551 -0.6490
vn -0.3939 0.6503 -0.6495
vn -0.9998 0.0157 -0.0143
vn -0.9996 0.0168 -0.0208
vn -0.8791 -0.4098 0.2433
vn -0.8803 -0.2351 0.4120
vn -0.8841 -0.4221 0.2006
vn -0.9785 -0.1191 0.1682
vn -0.7753 -0.4096 0.4807
vn -0.7701 -0.3249 0.5490
vn -0.4425 -0.4822 0.7561
vn -0.7638 -0.5529 0.3332
vn -0.9735 -0.1816 0.1391
vn -0.7516 -0.4847 0.4475
vn -0.8973 0.3689 -0.2425
vn -0.6463 -0.6609 0.3815
vn -0.8542 0.4296 -0.2930
vn -0.8976 0.3940 -0.1978
vn -0.8574 0.4348 -0.2754
vn -0.9887 -0.1378 0.0584
vn -0.9998 0.0071 0.0178
vn -1.0000 -0.0002 0.0084
vn -0.5526 -0.3528 0.7551
vn -0.8873 -0.1587 0.4330
vn -0.5558 -0.2167 0.8025
vn -0.8765 -0.0830 0.4742
vn -0.8544 0.0420 -0.5179
vn -0.7667 0.1377 -0.6271
vn -0.7455 0.0728 -0.6626
vn -0.8546 0.2217 -0.4696
vn -0.7473 0.2835 -0.6010
vn -0.7691 0.2078 -0.6044
vn -0.9007 0.1065 -0.4213
vn -0.8351 0.1400 -0.5320
vn -0.8357 0.0637 -0.5455
vn -0.9086 0.1717 -0.3807
vn -0.8354 0.1990 -0.5123
vn -0.5588 -0.0956 0.8238
vn -0.7454 -0.1004 0.6590
vn -0.4635 -0.2307 0.8555
vn -0.4374 -0.0318 0.8987
vn -0.4400 0.4289 -0.7889
vn -0.9896 0.0797 -0.1199
vn -0.0888 0.4263 -0.9002
vn -0.0762 0.1864 -0.9795
vn -0.0868 0.0427 -0.9953
vn -0.4337 0.0648 -0.8987
vn -0.0791 0.3226 -0.9432
vn -0.4193 0.1790 -0.8900
vn -0.4276 0.2999 -0.8528
vn -0.9995 0.0105 -0.0307
vn -0.9066 0.0343 -0.4207
vn -0.9032 0.2343 -0.3596
vn -0.9997 -0.0008 -0.0256
vn -0.8858 -0.0005 0.4641
vn -0.9679 0.0219 0.2502
vn -0.9707 -0.0670 0.2306
vn -0.4638 -0.3612 0.8089
vn -0.7471 -0.2419 0.6191
vn -0.8346 0.2614 -0.4849
vn -0.8620 0.0027 -0.5069
vn -0.8520 0.0097 -0.5235
vn -0.8620 0.2559 -0.4376
vn -0.9707 -0.0280 -0.2388
vn -0.6450 -0.4355 0.6280
vn -1.0000 -0.0061 -0.0055
vn -0.5593 0.2165 0.8002
vn -0.5507 0.1166 0.8265
vn -0.8766 0.0861 0.4735
vn -0.9039 -0.1086 -0.4137
vn -0.8361 -0.0991 -0.5396
vn -0.8365 -0.1649 -0.5226
vn -0.5705 0.0322 0.8207
vn -0.8824 0.1618 0.4418
vn -0.9735 0.0942 0.2085
vn -1.0000 0.0057 0.0029
vn -0.9046 -0.0482 -0.4234
vn -0.8344 -0.0169 -0.5508
vn -0.9041 -0.1848 -0.3854
vn -0.4669 0.1290 0.8748
vn -0.5482 0.3417 0.7634
vn -0.4422 0.2856 0.8502
vn -0.4428 -0.0324 -0.8960
vn -0.9886 0.0061 -0.1505
vn -0.7460 -0.0675 -0.6625
vn -0.0845 -0.0827 -0.9930
vn -0.0769 -0.4624 -0.8833
vn -0.4445 -0.4274 -0.7873
vn -0.4154 -0.3453 -0.8416
vn -0.7524 -0.2842 -0.5943
vn -0.7533 -0.2143 -0.6217
vn -0.4178 -0.2342 -0.8778
vn -0.0862 -0.1840 -0.9791
vn -0.4134 -0.1299 -0.9012
vn -0.7623 -0.1300 -0.6340
vn -0.9998 -0.0068 -0.0189
vn -0.9994 -0.0174 -0.0289
vn -0.8851 0.2263 0.4067
vn -0.7748 0.1984 0.6003
vn -0.4670 0.3836 0.7967
vn -0.7578 -0.0032 0.6524
vn -0.7768 0.1357 0.6150
vn -0.8984 -0.0235 -0.4386
vn -0.8343 -0.2194 -0.5059
vn -0.8553 -0.2223 -0.4681
vn -0.8547 -0.0434 -0.5173
vn -0.6539 0.0003 0.7566
vn -0.9760 0.1386 0.1682
vn -0.9997 0.0022 -0.0259
vn -1.0000 0.0018 0.0005
vn -1.0000 0.0045 0.0082
vn -1.0000 -0.0004 -0.0013
vn -1.0000 -0.0063 -0.0001
vn -0.9999 -0.0002 0.0151
vn -0.8530 -0.3948 -0.3414
vn -0.8548 -0.3389 -0.3931
vn -0.7223 -0.4906 -0.4874
vn -0.5592 0.5860 0.5864
vn -0.8846 0.3521 0.3060
vn -0.5569 0.4698 0.6849
vn -0.8784 0.3147 0.3597
vn -0.8346 -0.2905 -0.4680
vn -0.4527 0.4831 0.7495
vn -0.4596 0.5680 0.6828
vn -0.4610 0.6732 0.5782
vn -0.9009 -0.2595 -0.3479
vn -0.8375 -0.3538 -0.4165
vn -0.9088 -0.2950 -0.2951
vn -0.8385 -0.4012 -0.3688
vn -0.9888 -0.0811 -0.1255
vn -0.4342 -0.4901 -0.7559
vn -0.0933 -0.7966 -0.5973
vn -0.4232 -0.6876 -0.5900
vn -0.0932 -0.7017 -0.7063
vn -0.4233 -0.5914 -0.6864
vn -0.7470 -0.3952 -0.5346
vn -0.4614 0.7535 0.4683
vn -0.7693 0.3267 0.5490
vn -0.7471 0.4647 0.4752
vn -0.8998 -0.2519 -0.3561
vn -0.6540 0.3776 0.6555
vn -0.8546 -0.2930 -0.4286
vn -0.8538 -0.4915 0.1714
vn -0.8548 -0.5098 0.0969
vn -0.7380 -0.6513 0.1765
vn -0.9061 -0.4228 0.0146
vn -0.8350 -0.5499 -0.0187
vn -0.5578 0.7689 -0.3126
vn -0.8819 0.4486 -0.1446
vn -0.8834 0.4143 -0.2190
vn -0.9013 -0.4254 0.0812
vn -0.8358 -0.5391 0.1040
vn -0.8368 -0.5170 0.1801
vn -0.5611 0.8115 -0.1630
vn -0.8847 0.4623 -0.0598
vn -0.8547 -0.4683 0.2238
vn -0.7319 -0.6237 0.2745
vn -0.4686 0.8680 -0.1644
vn -0.4597 0.8873 -0.0380
vn -0.4631 0.8341 -0.2995
vn -0.8340 -0.5503 0.0416
vn -0.7545 -0.6532 0.0636
vn -0.9044 -0.4021 0.1426
vn -0.8337 -0.4876 0.2592
vn -0.4439 0.7970 -0.4097
vn -0.0820 -0.9957 -0.0429
vn -0.4416 -0.8971 0.0116
vn -0.4094 -0.9064 -0.1044
vn -0.9919 -0.1269 0.0046
vn -0.7555 -0.6538 -0.0413
vn -0.0765 -0.9918 0.1026
vn -0.0856 -0.9255 0.3690
vn -0.0773 -0.8785 0.4714
vn -0.4515 -0.7899 0.4150
vn -0.0852 -0.9647 0.2491
vn -0.4368 -0.8488 0.2978
vn -0.4265 -0.8864 0.1799
vn -0.4189 -0.8999 0.1217
vn -0.9999 -0.0126 0.0057
vn -0.9998 -0.0214 0.0038
vn -0.9052 -0.3750 0.2001
vn -0.9783 0.2005 -0.0529
vn -0.7438 0.6400 -0.1929
vn -0.7534 0.5729 -0.3228
vn -0.7735 0.6299 -0.0707
vn -0.7377 0.6748 0.0190
vn -0.8551 -0.5170 0.0392
vn -0.8989 -0.4363 0.0409
vn -0.9998 -0.0212 0.0019
vn -0.9996 0.0223 -0.0170
vn -0.9998 0.0208 -0.0047
vn -0.8542 -0.3398 0.3935
vn -0.8550 -0.3923 0.3392
vn -0.7297 -0.4835 0.4836
vn -0.9049 -0.2990 0.3028
vn -0.8370 -0.4138 0.3581
vn -0.8384 -0.3559 0.4129
vn -0.8548 -0.2932 0.4281
vn -0.7449 -0.3973 0.5359
vn -0.5576 0.7010 -0.4446
vn -0.8882 0.3686 -0.2742
vn -0.5474 0.6146 -0.5680
vn -0.4729 0.7108 -0.5207
vn -0.4701 0.5774 -0.6675
vn -0.4372 0.6581 -0.6129
vn -0.9047 -0.2376 0.3536
vn -0.8307 -0.3125 0.4608
vn -0.9011 -0.3502 0.2558
vn -1.0000 0.0012 -0.0035
vn -0.9999 0.0076 0.0099
vn -0.9750 0.1520 -0.1622
vn -0.5449 0.4980 -0.6746
vn -0.4569 0.4723 -0.7537
vn -0.9886 -0.1277 0.0801
vn -0.4340 -0.7563 0.4896
vn -0.0820 -0.6182 0.7817
vn -0.0875 -0.5309 0.8429
vn -0.4262 -0.5100 0.7472
vn -0.0823 -0.8023 0.5912
vn -0.0970 -0.7078 0.6997
vn -0.4271 -0.6850 0.5902
vn -0.7453 -0.5356 0.3970
vn -0.9997 -0.0184 0.0138
vn -0.9998 -0.0148 0.0143
vn -0.8828 0.2386 -0.4046
vn -0.8839 0.3149 -0.3458
vn -0.7589 0.4883 -0.4307
vn -0.9797 0.1704 -0.1059
vn -0.7693 0.3772 -0.5156
vn -0.8987 -0.3666 0.2408
vn -0.8342 -0.4589 0.3058
vn -0.8547 -0.4287 0.2926
vn -0.8575 -0.2388 0.4558
vn -0.8503 -0.2686 0.4526
vn -0.8055 -0.3838 0.4515
vn -0.6540 0.6555 -0.3776
vn -1.0000 0.0027 0.0025
vn -0.8539 -0.0980 0.5111
vn -0.8549 -0.1706 0.4899
vn -0.7240 -0.1773 0.6666
vn -0.5634 0.0828 -0.8220
vn -0.5565 0.2169 -0.8021
vn -0.8842 0.0655 -0.4625
vn -0.5606 0.3587 -0.7464
vn -0.8843 0.1509 -0.4418
vn -0.9033 -0.1123 0.4140
vn -0.8369 -0.1817 0.5164
vn -0.8370 -0.1011 0.5378
vn -0.8549 -0.0399 0.5172
vn -0.7332 -0.0737 0.6760
vn -0.9755 0.0231 -0.2186
vn -1.0000 -0.0061 -0.0037
vn -0.9741 0.0949 -0.2054
vn -0.4423 0.2861 -0.8500
vn -0.7077 0.3193 -0.6302
vn -0.4550 0.1227 -0.8820
vn -0.7344 -0.2725 0.6216
vn -0.9005 -0.1769 0.3972
vn -0.8346 -0.2588 0.4862
vn -0.4207 -0.4186 0.8049
vn -0.7746 -0.3207 0.5451
vn -0.0856 -0.4244 0.9014
vn -0.0809 -0.0358 0.9961
vn -0.4552 -0.0082 0.8903
vn -0.4375 -0.1591 0.8850
vn -0.0779 -0.1955 0.9776
vn -0.4469 -0.2902 0.8462
vn -0.0810 -0.3343 0.9390
vn -0.9999 -0.0012 0.0140
vn -0.9041 -0.0478 0.4247
vn -0.9997 -0.0101 0.0227
vn -0.9998 0.0007 0.0183
vn -0.7656 0.1414 -0.6276
vn -0.7567 0.0149 -0.6536
vn -0.7777 0.2005 -0.5959
vn -0.8955 -0.2017 0.3968
vn -0.8545 -0.2245 0.4685
vn -0.9963 0.0432 -0.0745
vn -0.6089 0.3968 -0.6869
vn -0.9999 -0.0084 0.0110
vn -1.0000 0.0001 -0.0032
vn -0.9786 -0.0427 -0.2015
vn -1.0000 -0.0004 -0.0026
vn -0.9781 0.0672 -0.1970
vn -0.9999 0.0022 -0.0140
vn -0.9027 0.0177 0.4299
vn -0.8331 -0.0180 0.5529
vn -0.5628 -0.0296 -0.8261
vn -0.8803 -0.0181 -0.4740
vn -0.8810 -0.0779 -0.4667
vn -0.8547 0.2264 0.4672
vn -0.8540 0.1713 0.4912
vn -0.7423 0.2694 0.6135
vn -0.4711 -0.0307 -0.8815
vn -0.5545 -0.1982 -0.8082
vn -0.4451 -0.1683 -0.8795
vn -0.4459 -0.2863 -0.8480
vn -0.9024 0.0879 0.4219
vn -0.8378 0.0581 0.5429
vn -0.9056 0.1657 0.3905
vn -0.8383 0.1455 0.5255
vn -1.0000 0.0074 -0.0024
vn -0.9756 -0.1037 -0.1937
vn -0.5653 -0.3423 -0.7505
vn -0.9659 0.0656 0.2503
vn -0.1764 0.0591 0.9825
vn -0.0771 0.3290 0.9412
vn -0.0844 0.4597 0.8841
vn -0.4249 0.3934 0.8153
vn -0.0775 0.1823 0.9802
vn -0.4430 0.2881 0.8490
vn -0.4373 0.1544 0.8859
vn -0.7297 0.1777 0.6602
vn -0.6424 0.0489 0.7648
vn -0.9996 0.0089 0.0253
vn -0.9999 0.0083 0.0145
vn -0.8819 -0.1722 -0.4388
vn -0.7798 -0.2037 -0.5920
vn -0.7078 -0.3099 -0.6348
vn -0.7548 -0.0892 -0.6499
vn -0.8992 0.0257 0.4368
vn -0.6541 0.0006 -0.7564
vn -0.8364 0.2232 0.5006
vn -0.8532 0.0984 0.5122
vn -0.8619 0.2519 0.4401
vn -0.8521 0.2534 0.4580
vn -0.8004 0.2124 0.5606
vn -1.0000 0.0056 -0.0008
vn -0.5577 -0.6465 -0.5206
vn -0.8857 -0.3165 -0.3397
vn -0.8712 -0.3912 -0.2967
vn -0.9028 0.2276 0.3650
vn -0.9052 0.3299 0.2679
vn -0.9040 0.2751 0.3273
vn -0.8395 0.3857 0.3827
vn -0.5589 -0.4471 -0.6984
vn -0.8811 -0.2522 -0.4001
vn -0.8543 0.4304 0.2913
vn -0.8537 0.3948 0.3397
vn -0.7563 0.5252 0.3902
vn -0.7380 0.4737 0.4805
vn -0.4571 -0.4723 -0.7537
vn -1.0000 -0.0063 -0.0037
vn -0.9753 -0.1530 -0.1596
vn -0.5645 -0.5314 -0.6316
vn -0.4830 -0.5944 -0.6430
vn -0.8334 0.2909 0.4699
vn -0.8368 0.4449 0.3192
vn -0.9784 -0.1805 -0.1004
vn -1.0000 -0.0037 0.0070
vn -0.4496 0.4712 0.7588
vn -0.9901 0.0651 0.1244
vn -0.0861 0.5668 0.8194
vn -0.0767 0.6541 0.7525
vn -0.0844 0.7508 0.6551
vn -0.4287 0.6611 0.6157
vn -0.4096 0.7409 0.5323
vn -0.4404 0.5812 0.6843
vn -0.7357 0.4010 0.5459
vn -0.9998 0.0126 0.0148
vn -0.9994 0.0288 0.0175
vn -0.7378 -0.5061 -0.4467
vn -0.7487 -0.5588 -0.3567
vn -0.4636 -0.7149 -0.5234
vn -0.7593 -0.3879 -0.5225
vn -0.9705 0.2214 0.0956
vn -0.8374 0.3365 0.4307
vn -0.8539 0.2933 0.4300
vn -0.9707 -0.0259 0.2390
vn -0.5378 -0.7332 -0.4161
vn -0.6405 -0.3834 -0.6654
vn -0.8620 0.4376 0.2559
vn -0.8520 0.4485 0.2701
vn -1.0000 -0.0052 0.0049
vn -1.0000 0.0004 0.0057
vn -0.8529 0.5127 0.0986
vn -0.8541 0.4911 0.1715
vn -0.7424 0.6462 0.1765
vn -0.9019 0.3833 0.1991
vn -0.5515 -0.8339 -0.0210
vn -0.5562 -0.8162 -0.1563
vn -0.8790 -0.4740 -0.0519
vn -0.5593 -0.7780 -0.2860
vn -0.5659 -0.7220 -0.3981
vn -0.8844 -0.4149 -0.2136
vn -0.8828 -0.4489 -0.1382
vn -0.4652 -0.7974 -0.3843
vn -0.8322 0.4874 0.2642
vn -0.8387 0.5055 0.2028
vn -0.9051 0.4051 0.1290
vn -0.8381 0.5286 0.1347
vn -0.4673 -0.8541 -0.2284
vn -0.0823 0.8758 0.4756
vn -0.4497 0.7907 0.4155
vn -0.9874 0.1318 0.0881
vn -0.7308 0.6253 0.2736
vn -0.0800 0.9848 0.1542
vn -0.0958 0.9948 0.0351
vn -0.4049 0.9091 0.0980
vn -0.0852 0.9614 0.2616
vn -0.4298 0.8833 0.1874
vn -0.4375 0.8490 0.2964
vn -0.0878 0.9236 0.3731
vn -0.9998 0.0193 0.0045
vn -0.7544 -0.6466 -0.1126
vn -0.7547 -0.6117 -0.2371
vn -0.8541 0.4684 0.2259
vn -0.9706 0.2394 -0.0246
vn -0.6454 -0.6281 -0.4348
vn 0.1488 0.5476 0.8234
vn 0.1491 0.5873 0.7955
vn 0.1491 0.5871 0.7957
vn 0.1254 0.1337 -0.9831
vn 0.1417 0.1923 -0.9711
vn 0.1368 0.1744 -0.9751
vn 0.3281 -0.0559 -0.9430
vn 0.3153 -0.1153 -0.9420
vn 0.3189 -0.0994 -0.9426
vn 0.1553 -0.5483 -0.8218
vn 0.1496 -0.5908 -0.7928
vn 0.1505 -0.5848 -0.7971
vn -0.9999 0.0115 -0.0066
vn -1.0000 0.0029 -0.0018
vn -0.9997 0.0204 -0.0137
vn -0.9000 0.2517 -0.3558
vn -0.9894 -0.0904 -0.1132
vn -0.9888 -0.0544 -0.1387
vn -0.8985 -0.3910 0.1996
vn -0.9999 -0.0087 0.0146
vn -0.9998 -0.0156 0.0159
vn -0.9999 -0.0074 -0.0113
vn -0.9998 0.0078 -0.0184
vn -0.9995 0.0034 -0.0319
vn -0.9872 0.1574 -0.0244
vn -0.8619 -0.2514 -0.4404
vn -0.8956 -0.2427 0.3729
vn -0.8519 -0.2534 -0.4583
vn -0.8993 0.0253 -0.4366
vn -0.8519 0.0098 0.5236
vn -0.8011 -0.5605 0.2101
vn -0.8499 -0.5268 0.0064
vn -0.9999 0.0046 -0.0111
vn -0.8993 0.3654 0.2403
vn -0.9912 0.1123 0.0699
vn -0.8502 0.4591 -0.2578
vn -0.6463 0.7631 0.0003
vn -0.9921 -0.0343 0.1205
vn -0.8552 -0.4378 -0.2774
vn -0.8553 -0.4594 -0.2394
vn -0.8984 0.4387 0.0218
vn -0.8501 -0.4529 0.2688
vn -0.8985 -0.0226 0.4384
vn -0.8544 0.0374 0.5183
vn -0.8521 0.5233 0.0096
vn -0.8991 -0.1975 -0.3906
vn -0.9998 0.0136 0.0126
vn -0.8974 -0.4405 -0.0261
vn -0.8522 0.2700 -0.4482
vn -0.9997 0.0251 -0.0069
vn -0.8519 -0.4485 -0.2702
vn -0.6082 -0.3811 -0.6963
vn 0.1051 -0.7609 -0.6403
vn 0.9162 -0.0066 0.4006
vn 0.8407 0.2460 -0.4824
vn -0.2228 0.8942 0.3882
vn -0.9777 0.1976 0.0707
vn -0.9055 0.2482 0.3442
vn 0.0016 0.2273 0.9738
vn -0.9943 0.0461 0.0959
vn 0.9399 -0.3413 -0.0086
vn -0.6771 0.7098 -0.1945
vn -0.8478 0.5303 0.0066
vn -0.4144 0.6753 0.6101
vn -0.9433 -0.1878 -0.2736
vn -0.9990 0.0429 0.0084
vn 0.4480 0.8804 0.1555
vn 0.9578 0.2307 -0.1716
vn 0.4512 0.7534 0.4783
vn -0.0855 -0.9546 -0.2853
vn -0.8029 -0.3815 -0.4581
vn -0.8865 -0.4610 0.0402
vn -0.0860 0.9905 -0.1078
vn -0.8129 0.5543 0.1787
vn -0.8533 0.3939 -0.3415
vn -0.5382 -0.7332 0.4155
vn -1.0000 -0.0037 -0.0009
vn -0.0817 -0.3245 -0.9424
vn -0.8084 0.1909 -0.5568
vn -0.0827 -0.5883 -0.8044
vn -0.4353 -0.5904 0.6797
vn -0.8538 0.3411 0.3932
vn -0.0847 0.8285 0.5535
vn -0.8118 0.1197 0.5715
vn -0.5386 0.0069 -0.8426
vn -1.0000 0.0084 0.0044
vn -0.8083 0.3865 0.4441
vn -0.5385 -0.4153 -0.7332
vn 0.1450 -0.2801 0.9490
vn 0.1509 -0.3288 0.9322
vn 0.1501 -0.3218 0.9348
vn 0.1557 -0.3693 0.9162
vn 0.1487 0.6254 0.7660
vn 0.1445 0.9617 -0.2331
vn 0.1505 0.9717 -0.1820
vn 0.1500 0.9704 -0.1893
vn 0.1553 0.9781 -0.1382
vn 0.1523 0.2312 -0.9609
vn 0.3045 -0.1589 -0.9391
vn 0.1552 -0.7780 -0.6088
vn 0.1506 -0.7509 -0.6430
vn 0.1498 -0.7462 -0.6487
vn 0.1447 -0.6730 -0.7253
vn 0.1489 -0.9793 -0.1370
vn 0.1490 -0.9715 -0.1844
vn 0.1490 -0.9715 -0.1842
vn 0.1489 -0.9615 -0.2311
vn -0.9996 -0.0287 -0.0063
vn -0.8572 -0.5146 -0.0220
vn -0.8619 0.0027 0.5071
vn -0.8023 -0.1003 -0.5885
vn -0.8092 0.5763 -0.1148
vn -0.8572 -0.4567 0.2382
vn -0.8130 0.4317 -0.3909
vn -0.8123 -0.4339 0.3898
vn 0.9172 -0.3741 -0.1367
vn -0.9580 -0.0573 0.2808
vn 0.9374 -0.2366 0.2556
vn 0.6467 -0.7442 0.1670
vn 0.3936 -0.1692 -0.9036
vn -0.3728 -0.4259 0.8244
vn -0.9209 -0.3313 0.2054
vn 0.4172 0.1745 -0.8919
vn -0.0000 -0.1873 -0.9823
vn -0.0000 -0.9990 -0.0440
vn -0.0000 -0.9317 0.3634
vn -0.0000 0.5391 -0.8422
vn -0.0000 -0.8812 0.4727
vn -0.0000 0.9173 -0.3983
vn -0.0000 -0.3249 -0.9458
vn -0.0000 -0.8047 0.5936
vn -0.0000 0.9885 0.1512
vn -0.0000 -0.9828 -0.1846
vn -0.0000 0.1810 0.9835
vn -0.0000 -0.3290 0.9443
vn -0.0000 -0.4365 0.8997
vn -0.0000 0.6563 0.7545
vn -0.0000 -0.9157 -0.4018
vn -0.0000 -0.7976 -0.6032
vn -0.0000 -0.7116 0.7026
vn -0.0000 -0.8645 -0.5026
vn -0.0000 0.5622 0.8270
vn -0.0000 -0.4636 -0.8860
vn -0.0000 0.9650 0.2623
vn -0.0000 -0.0377 0.9993
vn -0.0000 0.4351 -0.9004
vn -0.0000 0.7597 -0.6503
vn -0.0000 0.9666 -0.2563
vn -0.0000 -0.9547 -0.2975
vn -0.0000 0.9940 -0.1093
vn -0.0000 0.8482 -0.5298
vn -0.0000 0.9295 0.3688
vn -0.0000 -0.5339 0.8455
vn -0.0000 0.0459 -0.9989
vn -0.0000 0.0719 0.9974
vn -0.0000 -0.1916 0.9815
vn -0.0000 0.4597 0.8881
vn -0.0000 -0.5903 -0.8072
vn -0.0000 0.7524 0.6587
vn -0.0000 0.1870 -0.9824
vn -0.0000 0.8247 0.5656
vn -0.0000 -0.0719 -0.9974
vn -0.0000 0.9995 0.0321
vn -0.0000 0.8824 0.4705
vn -0.0000 -0.6242 0.7812
vn -0.0000 0.3293 0.9442
vn -0.0000 -0.9944 0.1053
vn -0.0000 -0.9689 0.2474
vn -0.0000 0.3245 -0.9459
vn -0.0000 0.6536 -0.7569
vn -0.0000 -0.7029 -0.7113
vn -0.5745 0.4547 -0.6806
vn -0.6320 0.2966 -0.7160
vn -0.5745 0.3132 -0.7562
vn -0.5928 0.1571 -0.7899
vn -0.5745 -0.0000 -0.8185
vn -0.5928 -0.0000 -0.8054
vn -0.5928 0.7441 0.3082
vn -0.5745 0.8028 0.1597
vn -0.5928 0.7899 0.1571
vn -0.5745 -0.5788 0.5788
vn -0.5928 -0.4474 0.6696
vn -0.5928 -0.5695 0.5695
vn -0.5928 -0.4474 -0.6696
vn -0.5745 -0.5788 -0.5788
vn -0.5928 -0.5695 -0.5695
vn -0.5928 0.7441 -0.3082
vn -0.5745 0.6806 -0.4547
vn -0.5928 0.6696 -0.4474
vn -0.5745 0.1597 0.8028
vn -0.5928 0.3082 0.7441
vn -0.5928 0.1571 0.7899
vn -0.5928 -0.7899 -0.1571
vn -0.5745 -0.8185 -0.0000
vn -0.5928 -0.8054 -0.0000
vn -0.5928 0.3082 -0.7441
vn -0.5745 0.1597 -0.8028
vn -0.5928 0.6696 0.4474
vn -0.5745 0.7562 0.3132
vn -0.5745 -0.6806 0.4547
vn -0.5928 -0.6696 0.4474
vn -0.5928 -0.3082 -0.7441
vn -0.5745 -0.4547 -0.6806
vn -0.5745 0.8028 -0.1597
vn -0.5928 0.7899 -0.1571
vn -0.5745 -0.1597 0.8028
vn -0.5928 -0.0000 0.8054
vn -0.5928 -0.1571 0.7899
vn -0.5745 -0.7562 -0.3132
vn -0.5928 -0.7441 -0.3082
vn -0.5928 0.4474 -0.6696
vn -0.5928 0.5695 0.5695
vn -0.5745 0.6806 0.4547
vn -0.5928 -0.7441 0.3082
vn -0.5745 -0.1597 -0.8028
vn -0.5928 -0.1571 -0.7899
vn -0.5745 0.8185 -0.0000
vn -0.5928 0.8054 -0.0000
vn -0.5928 -0.3082 0.7441
vn -0.5928 -0.6696 -0.4474
vn -0.5928 0.5695 -0.5695
vn -0.5745 0.4547 0.6806
vn -0.5928 0.4474 0.6696
vn -0.5745 -0.8028 0.1597
vn -0.5928 -0.7899 0.1571
vn -0.5745 -0.4547 0.6806
vn -0.5745 -0.6806 -0.4547
vn -0.5745 -0.3132 0.7562
vn -0.6320 -0.1512 0.7601
vn -0.5745 0.3132 0.7562
vn -0.6320 0.5480 -0.5480
vn -0.5745 0.5788 -0.5788
vn -0.6320 -0.6443 -0.4305
vn -0.6320 0.4305 0.6443
vn -0.5745 0.5788 0.5788
vn -0.6320 0.2966 0.7160
vn -0.6320 -0.2966 0.7160
vn -0.6320 0.6443 -0.4305
vn -0.6320 -0.4305 0.6444
vn -0.5745 0.7562 -0.3132
vn -0.6320 -0.5480 -0.5480
vn -0.6320 -0.2966 -0.7160
vn -0.5745 -0.3132 -0.7562
vn -0.6320 -0.0000 0.7750
vn -0.5745 -0.0000 0.8185
vn -0.6320 -0.5480 0.5480
vn -0.6320 0.7160 -0.2966
vn -0.5745 -0.7562 0.3132
vn -0.6320 -0.6444 0.4305
vn -0.6320 0.7601 -0.1512
vn -0.6320 -0.1512 -0.7601
vn -0.6320 -0.0000 -0.7750
vn -0.6320 -0.7601 0.1512
vn -0.6320 0.7601 0.1512
vn -0.6320 0.7160 0.2966
vn -0.6320 0.1512 -0.7601
vn -0.6320 -0.7601 -0.1512
vn -0.5745 -0.8028 -0.1597
vn -0.6320 0.6443 0.4305
vn -0.9497 -0.2894 0.1199
vn -0.6320 -0.7160 0.2966
vn -0.9497 0.1740 -0.2605
vn -0.6320 0.4305 -0.6443
vn -0.9497 -0.3072 0.0611
vn -0.9497 0.2605 -0.1740
vn -0.9497 -0.3133 -0.0000
vn -0.6320 -0.7750 -0.0000
vn -0.9497 0.3072 -0.0611
vn -0.9497 -0.2894 -0.1199
vn -0.6320 -0.7160 -0.2966
vn -0.9497 0.3132 -0.0000
vn -0.6320 0.7750 -0.0000
vn -0.9497 -0.2605 -0.1740
vn -0.9497 0.2894 0.1199
vn -0.6320 -0.4305 -0.6444
vn -0.9497 -0.2215 -0.2215
vn -0.9497 0.2605 0.1740
vn -0.9497 -0.1199 -0.2894
vn -0.9497 -0.0611 0.3072
vn -0.9497 0.2215 0.2215
vn -0.6320 0.5480 0.5480
vn -0.9497 -0.0611 -0.3072
vn -0.9497 -0.1199 0.2894
vn -0.9497 0.1199 0.2894
vn -0.9497 -0.0000 -0.3133
vn -0.9497 -0.1740 0.2605
vn -0.6320 0.1512 0.7601
vn -0.9497 0.1199 -0.2894
vn -0.9497 -0.2605 0.1740
vn -0.9497 -0.0000 0.3133
vn -0.9880 -0.1515 -0.0301
vn -0.9497 -0.3072 -0.0611
vn -0.9880 0.1515 -0.0301
vn -0.9497 0.2894 -0.1199
vn -0.9880 0.1545 -0.0000
vn -0.9880 -0.1427 -0.0591
vn -0.9497 0.3072 0.0611
vn -0.9880 -0.1284 -0.0858
vn -0.9880 0.1515 0.0301
vn -0.9880 -0.0858 -0.1284
vn -0.9497 -0.1740 -0.2605
vn -0.9880 0.1284 0.0858
vn -0.9880 -0.0591 -0.1427
vn -0.9880 -0.0301 0.1515
vn -0.9880 -0.0591 0.1427
vn -0.9497 0.1740 0.2605
vn -0.9880 0.1092 0.1092
vn -0.9880 -0.0000 -0.1545
vn -0.9880 -0.0858 0.1284
vn -0.9880 0.0858 0.1284
vn -0.9497 0.0611 -0.3072
vn -0.9880 -0.1092 0.1092
vn -0.9497 -0.2215 0.2215
vn -0.9880 0.0301 0.1515
vn -0.9497 0.0611 0.3072
vn -0.9880 0.0301 -0.1515
vn -0.9880 -0.1284 0.0858
vn -0.9880 0.0858 -0.1284
vn -0.9880 0.1092 -0.1092
vn -0.9497 0.2215 -0.2215
vn -0.9880 -0.1427 0.0591
vn -0.9880 0.1284 -0.0858
vn -0.9880 -0.1545 -0.0000
vn -0.9880 -0.1092 -0.1092
vn -0.9908 0.1125 0.0752
vn -0.9908 -0.1250 -0.0518
vn -0.9880 0.1427 0.0591
vn -0.9908 0.0752 0.1125
vn -0.9908 -0.1125 -0.0752
vn -0.9908 0.0518 0.1250
vn -0.9908 0.0264 -0.1327
vn -0.9880 -0.0000 0.1545
vn -0.9908 -0.0957 -0.0957
vn -0.9908 0.0264 0.1327
vn -0.9880 -0.0301 -0.1515
vn -0.9908 -0.0752 -0.1125
vn -0.9908 -0.0000 0.1353
vn -0.9908 0.0518 -0.1250
vn -0.9908 -0.0518 -0.1250
vn -0.9880 0.0591 0.1427
vn -0.9908 0.0752 -0.1125
vn -0.9908 -0.0264 -0.1327
vn -0.9880 0.0591 -0.1427
vn -0.9908 -0.0264 0.1327
vn -0.9908 0.0957 -0.0957
vn -0.9908 -0.0518 0.1250
vn -0.9908 0.1250 -0.0518
vn -0.9908 -0.0752 0.1125
vn -0.9908 0.1327 -0.0264
vn -0.9880 -0.1515 0.0301
vn -0.9908 -0.0957 0.0957
vn -0.9880 0.1427 -0.0591
vn -0.9908 -0.1125 0.0752
vn -0.9908 0.1327 0.0264
vn -0.9908 -0.1327 0.0264
vn -0.9908 -0.1353 -0.0000
vn -0.9195 0.0767 0.3855
vn -0.9195 0.1504 -0.3632
vn -0.9195 -0.2184 -0.3268
vn -0.9195 -0.0000 0.3931
vn -0.9195 0.2184 -0.3268
vn -0.9195 -0.1504 -0.3632
vn -0.9195 0.2779 -0.2779
vn -0.9195 -0.0767 -0.3855
vn -0.9195 -0.0767 0.3855
vn -0.9908 0.1125 -0.0752
vn -0.9908 -0.0000 -0.1353
vn -0.9195 -0.1504 0.3632
vn -0.9195 0.3631 -0.1504
vn -0.9195 -0.2779 0.2779
vn -0.9195 0.3855 -0.0767
vn -0.9195 0.3931 -0.0000
vn -0.9908 0.1353 -0.0000
vn -0.9908 -0.1250 0.0518
vn -0.9195 -0.3268 0.2184
vn -0.9195 0.3855 0.0767
vn -0.9195 -0.3855 0.0767
vn -0.9908 0.1250 0.0518
vn -0.9195 -0.3931 -0.0000
vn -0.9195 0.3631 0.1504
vn -0.9908 -0.1327 -0.0264
vn -0.9195 0.2779 0.2779
vn -0.9908 0.0957 0.0957
vn -0.9195 -0.3855 -0.0767
vn -0.9195 0.2184 0.3268
vn -0.9195 -0.3632 -0.1504
vn -0.9195 0.0767 -0.3855
vn -0.9195 -0.2779 -0.2779
vn -0.4884 -0.1702 0.8558
vn -0.4885 0.7255 -0.4848
vn -0.9195 0.3268 -0.2184
vn -0.4884 -0.0000 -0.8726
vn -0.9195 -0.0000 -0.3931
vn -0.9195 -0.2184 0.3268
vn -0.4884 -0.3339 0.8062
vn -0.4884 0.8062 -0.3339
vn -0.4884 -0.4848 0.7255
vn -0.4884 0.8558 -0.1702
vn -0.4884 -0.7255 0.4848
vn -0.9195 -0.3632 0.1504
vn -0.4884 0.8558 0.1702
vn -0.4884 -0.8558 0.1702
vn -0.4884 0.8062 0.3339
vn -0.4884 -0.8726 -0.0000
vn -0.4884 0.7255 0.4848
vn -0.9195 0.3268 0.2184
vn -0.4884 -0.8558 -0.1702
vn -0.4884 0.4848 0.7255
vn -0.9195 -0.3268 -0.2184
vn -0.4884 -0.8062 -0.3339
vn -0.4884 0.3339 0.8062
vn -0.9195 0.1504 0.3632
vn -0.4884 0.1702 -0.8558
vn -0.4884 -0.7255 -0.4848
vn -0.4884 -0.6170 -0.6170
vn -0.4884 0.1702 0.8558
vn -0.4884 0.4848 -0.7255
vn -0.4884 -0.3339 -0.8062
vn -0.4884 -0.1702 -0.8558
vn 0.5261 0.3254 -0.7857
vn 0.5992 0.4448 -0.6657
vn 0.5261 0.4725 -0.7071
vn 0.5161 -0.0000 -0.8565
vn 0.5261 0.1659 -0.8341
vn 0.5161 0.1671 -0.8401
vn 0.5161 0.7913 0.3278
vn 0.5261 0.8341 0.1659
vn 0.5261 0.7857 0.3254
vn 0.5161 -0.4759 0.7122
vn 0.5261 -0.6013 0.6013
vn 0.5161 -0.6056 0.6057
vn 0.5161 -0.4759 -0.7122
vn 0.5261 -0.6013 -0.6013
vn 0.5261 -0.4725 -0.7071
vn 0.5161 0.7913 -0.3278
vn 0.5261 0.7071 -0.4725
vn 0.5261 0.7857 -0.3255
vn 0.5161 0.3278 0.7913
vn 0.5261 0.1659 0.8341
vn 0.5161 0.1671 0.8401
vn 0.5161 -0.8401 -0.1671
vn 0.5261 -0.8504 -0.0000
vn 0.5261 -0.8341 -0.1659
vn 0.5161 0.3278 -0.7913
vn 0.5161 0.7122 0.4759
vn 0.5261 0.7071 0.4725
vn 0.5161 -0.7122 0.4759
vn 0.5261 -0.7071 0.4725
vn 0.5161 -0.3278 -0.7913
vn 0.5261 -0.3254 -0.7857
vn 0.5161 0.8401 -0.1671
vn 0.5261 0.8341 -0.1659
vn 0.5161 -0.1671 0.8401
vn 0.5261 -0.0000 0.8504
vn 0.5261 -0.1659 0.8341
vn 0.5161 -0.0000 0.8565
vn 0.5161 -0.7913 -0.3278
vn 0.5261 -0.7857 -0.3254
vn 0.5161 0.4759 -0.7122
vn 0.5261 0.6013 0.6013
vn 0.5161 0.6056 0.6057
vn 0.5161 -0.7913 0.3278
vn 0.5261 -0.7857 0.3254
vn 0.5261 -0.1659 -0.8341
vn 0.5161 -0.1671 -0.8401
vn 0.5161 0.8565 -0.0000
vn 0.5261 0.8504 -0.0000
vn 0.5261 -0.3254 0.7857
vn 0.5161 -0.3278 0.7913
vn 0.5261 -0.7071 -0.4725
vn 0.5161 -0.7122 -0.4759
vn 0.5261 0.6013 -0.6013
vn 0.5161 0.6057 -0.6056
vn 0.5161 0.4759 0.7122
vn 0.5261 0.4725 0.7071
vn 0.5161 -0.8401 0.1671
vn 0.5261 -0.8341 0.1659
vn 0.5261 -0.0000 -0.8504
vn 0.5161 0.8401 0.1671
vn 0.5261 -0.4725 0.7071
vn 0.5161 -0.6056 -0.6057
vn 0.5992 -0.1562 0.7852
vn 0.5992 -0.3064 0.7396
vn 0.5161 0.7122 -0.4759
vn 0.5161 -0.8565 -0.0000
vn 0.5261 0.3254 0.7857
vn 0.5992 0.5661 -0.5661
vn 0.5992 -0.7396 -0.3064
vn 0.5992 -0.6657 -0.4448
vn 0.5992 0.5661 0.5661
vn 0.5992 0.4448 0.6657
vn 0.5992 -0.5661 -0.5661
vn 0.5992 0.3064 0.7396
vn 0.5992 -0.4448 0.6657
vn 0.5992 0.6657 -0.4448
vn 0.5992 -0.5661 0.5661
vn 0.5992 0.7396 -0.3064
vn 0.5992 -0.4448 -0.6657
vn 0.5992 0.1562 0.7852
vn 0.5992 -0.3064 -0.7396
vn 0.5992 -0.0000 0.8006
vn 0.5992 -0.6657 0.4448
vn 0.5992 0.7852 -0.1562
vn 0.5992 -0.7396 0.3064
vn 0.5992 0.8006 -0.0000
vn 0.5992 -0.1562 -0.7852
vn 0.5992 -0.0000 -0.8006
vn 0.5992 -0.7852 0.1562
vn 0.5992 0.7852 0.1562
vn 0.5992 -0.8006 -0.0000
vn 0.5992 0.7396 0.3064
vn 0.5992 0.1562 -0.7852
vn 0.5992 0.3064 -0.7396
vn 0.5992 -0.7852 -0.1562
vn 0.5992 0.6657 0.4448
vn 0.9367 -0.3234 0.1339
vn 0.9367 0.1945 -0.2910
vn 0.9367 0.2475 -0.2475
vn 0.9367 -0.3433 0.0683
vn 0.9367 0.2910 -0.1945
vn 0.9367 -0.3500 -0.0000
vn 0.9367 0.3234 -0.1339
vn 0.9367 -0.3433 -0.0683
vn 0.9367 0.3433 -0.0683
vn 0.9367 -0.3234 -0.1339
vn 0.9367 0.3500 -0.0000
vn 0.9367 -0.2910 -0.1945
vn 0.9367 0.3433 0.0683
vn 0.9367 -0.2475 -0.2475
vn 0.9367 0.3234 0.1339
vn 0.9367 -0.1945 -0.2910
vn 0.9367 0.2910 0.1945
vn 0.9367 -0.1339 -0.3234
vn 0.9367 -0.0683 0.3433
vn 0.9367 0.2475 0.2475
vn 0.9367 -0.0683 -0.3433
vn 0.9367 -0.1339 0.3234
vn 0.9367 0.1945 0.2910
vn 0.9367 -0.0000 -0.3500
vn 0.9367 -0.1945 0.2910
vn 0.9367 0.1339 0.3234
vn 0.9367 0.0683 -0.3433
vn 0.9367 -0.2475 0.2475
vn 0.9367 0.0683 0.3433
vn 0.9367 0.1339 -0.3234
vn 0.9367 -0.2910 0.1945
vn 0.9367 -0.0000 0.3500
vn 0.9883 -0.1527 -0.0000
vn 0.9883 -0.1497 -0.0298
vn 0.9883 0.1410 -0.0584
vn 0.9883 0.1497 -0.0298
vn 0.9883 -0.1410 -0.0584
vn 0.9883 0.1527 -0.0000
vn 0.9883 -0.1269 -0.0848
vn 0.9883 0.1497 0.0298
vn 0.9883 -0.1079 -0.1079
vn 0.9883 0.1410 0.0584
vn 0.9883 -0.0848 -0.1269
vn 0.9883 0.1269 0.0848
vn 0.9883 -0.0584 -0.1410
vn 0.9883 -0.0298 0.1497
vn 0.9883 0.1079 0.1079
vn 0.9883 -0.0298 -0.1497
vn 0.9883 -0.0584 0.1410
vn 0.9883 0.0848 0.1269
vn 0.9883 -0.0000 -0.1527
vn 0.9883 -0.0848 0.1269
vn 0.9883 0.0584 0.1410
vn 0.9883 0.0298 -0.1497
vn 0.9883 -0.1079 0.1079
vn 0.9883 0.0298 0.1497
vn 0.9883 0.0584 -0.1410
vn 0.9883 -0.1269 0.0848
vn 0.9883 -0.0000 0.1527
vn 0.9883 0.0848 -0.1269
vn 0.9883 -0.1410 0.0584
vn 0.9883 0.1079 -0.1079
vn 0.9883 -0.1497 0.0298
vn 0.9883 0.1269 -0.0848
vn 0.9907 0.1131 0.0756
vn 0.9907 0.0962 0.0962
vn 0.9907 -0.1334 -0.0265
vn 0.9907 -0.1257 -0.0520
vn 0.9907 0.0756 0.1131
vn 0.9907 -0.1131 -0.0756
vn 0.9907 0.0520 0.1257
vn 0.9907 -0.0000 -0.1360
vn 0.9907 0.0265 -0.1334
vn 0.9907 -0.0962 -0.0962
vn 0.9907 0.0265 0.1334
vn 0.9907 0.0520 -0.1257
vn 0.9907 -0.0756 -0.1131
vn 0.9907 -0.0000 0.1360
vn 0.9907 0.0756 -0.1131
vn 0.9907 -0.0520 -0.1257
vn 0.9907 -0.0265 0.1334
vn 0.9907 0.0962 -0.0962
vn 0.9907 -0.0265 -0.1334
vn 0.9907 -0.0520 0.1257
vn 0.9907 0.1131 -0.0756
vn 0.9907 -0.0756 0.1131
vn 0.9907 0.1257 -0.0520
vn 0.9907 -0.0962 0.0962
vn 0.9907 0.1334 -0.0265
vn 0.9907 -0.1131 0.0756
vn 0.9907 0.1360 -0.0000
vn 0.9907 -0.1257 0.0520
vn 0.9907 0.1334 0.0265
vn 0.9907 -0.1334 0.0265
vn 0.9907 0.1257 0.0520
vn 0.9907 -0.1360 -0.0000
vn 0.8473 0.2033 0.4907
vn 0.8473 0.1036 0.5209
vn 0.8473 0.1036 -0.5209
vn 0.8473 0.2033 -0.4907
vn 0.8473 -0.2951 -0.4416
vn 0.8473 -0.0000 0.5312
vn 0.8473 0.2951 -0.4416
vn 0.8473 -0.2033 -0.4907
vn 0.8473 -0.1036 0.5209
vn 0.8473 0.3756 -0.3756
vn 0.8473 -0.1036 -0.5209
vn 0.8473 -0.2033 0.4907
vn 0.8473 0.4416 -0.2951
vn 0.8473 -0.0000 -0.5312
vn 0.8473 -0.2951 0.4416
vn 0.8473 0.4907 -0.2033
vn 0.8473 -0.3756 0.3756
vn 0.8473 0.5209 -0.1036
vn 0.8473 -0.4416 0.2951
vn 0.8473 0.5311 -0.0000
vn 0.8473 -0.4907 0.2033
vn 0.8473 0.5209 0.1036
vn 0.8473 -0.5209 0.1036
vn 0.8473 0.4907 0.2033
vn 0.8473 -0.5312 -0.0000
vn 0.8473 0.4416 0.2951
vn 0.8473 -0.5209 -0.1036
vn 0.8473 0.3756 0.3756
vn 0.8473 -0.4907 -0.2033
vn 0.8473 0.2951 0.4416
vn 0.8473 -0.4416 -0.2951
vn 0.8473 -0.3756 -0.3756
vn 0.3460 -0.1830 0.9202
vn 0.3460 -0.3590 0.8668
vn 0.3460 0.6634 -0.6634
vn 0.3460 0.7801 -0.5212
vn 0.3460 -0.1830 -0.9202
vn 0.3460 -0.0000 -0.9382
vn 0.3460 -0.5212 0.7801
vn 0.3460 0.8668 -0.3590
vn 0.3460 -0.6634 0.6634
vn 0.3461 0.9202 -0.1830
vn 0.3460 -0.7801 0.5212
vn 0.3461 0.9382 -0.0000
vn 0.3461 -0.8668 0.3590
vn 0.3461 0.9202 0.1830
vn 0.3460 -0.9202 0.1830
vn 0.3460 0.8668 0.3590
vn 0.3460 -0.9382 -0.0000
vn 0.3460 0.7801 0.5212
vn 0.3460 -0.9202 -0.1830
vn 0.3460 0.6634 0.6634
vn 0.3461 -0.8668 -0.3590
vn 0.3460 0.5212 0.7801
vn 0.3460 -0.7801 -0.5212
vn 0.3460 0.3590 0.8668
vn 0.3460 0.1830 -0.9202
vn 0.3460 -0.6634 -0.6634
vn 0.3460 0.1830 0.9202
vn 0.3460 0.3590 -0.8668
vn 0.3460 -0.5212 -0.7801
vn 0.3460 -0.0000 0.9382
vn 0.3460 0.5212 -0.7801
vn 0.3460 -0.3590 -0.8668
vn -0.4884 0.6170 0.6170
vn -0.4884 -0.0000 0.8726
vn -0.4884 -0.6170 0.6170
vn -0.4884 -0.8062 0.3339
vn -0.4884 -0.4848 -0.7255
vn -0.4884 0.3339 -0.8062
vn -0.4884 0.6170 -0.6170
vn -0.4884 0.8726 -0.0000
vn -0.8769 0.4144 0.2434
vn -0.4461 -0.7580 -0.4758
vn -0.7319 -0.5502 -0.4019
vn -0.4388 -0.8024 -0.4046
vn -0.0877 -0.9126 -0.3993
vn -0.9996 -0.0218 -0.0174
vn -0.7663 0.6096 0.2027
vn -0.7673 0.6286 0.1272
vn -0.8620 -0.4378 -0.2557
vn -0.9875 -0.1560 0.0233
vn -0.7558 0.5974 -0.2681
vn -0.4242 0.8758 -0.2301
vn -0.4183 0.8395 -0.3468
vn -0.6539 -0.7566 -0.0008
vn -0.9926 -0.0038 0.1214
vn -0.4487 -0.5886 0.6724
vn -0.9057 0.2983 -0.3013
vn -0.0770 0.9142 -0.3978
vn -0.0930 0.7551 -0.6490
vn -0.7700 -0.3249 0.5490
vn -0.4425 -0.4823 0.7561
vn -0.7637 -0.5529 0.3332
vn -0.8574 0.4348 -0.2753
vn -0.8873 -0.1587 0.4331
vn -0.5558 -0.2167 0.8026
vn -0.8765 -0.0830 0.4743
vn -0.7666 0.1377 -0.6272
vn -0.7454 0.0729 -0.6626
vn -0.7472 0.2835 -0.6010
vn -0.7690 0.2079 -0.6045
vn -0.9007 0.1065 -0.4212
vn -0.8357 0.0637 -0.5454
vn -0.7454 -0.1005 0.6590
vn -0.4375 -0.0318 0.8987
vn -0.4400 0.4289 -0.7890
vn -0.9896 0.0797 -0.1200
vn -0.0763 0.1864 -0.9795
vn -0.4338 0.0648 -0.8987
vn -0.0792 0.3226 -0.9432
vn -0.9679 0.0219 0.2503
vn -0.4638 -0.3612 0.8090
vn -0.8346 0.2613 -0.4849
vn -0.9706 -0.0278 -0.2391
vn -0.6450 -0.4354 0.6280
vn -0.5507 0.1165 0.8265
vn -0.8766 0.0860 0.4734
vn -0.9735 0.0942 0.2086
vn -0.4670 0.1290 0.8748
vn -0.5483 0.3417 0.7633
vn -0.4422 0.2857 0.8502
vn -0.9886 0.0058 -0.1507
vn -0.0844 -0.0826 -0.9930
vn -0.4445 -0.4274 -0.7872
vn -0.4153 -0.3453 -0.8416
vn -0.7623 -0.1300 -0.6341
vn -0.7579 -0.0032 0.6524
vn -0.7768 0.1356 0.6149
vn -0.8983 -0.0235 -0.4387
vn -0.6541 0.0003 0.7564
vn -0.7222 -0.4906 -0.4875
vn -0.8845 0.3521 0.3060
vn -0.8346 -0.2906 -0.4680
vn -0.8385 -0.4011 -0.3688
vn -0.9888 -0.0810 -0.1254
vn -0.4342 -0.4901 -0.7558
vn -0.0933 -0.7017 -0.7063
vn -0.4233 -0.5914 -0.6863
vn -0.8999 -0.2520 -0.3560
vn -0.6542 0.3774 0.6554
vn -0.8547 -0.2930 -0.4286
vn -0.4631 0.8342 -0.2995
vn -0.4188 -0.8999 0.1217
vn -0.7534 0.5728 -0.3228
vn -0.7297 -0.4834 0.4835
vn -0.8548 -0.2932 0.4282
vn -0.5474 0.6146 -0.5681
vn -0.4372 0.6581 -0.6130
vn -0.9047 -0.2376 0.3535
vn -0.9999 0.0075 0.0099
vn -0.9750 0.1520 -0.1621
vn -0.5448 0.4980 -0.6746
vn -0.4570 0.4723 -0.7537
vn -0.9886 -0.1276 0.0802
vn -0.0876 -0.5309 0.8429
vn -0.4262 -0.5099 0.7472
vn -0.7589 0.4884 -0.4308
vn -0.8987 -0.3665 0.2408
vn -0.6541 0.6555 -0.3776
vn -0.5564 0.2169 -0.8021
vn -0.8843 0.1510 -0.4419
vn -0.8549 -0.0398 0.5172
vn -0.7331 -0.0737 0.6761
vn -0.7078 0.3193 -0.6302
vn -0.7345 -0.2724 0.6215
vn -0.0810 -0.0358 0.9961
vn -0.4552 -0.0082 0.8904
vn -0.0809 -0.3344 0.9390
vn -0.7777 0.2005 -0.5958
vn -0.8545 -0.2244 0.4685
vn -0.9963 0.0432 -0.0746
vn -0.6088 0.3968 -0.6869
vn -0.9782 0.0671 -0.1968
vn -0.7424 0.2694 0.6134
vn -0.4710 -0.0307 -0.8816
vn -0.4452 -0.1683 -0.8795
vn -0.4460 -0.2863 -0.8480
vn -0.8377 0.0581 0.5430
vn -0.8382 0.1455 0.5255
vn -0.9756 -0.1038 -0.1937
vn -0.9659 0.0656 0.2505
vn -0.1764 0.0592 0.9825
vn -0.4249 0.3935 0.8152
vn -0.9999 0.0083 0.0144
vn -0.8992 0.0257 0.4367
vn -0.6543 0.0007 -0.7562
vn -0.8364 0.2232 0.5007
vn -0.8005 0.2122 0.5605
vn -0.9028 0.2277 0.3650
vn -0.8395 0.3857 0.3826
vn -0.8537 0.3948 0.3398
vn -0.7562 0.5252 0.3902
vn -0.7380 0.4737 0.4806
vn -0.9785 -0.1804 -0.1004
vn -0.4496 0.4712 0.7589
vn -0.9901 0.0651 0.1243
vn -0.0766 0.6541 0.7525
vn -0.4095 0.7409 0.5323
vn -0.7378 -0.5062 -0.4467
vn -0.7486 -0.5588 -0.3567
vn -0.6406 -0.3834 -0.6653
vn -0.8620 0.4377 0.2559
vn -0.8520 0.4485 0.2702
vn -0.8790 -0.4741 -0.0519
vn -0.4652 -0.7975 -0.3843
vn -0.9874 0.1318 0.0880
vn -0.4297 0.8833 0.1874
vn -0.7544 -0.6467 -0.1126
vn -0.9707 0.2392 -0.0243
vn -0.6451 -0.6283 -0.4348
vn 0.1491 0.5476 0.8234
vn 0.1490 0.5873 0.7955
vn 0.1490 0.5871 0.7957
vn 0.1254 0.1336 -0.9831
vn 0.1418 0.1923 -0.9710
vn 0.3280 -0.0559 -0.9430
vn 0.3151 -0.1153 -0.9420
vn 0.3187 -0.0994 -0.9426
vn 0.1551 -0.5483 -0.8218
vn 0.1495 -0.5908 -0.7928
vn 0.1503 -0.5848 -0.7971
vn -0.9000 0.2518 -0.3557
vn -0.9895 -0.0902 -0.1130
vn -0.9889 -0.0544 -0.1386
vn -0.8985 -0.3910 0.1997
vn -0.8619 -0.2514 -0.4403
vn -0.8519 -0.2534 -0.4584
vn -0.8013 -0.5603 0.2096
vn -0.9999 0.0046 -0.0110
vn -0.6465 0.7629 0.0003
vn -0.8500 -0.4529 0.2688
vn -0.8991 -0.1976 -0.3906
vn -0.9997 0.0250 -0.0069
vn -0.8519 -0.4485 -0.2703
vn -0.6086 -0.3809 -0.6960
vn 0.1048 -0.7609 -0.6403
vn 0.9162 -0.0066 0.4007
vn 0.8405 0.2463 -0.4826
vn -0.2228 0.8943 0.3881
vn -0.9055 0.2481 0.3441
vn 0.0013 0.2273 0.9738
vn -0.9943 0.0461 0.0958
vn -0.6769 0.7099 -0.1945
vn -0.4146 0.6753 0.6100
vn -0.9433 -0.1879 -0.2738
vn 0.4481 0.8803 0.1555
vn 0.9578 0.2304 -0.1716
vn 0.4511 0.7534 0.4785
vn -0.8028 -0.3816 -0.4582
vn -0.8128 0.5545 0.1787
vn -0.8085 0.1907 -0.5567
vn -0.0827 -0.5884 -0.8044
vn -0.4353 -0.5903 0.6797
vn -0.8119 0.1201 0.5713
vn -0.5386 0.0068 -0.8426
vn -0.8083 0.3867 0.4439
vn -0.5384 -0.4154 -0.7332
vn 0.1509 -0.3288 0.9323
vn 0.1556 -0.3693 0.9162
vn 0.1486 0.6254 0.7660
vn 0.1497 0.9704 -0.1893
vn 0.1524 0.2313 -0.9609
vn 0.3051 -0.1589 -0.9390
vn 0.1505 -0.7509 -0.6430
vn 0.1497 -0.7462 -0.6487
vn 0.1490 -0.9715 -0.1845
vn -0.9996 -0.0288 -0.0063
vn -0.8023 -0.1002 -0.5885
vn -0.8092 0.5761 -0.1150
vn -0.8571 -0.4567 0.2382
vn 0.9172 -0.3743 -0.1368
vn -0.9581 -0.0573 0.2808
vn 0.6467 -0.7443 0.1670
vn 0.3943 -0.1691 -0.9033
vn -0.9209 -0.3312 0.2054
vn 0.4169 0.1745 -0.8920
vn -0.0000 -0.9157 -0.4019
vn -0.0000 -0.7976 -0.6031
vn -0.0000 0.8481 -0.5298
vn -0.0000 0.0720 0.9974
vn -0.6320 -0.6444 -0.4305
vn -0.6320 0.6444 -0.4305
vn -0.6320 -0.6443 0.4305
vn -0.9497 -0.0000 0.3132
vn -0.9195 -0.2780 0.2780
vn -0.4885 0.8062 0.3339
vn 0.5161 -0.6057 -0.6057
vn 0.5261 0.7857 -0.3254
vn 0.5161 0.6057 0.6056
vn 0.5992 -0.4448 -0.6656
vn 0.8473 -0.0000 0.5311
vn 0.8473 -0.5210 0.1036
vn 0.8473 -0.5311 -0.0000
vn 0.3461 -0.1830 0.9202
vn 0.3461 -0.6634 0.6634
vn 0.3461 0.1830 0.9202
vn -0.8548 0.5065 0.1128
vn -0.7639 0.6110 0.2077
vn -0.7447 0.6568 0.1184
vn -0.5527 -0.8197 -0.1504
vn -0.8817 -0.4575 -0.1151
vn -0.8886 -0.4571 -0.0379
vn -0.9002 0.3628 0.2408
vn -0.8349 0.4430 0.3266
vn -0.8371 0.4816 0.2596
vn -0.9047 0.4205 0.0693
vn -0.9042 0.3958 0.1607
vn -0.8417 0.5207 0.1427
vn -0.8540 0.5183 0.0453
vn -0.5575 -0.6889 -0.4632
vn -0.8770 -0.4144 -0.2434
vn -0.8814 -0.4266 -0.2029
vn -0.5597 -0.7741 -0.2957
vn -0.4549 -0.8596 -0.2328
vn -0.8321 0.5165 0.2022
vn -0.8323 0.5485 0.0800
vn -0.4535 -0.8113 -0.3690
vn -0.9999 0.0037 -0.0099
vn -1.0000 0.0003 -0.0017
vn -0.9766 -0.1977 -0.0848
vn -0.5442 -0.8389 0.0097
vn -0.4536 -0.8856 -0.1002
vn -0.9810 -0.1561 -0.1154
vn -0.4461 0.7580 0.4758
vn -0.7481 0.5786 0.3249
vn -0.7320 0.5502 0.4019
vn -0.4388 0.8024 0.4045
vn -0.0822 0.8641 0.4966
vn -0.0863 0.9787 0.1865
vn -0.4258 0.8779 0.2190
vn -0.4053 0.8650 0.2958
vn -0.0877 0.9126 0.3992
vn -0.7457 0.6096 0.2690
vn -0.9997 0.0240 0.0067
vn -0.9998 0.0213 0.0001
vn -0.9996 0.0218 0.0175
vn -0.7664 -0.6096 -0.2027
vn -0.7531 -0.5280 -0.3926
vn -0.7579 -0.5746 -0.3089
vn -0.7673 -0.6286 -0.1272
vn -0.9718 -0.2348 -0.0201
vn -0.8537 0.4710 0.2222
vn -0.8620 0.4377 0.2557
vn -0.8547 0.4295 0.2917
vn -1.0000 -0.0058 0.0040
vn -1.0000 -0.0073 -0.0003
vn -1.0000 -0.0027 0.0007
vn -0.9875 0.1561 -0.0233
vn -1.0000 0.0026 0.0049
vn -1.0000 0.0033 -0.0015
vn -0.9003 -0.4351 0.0154
vn -0.9062 -0.4199 -0.0504
vn -0.8362 -0.5454 -0.0572
vn -0.5597 0.7722 -0.3007
vn -0.5609 0.8185 -0.1248
vn -0.8833 0.4547 -0.1138
vn -0.8552 -0.4672 0.2245
vn -0.8550 -0.4900 0.1703
vn -0.7558 -0.5973 0.2681
vn -0.7530 -0.6333 0.1786
vn -0.9061 -0.4136 0.0889
vn -0.8337 -0.5519 0.0201
vn -0.9010 -0.3971 0.1747
vn -0.8385 -0.5151 0.1776
vn -0.8350 -0.4935 0.2436
vn -0.4708 0.8778 -0.0883
vn -0.4642 0.8834 0.0646
vn -0.4385 -0.8984 0.0259
vn -0.9896 -0.1437 -0.0060
vn -0.7515 -0.6558 -0.0718
vn -0.4242 -0.8758 0.2301
vn -0.4182 -0.8395 0.3468
vn -0.0788 -0.9629 0.2580
vn -0.4210 -0.8939 0.1540
vn -0.7433 -0.6649 0.0735
vn -0.9995 -0.0309 0.0109
vn -0.9997 -0.0261 0.0020
vn -0.7415 0.6242 -0.2459
vn -0.4476 0.8586 -0.2500
vn -0.4475 0.7961 -0.4073
vn -0.7395 0.6731 -0.0035
vn -0.9795 0.2013 -0.0015
vn -0.7592 0.6402 -0.1176
vn -0.9732 0.2197 -0.0685
vn -0.8987 -0.4378 0.0240
vn -0.6543 0.7562 0.0008
vn -0.8362 -0.5396 0.0975
vn -0.8540 -0.5110 0.0982
vn -0.8544 -0.5181 0.0401
vn -0.8619 -0.5071 -0.0021
vn -0.8546 -0.5179 -0.0375
vn -1.0000 0.0082 0.0007
vn -0.9991 -0.0198 0.0383
vn -0.9998 0.0183 0.0043
vn -0.9741 0.2175 0.0617
vn -0.9999 -0.0030 0.0114
vn -0.9926 0.0038 -0.1214
vn -0.9999 0.0102 -0.0028
vn -0.5506 0.4901 -0.6758
vn -0.5603 0.5870 -0.5844
vn -0.8811 0.3120 -0.3555
vn -0.5677 0.6814 -0.4620
vn -0.8845 0.3517 -0.3066
vn -0.9053 -0.3542 0.2343
vn -0.8549 -0.2907 0.4298
vn -0.8535 -0.3398 0.3952
vn -0.7559 -0.3838 0.5304
vn -0.7481 -0.4690 0.4695
vn -0.4488 0.5886 -0.6724
vn -0.4558 0.6946 -0.5565
vn -0.8317 -0.4738 0.2894
vn -0.8390 -0.4250 0.3398
vn -0.9057 -0.2984 0.3013
vn -0.8371 -0.3848 0.3889
vn -0.8370 -0.3260 0.4395
vn -0.0769 -0.9142 0.3978
vn -0.0826 -0.8455 0.5276
vn -0.4489 -0.7786 0.4385
vn -0.9916 -0.1122 0.0646
vn -0.7573 -0.5277 0.3846
vn -0.3951 -0.7356 0.5502
vn -0.0941 -0.6513 0.7529
vn -0.0959 -0.5340 0.8400
vn -0.3984 -0.5483 0.7353
vn -0.0931 -0.7551 0.6490
vn -0.3939 -0.6503 0.6495
vn -0.9998 -0.0157 0.0143
vn -0.9996 -0.0168 0.0208
vn -0.8791 0.4098 -0.2433
vn -0.8803 0.2351 -0.4121
vn -0.8841 0.4221 -0.2006
vn -0.9785 0.1191 -0.1682
vn -0.7753 0.4096 -0.4807
vn -0.7701 0.3249 -0.5490
vn -0.4425 0.4822 -0.7560
vn -0.7638 0.5529 -0.3332
vn -0.9735 0.1814 -0.1390
vn -0.7517 0.4846 -0.4474
vn -0.8973 -0.3688 0.2425
vn -0.6463 0.6609 -0.3815
vn -0.8542 -0.4296 0.2930
vn -0.8976 -0.3940 0.1978
vn -0.8574 -0.4348 0.2754
vn -0.9887 0.1378 -0.0584
vn -0.9998 -0.0072 -0.0181
vn -1.0000 0.0002 -0.0084
vn -0.5525 0.3528 -0.7551
vn -0.8873 0.1587 -0.4331
vn -0.5558 0.2167 -0.8025
vn -0.8765 0.0830 -0.4742
vn -0.8545 -0.0420 0.5178
vn -0.7667 -0.1377 0.6271
vn -0.7455 -0.0728 0.6626
vn -0.8546 -0.2217 0.4696
vn -0.7473 -0.2835 0.6010
vn -0.7691 -0.2079 0.6044
vn -0.9007 -0.1064 0.4213
vn -0.8351 -0.1399 0.5320
vn -0.8357 -0.0637 0.5455
vn -0.9086 -0.1717 0.3807
vn -0.8354 -0.1990 0.5123
vn -0.5588 0.0956 -0.8238
vn -0.7454 0.1004 -0.6590
vn -0.4635 0.2307 -0.8555
vn -0.4374 0.0318 -0.8987
vn -0.4400 -0.4289 0.7889
vn -0.9896 -0.0797 0.1199
vn -0.0887 -0.4263 0.9002
vn -0.0762 -0.1864 0.9795
vn -0.0868 -0.0427 0.9953
vn -0.4337 -0.0648 0.8987
vn -0.0791 -0.3226 0.9432
vn -0.4193 -0.1790 0.8900
vn -0.4276 -0.2999 0.8528
vn -0.9995 -0.0105 0.0307
vn -0.9065 -0.0343 0.4207
vn -0.9032 -0.2344 0.3596
vn -0.9997 0.0008 0.0256
vn -0.8858 0.0005 -0.4641
vn -0.9680 -0.0218 -0.2501
vn -0.9707 0.0670 -0.2306
vn -0.4639 0.3612 -0.8089
vn -0.7471 0.2419 -0.6191
vn -0.8346 -0.2614 0.4849
vn -0.8620 -0.0027 0.5069
vn -0.8520 -0.0097 0.5234
vn -0.8620 -0.2559 0.4375
vn -0.9706 0.0278 0.2391
vn -0.6450 0.4355 -0.6280
vn -1.0000 0.0061 0.0055
vn -0.5593 -0.2165 -0.8002
vn -0.5507 -0.1166 -0.8265
vn -0.8766 -0.0861 -0.4734
vn -0.9039 0.1086 0.4137
vn -0.8361 0.0991 0.5396
vn -0.8365 0.1649 0.5226
vn -0.5705 -0.0322 -0.8207
vn -0.8824 -0.1618 -0.4418
vn -0.9735 -0.0942 -0.2084
vn -1.0000 -0.0057 -0.0029
vn -0.9046 0.0482 0.4235
vn -0.8344 0.0169 0.5508
vn -0.9041 0.1848 0.3854
vn -0.4669 -0.1290 -0.8749
vn -0.5482 -0.3417 -0.7634
vn -0.4425 -0.2855 -0.8501
vn -0.4428 0.0324 0.8960
vn -0.9885 -0.0058 0.1510
vn -0.7460 0.0675 0.6625
vn -0.0845 0.0827 0.9930
vn -0.0769 0.4624 0.8833
vn -0.4445 0.4274 0.7873
vn -0.4153 0.3453 0.8416
vn -0.7524 0.2842 0.5943
vn -0.7533 0.2143 0.6217
vn -0.4178 0.2342 0.8778
vn -0.0862 0.1840 0.9791
vn -0.4134 0.1299 0.9012
vn -0.7623 0.1300 0.6340
vn -0.9998 0.0068 0.0189
vn -0.9994 0.0174 0.0289
vn -0.8851 -0.2263 -0.4067
vn -0.7748 -0.1984 -0.6003
vn -0.4670 -0.3836 -0.7967
vn -0.7578 0.0032 -0.6524
vn -0.7768 -0.1356 -0.6150
vn -0.8984 0.0235 0.4386
vn -0.8342 0.2194 0.5059
vn -0.8553 0.2223 0.4681
vn -0.8547 0.0434 0.5173
vn -0.6539 -0.0003 -0.7566
vn -0.9760 -0.1385 -0.1681
vn -0.9997 -0.0022 0.0262
vn -1.0000 -0.0018 -0.0005
vn -1.0000 -0.0045 -0.0082
vn -1.0000 0.0004 0.0013
vn -1.0000 0.0064 0.0001
vn -0.9999 0.0002 -0.0151
vn -0.8530 0.3948 0.3414
vn -0.8548 0.3389 0.3931
vn -0.7223 0.4906 0.4874
vn -0.5592 -0.5860 -0.5864
vn -0.8846 -0.3521 -0.3059
vn -0.5570 -0.4698 -0.6849
vn -0.8784 -0.3147 -0.3597
vn -0.8346 0.2905 0.4680
vn -0.4526 -0.4831 -0.7495
vn -0.4595 -0.5680 -0.6828
vn -0.4610 -0.6732 -0.5782
vn -0.9009 0.2595 0.3479
vn -0.8375 0.3538 0.4165
vn -0.9088 0.2950 0.2951
vn -0.8385 0.4012 0.3688
vn -0.9888 0.0811 0.1255
vn -0.4341 0.4901 0.7559
vn -0.0933 0.7966 0.5973
vn -0.4232 0.6876 0.5900
vn -0.0932 0.7017 0.7063
vn -0.4233 0.5914 0.6864
vn -0.7470 0.3952 0.5346
vn -0.4615 -0.7535 -0.4683
vn -0.7693 -0.3267 -0.5490
vn -0.7472 -0.4647 -0.4751
vn -0.8999 0.2519 0.3561
vn -0.6544 -0.3774 -0.6552
vn -0.8546 0.2930 0.4286
vn -0.8538 0.4915 -0.1714
vn -0.8548 0.5098 -0.0969
vn -0.7380 0.6513 -0.1765
vn -0.9061 0.4228 -0.0146
vn -0.8350 0.5499 0.0187
vn -0.5578 -0.7689 0.3126
vn -0.8819 -0.4487 0.1446
vn -0.8834 -0.4143 0.2190
vn -0.9013 0.4254 -0.0812
vn -0.8358 0.5391 -0.1040
vn -0.8368 0.5170 -0.1801
vn -0.5611 -0.8116 0.1630
vn -0.8847 -0.4624 0.0598
vn -0.8547 0.4683 -0.2238
vn -0.7319 0.6237 -0.2745
vn -0.4686 -0.8680 0.1644
vn -0.4596 -0.8873 0.0380
vn -0.4631 -0.8341 0.2995
vn -0.8340 0.5502 -0.0416
vn -0.7545 0.6532 -0.0636
vn -0.9044 0.4021 -0.1426
vn -0.8337 0.4876 -0.2592
vn -0.4438 -0.7970 0.4097
vn -0.0820 0.9957 0.0429
vn -0.4416 0.8971 -0.0116
vn -0.4094 0.9064 0.1044
vn -0.9919 0.1269 -0.0046
vn -0.7555 0.6538 0.0413
vn -0.0765 0.9918 -0.1026
vn -0.0856 0.9255 -0.3690
vn -0.0773 0.8785 -0.4714
vn -0.4515 0.7899 -0.4150
vn -0.0852 0.9647 -0.2491
vn -0.4368 0.8488 -0.2978
vn -0.4265 0.8864 -0.1799
vn -0.4188 0.8999 -0.1217
vn -0.9999 0.0126 -0.0057
vn -0.9998 0.0214 -0.0038
vn -0.9052 0.3750 -0.2001
vn -0.9783 -0.2004 0.0529
vn -0.7438 -0.6400 0.1929
vn -0.7534 -0.5728 0.3228
vn -0.7735 -0.6299 0.0707
vn -0.7378 -0.6748 -0.0190
vn -0.8551 0.5170 -0.0392
vn -0.8989 0.4363 -0.0409
vn -0.9998 0.0212 -0.0019
vn -0.9996 -0.0223 0.0170
vn -0.9998 -0.0208 0.0047
vn -0.8542 0.3398 -0.3935
vn -0.8550 0.3923 -0.3392
vn -0.7297 0.4835 -0.4836
vn -0.9049 0.2990 -0.3028
vn -0.8370 0.4138 -0.3581
vn -0.8384 0.3559 -0.4129
vn -0.8548 0.2932 -0.4281
vn -0.7449 0.3973 -0.5359
vn -0.5576 -0.7010 0.4446
vn -0.8882 -0.3686 0.2742
vn -0.5474 -0.6146 0.5680
vn -0.4728 -0.7108 0.5207
vn -0.4701 -0.5774 0.6675
vn -0.4372 -0.6581 0.6130
vn -0.9047 0.2376 -0.3536
vn -0.8307 0.3125 -0.4608
vn -0.9011 0.3502 -0.2558
vn -1.0000 -0.0012 0.0035
vn -0.9999 -0.0075 -0.0099
vn -0.9750 -0.1519 0.1621
vn -0.5449 -0.4980 0.6746
vn -0.4569 -0.4723 0.7537
vn -0.9886 0.1277 -0.0801
vn -0.4340 0.7563 -0.4896
vn -0.0820 0.6182 -0.7817
vn -0.0875 0.5309 -0.8429
vn -0.4262 0.5100 -0.7472
vn -0.0823 0.8023 -0.5912
vn -0.0970 0.7078 -0.6997
vn -0.4271 0.6850 -0.5902
vn -0.7453 0.5356 -0.3970
vn -0.9997 0.0184 -0.0138
vn -0.9998 0.0148 -0.0143
vn -0.8828 -0.2386 0.4047
vn -0.8839 -0.3149 0.3458
vn -0.7590 -0.4883 0.4307
vn -0.9797 -0.1703 0.1058
vn -0.7693 -0.3772 0.5156
vn -0.8987 0.3665 -0.2408
vn -0.8342 0.4589 -0.3058
vn -0.8547 0.4287 -0.2926
vn -0.8575 0.2389 -0.4558
vn -0.8503 0.2686 -0.4526
vn -0.8054 0.3838 -0.4517
vn -0.6541 -0.6554 0.3776
vn -1.0000 -0.0027 -0.0025
vn -0.8539 0.0980 -0.5111
vn -0.8549 0.1707 -0.4899
vn -0.7240 0.1773 -0.6666
vn -0.5634 -0.0828 0.8220
vn -0.5565 -0.2169 0.8021
vn -0.8842 -0.0655 0.4625
vn -0.5606 -0.3587 0.7464
vn -0.8843 -0.1509 0.4419
vn -0.9033 0.1123 -0.4140
vn -0.8369 0.1817 -0.5164
vn -0.8370 0.1011 -0.5378
vn -0.8549 0.0399 -0.5172
vn -0.7332 0.0737 -0.6760
vn -0.9755 -0.0231 0.2186
vn -1.0000 0.0061 0.0037
vn -0.9741 -0.0949 0.2054
vn -0.4423 -0.2861 0.8500
vn -0.7078 -0.3194 0.6302
vn -0.4550 -0.1227 0.8820
vn -0.7344 0.2724 -0.6216
vn -0.9005 0.1769 -0.3972
vn -0.8346 0.2588 -0.4862
vn -0.4207 0.4186 -0.8049
vn -0.7747 0.3206 -0.5450
vn -0.0856 0.4244 -0.9014
vn -0.0809 0.0358 -0.9961
vn -0.4552 0.0082 -0.8903
vn -0.4375 0.1591 -0.8850
vn -0.0779 0.1955 -0.9776
vn -0.4469 0.2902 -0.8462
vn -0.0810 0.3343 -0.9390
vn -0.9999 0.0012 -0.0140
vn -0.9041 0.0478 -0.4247
vn -0.9997 0.0101 -0.0227
vn -0.9998 -0.0007 -0.0183
vn -0.7656 -0.1414 0.6276
vn -0.7567 -0.0149 0.6536
vn -0.7778 -0.2005 0.5957
vn -0.8955 0.2017 -0.3968
vn -0.8545 0.2244 -0.4685
vn -0.9963 -0.0433 0.0748
vn -0.6090 -0.3967 0.6868
vn -0.9999 0.0084 -0.0110
vn -1.0000 -0.0001 0.0032
vn -0.9786 0.0427 0.2015
vn -1.0000 0.0004 0.0026
vn -0.9781 -0.0673 0.1972
vn -0.9999 -0.0022 0.0141
vn -0.9027 -0.0177 -0.4299
vn -0.8331 0.0180 -0.5529
vn -0.5628 0.0296 0.8260
vn -0.8803 0.0181 0.4740
vn -0.8810 0.0779 0.4667
vn -0.8547 -0.2264 -0.4672
vn -0.8540 -0.1713 -0.4912
vn -0.7423 -0.2694 -0.6135
vn -0.4711 0.0307 0.8815
vn -0.5545 0.1982 0.8083
vn -0.4452 0.1683 0.8795
vn -0.4459 0.2863 0.8480
vn -0.9024 -0.0879 -0.4219
vn -0.8378 -0.0581 -0.5429
vn -0.9056 -0.1658 -0.3905
vn -0.8383 -0.1455 -0.5255
vn -1.0000 -0.0074 0.0024
vn -0.9756 0.1037 0.1937
vn -0.5653 0.3423 0.7505
vn -0.9659 -0.0656 -0.2503
vn -0.1764 -0.0591 -0.9825
vn -0.0771 -0.3290 -0.9412
vn -0.0844 -0.4597 -0.8841
vn -0.4249 -0.3934 -0.8153
vn -0.0775 -0.1823 -0.9802
vn -0.4430 -0.2881 -0.8490
vn -0.4373 -0.1544 -0.8859
vn -0.7297 -0.1777 -0.6602
vn -0.6424 -0.0489 -0.7648
vn -0.9996 -0.0089 -0.0253
vn -0.9999 -0.0083 -0.0145
vn -0.8819 0.1722 0.4388
vn -0.7798 0.2037 0.5920
vn -0.7078 0.3099 0.6348
vn -0.7548 0.0892 0.6499
vn -0.8992 -0.0257 -0.4368
vn -0.6541 -0.0006 0.7564
vn -0.8364 -0.2232 -0.5007
vn -0.8532 -0.0984 -0.5122
vn -0.8619 -0.2519 -0.4401
vn -0.8521 -0.2534 -0.4580
vn -0.8003 -0.2126 -0.5606
vn -1.0000 -0.0056 0.0008
vn -0.5577 0.6465 0.5206
vn -0.8857 0.3165 0.3397
vn -0.8712 0.3912 0.2966
vn -0.9028 -0.2276 -0.3650
vn -0.9052 -0.3299 -0.2679
vn -0.9040 -0.2751 -0.3273
vn -0.8395 -0.3857 -0.3826
vn -0.5589 0.4471 0.6984
vn -0.8811 0.2522 0.4001
vn -0.8543 -0.4304 -0.2914
vn -0.8536 -0.3948 -0.3397
vn -0.7563 -0.5251 -0.3902
vn -0.7380 -0.4737 -0.4805
vn -0.4571 0.4723 0.7537
vn -1.0000 0.0063 0.0037
vn -0.9753 0.1529 0.1595
vn -0.5645 0.5314 0.6316
vn -0.4829 0.5944 0.6430
vn -0.8334 -0.2909 -0.4699
vn -0.8368 -0.4449 -0.3192
vn -0.9785 0.1803 0.1003
vn -1.0000 0.0037 -0.0070
vn -0.4496 -0.4712 -0.7588
vn -0.9901 -0.0651 -0.1244
vn -0.0861 -0.5668 -0.8194
vn -0.0766 -0.6541 -0.7525
vn -0.0844 -0.7508 -0.6551
vn -0.4288 -0.6611 -0.6157
vn -0.4097 -0.7409 -0.5323
vn -0.4404 -0.5812 -0.6843
vn -0.7357 -0.4010 -0.5459
vn -0.9998 -0.0126 -0.0148
vn -0.9994 -0.0289 -0.0175
vn -0.7378 0.5061 0.4466
vn -0.7487 0.5588 0.3567
vn -0.4636 0.7150 0.5234
vn -0.7594 0.3879 0.5224
vn -0.9705 -0.2214 -0.0956
vn -0.8374 -0.3365 -0.4307
vn -0.8539 -0.2932 -0.4300
vn -0.9707 0.0259 -0.2390
vn -0.5378 0.7332 0.4161
vn -0.6404 0.3838 0.6653
vn -0.8620 -0.4376 -0.2559
vn -0.8520 -0.4484 -0.2701
vn -1.0000 0.0052 -0.0049
vn -1.0000 -0.0004 -0.0057
vn -0.8529 -0.5127 -0.0986
vn -0.8541 -0.4911 -0.1715
vn -0.7424 -0.6462 -0.1765
vn -0.9019 -0.3833 -0.1991
vn -0.5515 0.8339 0.0210
vn -0.5562 0.8163 0.1563
vn -0.8790 0.4740 0.0519
vn -0.5593 0.7780 0.2860
vn -0.5659 0.7220 0.3981
vn -0.8845 0.4149 0.2135
vn -0.8828 0.4489 0.1382
vn -0.4651 0.7975 0.3843
vn -0.8323 -0.4874 -0.2642
vn -0.8387 -0.5054 -0.2028
vn -0.9051 -0.4051 -0.1290
vn -0.8381 -0.5286 -0.1347
vn -0.4673 0.8541 0.2284
vn -0.0823 -0.8758 -0.4756
vn -0.4497 -0.7907 -0.4155
vn -0.9874 -0.1318 -0.0881
vn -0.7308 -0.6253 -0.2736
vn -0.0800 -0.9848 -0.1542
vn -0.0958 -0.9948 -0.0351
vn -0.4049 -0.9091 -0.0980
vn -0.0852 -0.9614 -0.2616
vn -0.4297 -0.8833 -0.1874
vn -0.4375 -0.8490 -0.2964
vn -0.0878 -0.9236 -0.3731
vn -0.9998 -0.0193 -0.0045
vn -0.7544 0.6466 0.1126
vn -0.7548 0.6117 0.2371
vn -0.8542 -0.4684 -0.2259
vn -0.9706 -0.2394 0.0245
vn -0.6454 0.6281 0.4348
vn 0.1491 -0.5476 -0.8234
vn 0.1491 -0.5873 -0.7955
vn 0.1491 -0.5871 -0.7957
vn 0.1254 -0.1337 0.9831
vn 0.1417 -0.1923 0.9711
vn 0.1367 -0.1744 0.9751
vn 0.3284 0.0559 0.9429
vn 0.3152 0.1153 0.9420
vn 0.3189 0.0994 0.9426
vn 0.1553 0.5483 0.8218
vn 0.1496 0.5908 0.7928
vn 0.1504 0.5848 0.7971
vn -0.9999 -0.0115 0.0066
vn -1.0000 -0.0029 0.0018
vn -0.9997 -0.0204 0.0137
vn -0.9000 -0.2517 0.3558
vn -0.9895 0.0904 0.1132
vn -0.9888 0.0544 0.1387
vn -0.8985 0.3910 -0.1996
vn -0.9999 0.0088 -0.0146
vn -0.9998 0.0156 -0.0159
vn -0.9999 0.0075 0.0113
vn -0.9998 -0.0078 0.0184
vn -0.9995 -0.0034 0.0319
vn -0.9872 -0.1575 0.0244
vn -0.8619 0.2514 0.4404
vn -0.8956 0.2427 -0.3729
vn -0.8519 0.2534 0.4583
vn -0.8993 -0.0253 0.4366
vn -0.8519 -0.0098 -0.5236
vn -0.8013 0.5603 -0.2099
vn -0.8499 0.5268 -0.0064
vn -0.9999 -0.0046 0.0111
vn -0.8993 -0.3654 -0.2403
vn -0.9912 -0.1125 -0.0700
vn -0.8502 -0.4591 0.2578
vn -0.6463 -0.7631 -0.0003
vn -0.9921 0.0343 -0.1205
vn -0.8552 0.4378 0.2774
vn -0.8554 0.4594 0.2394
vn -0.8983 -0.4388 -0.0219
vn -0.8501 0.4529 -0.2688
vn -0.8985 0.0226 -0.4384
vn -0.8544 -0.0373 -0.5183
vn -0.8521 -0.5233 -0.0096
vn -0.8991 0.1975 0.3906
vn -0.9998 -0.0136 -0.0127
vn -0.8974 0.4405 0.0261
vn -0.8522 -0.2700 0.4481
vn -0.9997 -0.0249 0.0067
vn -0.8519 0.4485 0.2702
vn -0.6081 0.3811 0.6963
vn 0.1048 0.7608 0.6405
vn 0.9162 0.0066 -0.4007
vn 0.8407 -0.2460 0.4824
vn -0.2228 -0.8942 -0.3882
vn -0.9777 -0.1975 -0.0707
vn -0.9055 -0.2482 -0.3441
vn 0.0015 -0.2273 -0.9738
vn -0.9943 -0.0462 -0.0961
vn 0.9400 0.3411 0.0086
vn -0.6769 -0.7099 0.1945
vn -0.8478 -0.5303 -0.0066
vn -0.4144 -0.6754 -0.6100
vn -0.9433 0.1878 0.2737
vn -0.9990 -0.0429 -0.0084
vn 0.4479 -0.8804 -0.1555
vn 0.9580 -0.2300 0.1714
vn 0.4512 -0.7534 -0.4784
vn -0.0855 0.9546 0.2853
vn -0.8029 0.3815 0.4581
vn -0.8865 0.4610 -0.0402
vn -0.0859 -0.9905 0.1078
vn -0.8129 -0.5544 -0.1786
vn -0.8533 -0.3939 0.3415
vn -0.5382 0.7332 -0.4156
vn -1.0000 0.0037 0.0009
vn -0.0817 0.3245 0.9424
vn -0.8086 -0.1906 0.5567
vn -0.0827 0.5883 0.8044
vn -0.4353 0.5904 -0.6797
vn -0.8538 -0.3411 -0.3933
vn -0.0847 -0.8285 -0.5535
vn -0.8119 -0.1201 -0.5713
vn -0.5386 -0.0069 0.8426
vn -1.0000 -0.0084 -0.0044
vn -0.8084 -0.3867 -0.4437
vn -0.5385 0.4154 0.7332
vn 0.1449 0.2801 -0.9490
vn 0.1506 0.3287 -0.9323
vn 0.1501 0.3218 -0.9348
vn 0.1556 0.3693 -0.9162
vn 0.1487 -0.6254 -0.7660
vn 0.1445 -0.9617 0.2331
vn 0.1505 -0.9717 0.1820
vn 0.1497 -0.9704 0.1893
vn 0.1553 -0.9782 0.1382
vn 0.1523 -0.2312 0.9609
vn 0.3050 0.1589 0.9390
vn 0.1552 0.7780 0.6088
vn 0.1505 0.7509 0.6430
vn 0.1497 0.7462 0.6487
vn 0.1447 0.6730 0.7253
vn 0.1488 0.9793 0.1370
vn 0.1490 0.9715 0.1845
vn 0.1490 0.9715 0.1842
vn 0.1488 0.9615 0.2311
vn -0.9996 0.0287 0.0063
vn -0.8572 0.5146 0.0220
vn -0.8619 -0.0027 -0.5071
vn -0.8023 0.1004 0.5884
vn -0.8091 -0.5764 0.1146
vn -0.8571 0.4567 -0.2383
vn -0.8130 -0.4316 0.3909
vn -0.8124 0.4335 -0.3900
vn 0.9172 0.3741 0.1367
vn -0.9580 0.0573 -0.2809
vn 0.9373 0.2366 -0.2558
vn 0.6467 0.7442 -0.1670
vn 0.3935 0.1693 0.9036
vn -0.3728 0.4259 -0.8244
vn -0.9211 0.3309 -0.2052
vn 0.4170 -0.1744 0.8920
vn -0.0000 0.1873 0.9823
vn -0.0000 0.9990 0.0440
vn -0.0000 0.9317 -0.3634
vn -0.0000 -0.5391 0.8422
vn -0.0000 0.8812 -0.4727
vn -0.0000 -0.9173 0.3983
vn -0.0000 0.3249 0.9458
vn -0.0000 0.8047 -0.5936
vn -0.0000 -0.9885 -0.1512
vn -0.0000 0.9828 0.1846
vn -0.0000 -0.1810 -0.9835
vn -0.0000 0.3290 -0.9443
vn -0.0000 0.4365 -0.8997
vn -0.0000 -0.6563 -0.7545
vn -0.0000 0.9157 0.4018
vn -0.0000 0.7976 0.6032
vn -0.0000 0.7116 -0.7026
vn -0.0000 0.8645 0.5026
vn -0.0000 -0.5622 -0.8270
vn -0.0000 0.4636 0.8860
vn -0.0000 -0.9650 -0.2623
vn -0.0000 0.0377 -0.9993
vn -0.0000 -0.4351 0.9004
vn -0.0000 -0.7597 0.6503
vn -0.0000 -0.9666 0.2563
vn -0.0000 0.9547 0.2975
vn -0.0000 -0.9940 0.1093
vn -0.0000 -0.8482 0.5298
vn -0.0000 -0.9295 -0.3688
vn -0.0000 0.5339 -0.8455
vn -0.0000 -0.0459 0.9989
vn -0.0000 0.1916 -0.9815
vn -0.0000 -0.4597 -0.8881
vn -0.0000 0.5903 0.8072
vn -0.0000 -0.7524 -0.6587
vn -0.0000 -0.1870 0.9824
vn -0.0000 -0.8247 -0.5656
vn -0.0000 -0.9995 -0.0321
vn -0.0000 -0.8824 -0.4705
vn -0.0000 0.6242 -0.7812
vn -0.0000 -0.3293 -0.9442
vn -0.0000 0.9944 -0.1053
vn -0.0000 0.9689 -0.2474
vn -0.0000 -0.3245 0.9459
vn -0.0000 -0.6536 0.7569
vn -0.0000 0.7029 0.7113
vn -0.6320 -0.4305 -0.6443
vn -0.6320 0.4305 -0.6444
vn -0.6320 0.7600 -0.1512
vn -0.6320 0.7600 0.1512
vn -0.6320 -0.4305 0.6443
vn -0.6320 0.7749 -0.0000
vn -0.6320 0.4305 0.6444
vn -0.9497 -0.3132 -0.0000
vn -0.9195 -0.1504 0.3631
vn -0.9195 0.1504 0.3631
vn -0.9195 -0.3631 -0.1504
vn -0.9195 0.1504 -0.3631
vn -0.4885 0.1702 0.8558
vn -0.9195 -0.3631 0.1504
vn -0.4885 0.6170 -0.6170
vn -0.4884 0.7255 -0.4848
vn -0.9195 -0.1504 -0.3631
vn -0.4885 -0.1702 0.8558
vn -0.4885 -0.0000 -0.8726
vn -0.4885 0.1702 -0.8558
vn 0.5261 -0.7857 -0.3255
vn 0.5261 0.6014 -0.6014
vn 0.5161 0.6057 -0.6057
vn 0.5261 0.6014 0.6013
vn 0.5261 0.7857 0.3255
vn 0.5261 -0.6014 -0.6013
vn 0.5161 -0.6057 0.6057
vn 0.5261 -0.6014 0.6013
vn 0.5161 0.6057 0.6057
vn 0.5992 0.3064 -0.7397
vn 0.5992 0.3064 0.7397
vn 0.5992 -0.3064 0.7397
vn 0.9883 0.1526 -0.0000
vn 0.9883 -0.1526 -0.0000
vn 0.9883 -0.0000 0.1526
vn 0.8473 -0.0000 -0.5311
vn 0.8473 0.4907 0.2032
vn 0.3461 0.1830 -0.9202
vn 0.3461 -0.0000 0.9382
vn 0.3461 0.5212 -0.7801
vn 0.3460 -0.8668 0.3590
vn 0.3461 0.6634 -0.6634
vn 0.3461 -0.9202 0.1830
vn 0.3461 -0.9382 -0.0000
vn 0.3461 0.8668 -0.3590
vn 0.3461 -0.9202 -0.1830
vn 0.3460 -0.8668 -0.3590
vn 0.3461 0.8668 0.3590
vn 0.3461 -0.5212 -0.7801
vn 0.3461 0.6634 0.6634
vn 0.3461 -0.1830 -0.9202
vn 0.3461 -0.3590 0.8668
vn 0.3461 0.5212 0.7801
vn 0.3461 -0.0000 -0.9382
vn 0.3461 -0.5212 0.7801
vn 0.3461 0.3590 0.8668
vn -0.4885 -0.1702 -0.8558
vn -0.4885 0.6170 0.6170
vn -0.4885 -0.7255 0.4848
vn -0.4885 -0.8726 -0.0000
vn -0.4535 -0.8112 -0.3690
vn -0.7319 0.5502 0.4019
vn -0.4388 0.8024 0.4046
vn -0.4258 0.8779 0.2191
vn -0.0877 0.9126 0.3993
vn -0.9997 0.0240 0.0068
vn -0.9996 0.0218 0.0174
vn -0.7664 -0.6095 -0.2027
vn -0.7530 -0.5280 -0.3926
vn -0.8620 0.4378 0.2557
vn -0.9875 0.1560 -0.0233
vn -0.5609 0.8184 -0.1248
vn -0.8833 0.4548 -0.1138
vn -0.7558 -0.5973 0.2682
vn -0.6541 0.7564 0.0008
vn -0.9991 -0.0196 0.0381
vn -0.5506 0.4900 -0.6758
vn -0.4487 0.5886 -0.6724
vn -0.0930 -0.7551 0.6490
vn -0.8803 0.2351 -0.4120
vn -0.7700 0.3249 -0.5490
vn -0.4425 0.4823 -0.7561
vn -0.9735 0.1815 -0.1390
vn -0.8574 -0.4348 0.2753
vn -0.5558 0.2167 -0.8026
vn -0.8765 0.0830 -0.4743
vn -0.8544 -0.0420 0.5178
vn -0.7666 -0.1377 0.6272
vn -0.7454 -0.0729 0.6626
vn -0.7472 -0.2835 0.6010
vn -0.7690 -0.2079 0.6045
vn -0.9007 -0.1064 0.4212
vn -0.8357 -0.0637 0.5454
vn -0.7454 0.1005 -0.6590
vn -0.4375 0.0318 -0.8987
vn -0.4400 -0.4289 0.7890
vn -0.9896 -0.0797 0.1200
vn -0.0888 -0.4263 0.9002
vn -0.0763 -0.1865 0.9795
vn -0.0792 -0.3226 0.9432
vn -0.9066 -0.0343 0.4207
vn -0.9679 -0.0219 -0.2502
vn -0.4638 0.3612 -0.8090
vn -0.6450 0.4354 -0.6280
vn -0.5507 -0.1165 -0.8265
vn -0.8766 -0.0860 -0.4734
vn -0.4670 -0.1290 -0.8748
vn -0.5483 -0.3417 -0.7633
vn -0.4422 -0.2857 -0.8502
vn -0.9886 -0.0058 0.1507
vn -0.0844 0.0826 0.9930
vn -0.4445 0.4274 0.7872
vn -0.7623 0.1300 0.6341
vn -0.4669 -0.3836 -0.7967
vn -0.7579 0.0032 -0.6524
vn -0.7769 -0.1356 -0.6149
vn -0.8983 0.0235 0.4387
vn -0.8547 0.0434 0.5172
vn -0.6538 -0.0002 -0.7567
vn -0.9997 -0.0022 0.0259
vn -0.7222 0.4906 0.4875
vn -0.8385 0.4011 0.3688
vn -0.9888 0.0810 0.1254
vn -0.4342 0.4901 0.7558
vn -0.4233 0.5914 0.6863
vn -0.8999 0.2520 0.3560
vn -0.6541 -0.3777 -0.6553
vn -0.8547 0.2930 0.4286
vn -0.8368 0.5171 -0.1801
vn -0.4597 -0.8873 0.0380
vn -0.4631 -0.8342 0.2995
vn -0.7535 -0.5728 0.3228
vn -0.7297 0.4834 -0.4835
vn -0.8548 0.2932 -0.4282
vn -0.5474 -0.6146 0.5681
vn -0.4728 -0.7108 0.5208
vn -0.4700 -0.5775 0.6675
vn -0.4371 -0.6582 0.6130
vn -0.9047 0.2376 -0.3535
vn -0.9749 -0.1521 0.1623
vn -0.5448 -0.4980 0.6746
vn -0.4570 -0.4723 0.7537
vn -0.9886 0.1276 -0.0802
vn -0.4262 0.5099 -0.7472
vn -0.0969 0.7078 -0.6997
vn -0.7589 -0.4883 0.4308
vn -0.8055 0.3839 -0.4515
vn -0.6541 -0.6555 0.3776
vn -0.8549 0.1707 -0.4898
vn -0.5564 -0.2169 0.8021
vn -0.5605 -0.3587 0.7464
vn -0.8549 0.0398 -0.5172
vn -0.7331 0.0737 -0.6761
vn -0.7078 -0.3193 0.6302
vn -0.7345 0.2724 -0.6215
vn -0.0855 0.4244 -0.9014
vn -0.0810 0.0358 -0.9961
vn -0.4552 0.0082 -0.8904
vn -0.0809 0.3344 -0.9390
vn -0.6090 -0.3968 0.6868
vn -0.7424 -0.2694 -0.6134
vn -0.4710 0.0307 0.8816
vn -0.8377 -0.0581 -0.5430
vn -0.8382 -0.1455 -0.5255
vn -0.9659 -0.0656 -0.2505
vn -0.1764 -0.0592 -0.9825
vn -0.4245 -0.3936 -0.8154
vn -0.9999 -0.0083 -0.0144
vn -0.8992 -0.0257 -0.4367
vn -0.6543 -0.0006 0.7562
vn -0.8364 -0.2233 -0.5007
vn -0.8004 -0.2126 -0.5606
vn -0.9028 -0.2277 -0.3650
vn -0.8543 -0.4304 -0.2913
vn -0.8537 -0.3948 -0.3398
vn -0.7563 -0.5252 -0.3902
vn -0.4830 0.5944 0.6430
vn -0.4496 -0.4712 -0.7589
vn -0.9901 -0.0650 -0.1243
vn -0.4096 -0.7409 -0.5323
vn -0.4635 0.7150 0.5234
vn -0.7593 0.3879 0.5225
vn -0.8539 -0.2933 -0.4300
vn -0.6406 0.3834 0.6653
vn -0.8620 -0.4377 -0.2559
vn -0.5562 0.8162 0.1563
vn -0.8790 0.4741 0.0519
vn -0.8845 0.4149 0.2136
vn -0.0957 -0.9948 -0.0351
vn 0.1490 -0.5476 -0.8234
vn 0.1490 -0.5873 -0.7955
vn 0.1490 -0.5871 -0.7957
vn 0.1254 -0.1336 0.9831
vn 0.1368 -0.1744 0.9751
vn 0.3280 0.0559 0.9430
vn 0.3154 0.1154 0.9419
vn 0.3187 0.0993 0.9426
vn 0.1554 0.5483 0.8217
vn 0.1494 0.5908 0.7929
vn 0.1503 0.5848 0.7971
vn -0.9000 -0.2518 0.3557
vn -0.9895 0.0903 0.1131
vn -0.9888 0.0544 0.1386
vn -0.9999 0.0087 -0.0146
vn -0.9872 -0.1574 0.0244
vn -0.8619 0.2514 0.4403
vn -0.8012 0.5604 -0.2101
vn -0.9912 -0.1124 -0.0700
vn -0.6465 -0.7629 -0.0003
vn -0.8500 0.4529 -0.2688
vn -0.8991 0.1976 0.3906
vn -0.9997 -0.0248 0.0067
vn -0.8519 0.4485 0.2703
vn -0.6083 0.3811 0.6963
vn 0.1046 0.7608 0.6405
vn 0.9162 0.0066 -0.4006
vn 0.8407 -0.2459 0.4825
vn -0.2229 -0.8942 -0.3882
vn -0.9778 -0.1975 -0.0707
vn 0.0013 -0.2273 -0.9738
vn -0.9943 -0.0461 -0.0960
vn -0.6768 -0.7100 0.1945
vn -0.8479 -0.5301 -0.0066
vn -0.4146 -0.6754 -0.6100
vn 0.4481 -0.8804 -0.1554
vn 0.9578 -0.2304 0.1716
vn -0.8028 0.3816 0.4582
vn -0.8128 -0.5545 -0.1786
vn -0.8086 -0.1903 0.5567
vn -0.0827 0.5884 0.8044
vn -0.4350 0.5905 -0.6797
vn -0.0846 -0.8285 -0.5535
vn -0.8119 -0.1201 -0.5714
vn -0.5386 -0.0068 0.8426
vn -0.8083 -0.3867 -0.4440
vn -0.5384 0.4154 0.7332
vn 0.1509 0.3288 -0.9323
vn 0.1500 0.3218 -0.9348
vn 0.1486 -0.6254 -0.7660
vn 0.1556 -0.9781 0.1382
vn 0.1524 -0.2313 0.9609
vn 0.3051 0.1589 0.9390
vn 0.1489 0.9615 0.2311
vn -0.9996 0.0288 0.0063
vn -0.8023 0.1003 0.5884
vn -0.8092 -0.5761 0.1150
vn -0.8130 -0.4317 0.3909
vn 0.9171 0.3743 0.1369
vn -0.9580 0.0573 -0.2808
vn 0.9374 0.2366 -0.2557
vn 0.6466 0.7443 -0.1670
vn 0.3937 0.1692 0.9035
vn -0.3730 0.4259 -0.8243
vn -0.9210 0.3311 -0.2053
vn -0.0000 0.9157 0.4019
vn -0.0000 0.7976 0.6031
vn -0.0000 -0.8481 0.5298
vn -0.0000 -0.0720 -0.9974
vn -0.9497 -0.2604 0.1740
vn -0.9497 -0.0000 -0.3132
vn -0.4885 0.4848 -0.7255
vn -0.4885 0.8062 -0.3339
vn -0.4885 -0.8062 -0.3339
vn 0.5261 0.6014 0.6014
vn 0.5261 -0.7857 0.3255
vn 0.5261 -0.3255 -0.7857
vn 0.8473 0.4907 -0.2032
vt 0.118527 0.862299
vt 0.117535 0.863184
vt 0.117931 0.861688
vt 0.232374 0.871303
vt 0.232091 0.871755
vt 0.232091 0.870528
vt 0.119648 0.865863
vt 0.119189 0.866219
vt 0.119134 0.864909
vt 0.120203 0.862251
vt 0.119736 0.864009
vt 0.119453 0.862944
vt 0.119083 0.860847
vt 0.183332 0.841576
vt 0.183047 0.841323
vt 0.183067 0.840238
vt 0.181793 0.863869
vt 0.181857 0.862658
vt 0.182354 0.863304
vt 0.119247 0.863909
vt 0.119765 0.862009
vt 0.181763 0.865470
vt 0.182313 0.864286
vt 0.269237 0.905466
vt 0.269576 0.905257
vt 0.268919 0.906480
vt 0.181954 0.861555
vt 0.182414 0.862380
vt 0.270233 0.907049
vt 0.268290 0.767276
vt 0.268541 0.766873
vt 0.268463 0.767998
vt 0.268311 0.766045
vt 0.267907 0.766832
vt 0.268047 0.763425
vt 0.268413 0.763754
vt 0.268351 0.764828
vt 0.268629 0.763458
vt 0.268567 0.764886
vt 0.267936 0.765677
vt 0.268511 0.765700
vt 0.121317 0.862036
vt 0.120845 0.863338
vt 0.120248 0.863730
vt 0.120913 0.861797
vt 0.120632 0.864419
vt 0.120591 0.865520
vt 0.120134 0.866126
vt 0.182556 0.863743
vt 0.270183 0.907264
vt 0.269234 0.906881
vt 0.182607 0.862811
vt 0.267205 0.905076
vt 0.268350 0.906359
vt 0.118075 0.864551
vt 0.118547 0.865692
vt 0.118069 0.865888
vt 0.268725 0.904645
vt 0.268633 0.905030
vt 0.268479 0.902565
vt 0.269460 0.904531
vt 0.269068 0.904436
vt 0.269666 0.904871
vt 0.135056 0.869699
vt 0.135633 0.868601
vt 0.136078 0.868853
vt 0.132446 0.870851
vt 0.133584 0.869714
vt 0.133166 0.870556
vt 0.133485 0.873532
vt 0.134437 0.872768
vt 0.134267 0.873883
vt 0.135466 0.872872
vt 0.134136 0.870922
vt 0.135461 0.870017
vt 0.132955 0.871972
vt 0.133722 0.872001
vt 0.132943 0.872595
vt 0.182983 0.829620
vt 0.182462 0.829334
vt 0.182569 0.828374
vt 0.137160 0.870986
vt 0.137132 0.870587
vt 0.137759 0.869554
vt 0.253009 0.881543
vt 0.253180 0.881394
vt 0.253290 0.882741
vt 0.253570 0.881365
vt 0.253086 0.880476
vt 0.252871 0.880320
vt 0.132927 0.871447
vt 0.134673 0.869472
vt 0.264573 0.880708
vt 0.264779 0.880351
vt 0.264852 0.881524
vt 0.182324 0.828620
vt 0.277573 0.896881
vt 0.277717 0.896708
vt 0.278394 0.897844
vt 0.182209 0.829579
vt 0.278528 0.898688
vt 0.278771 0.898832
vt 0.179073 0.864777
vt 0.179073 0.865295
vt 0.178878 0.865251
vt 0.134663 0.871073
vt 0.135480 0.871822
vt 0.136211 0.870828
vt 0.136371 0.869612
vt 0.136885 0.869673
vt 0.277405 0.898639
vt 0.276998 0.898604
vt 0.274535 0.898305
vt 0.276333 0.895585
vt 0.276698 0.898891
vt 0.277640 0.899269
vt 0.277653 0.898907
vt 0.184516 0.872718
vt 0.184516 0.871637
vt 0.184804 0.872162
vt 0.231804 0.865359
vt 0.231804 0.864012
vt 0.232091 0.864825
vt 0.131634 0.872782
vt 0.177606 0.871675
vt 0.177883 0.871100
vt 0.177883 0.872194
vt 0.128612 0.875174
vt 0.129790 0.875025
vt 0.129109 0.875868
vt 0.130705 0.875585
vt 0.265460 0.883507
vt 0.264931 0.884015
vt 0.264922 0.882791
vt 0.132089 0.873111
vt 0.131182 0.873516
vt 0.130106 0.873343
vt 0.130239 0.873825
vt 0.128939 0.874070
vt 0.265429 0.882186
vt 0.265471 0.884587
vt 0.253679 0.882781
vt 0.253751 0.884244
vt 0.253351 0.883920
vt 0.253100 0.883995
vt 0.253107 0.882890
vt 0.253200 0.885086
vt 0.253395 0.885098
vt 0.253791 0.887482
vt 0.253756 0.889064
vt 0.253397 0.888266
vt 0.253789 0.885833
vt 0.253408 0.886670
vt 0.253228 0.886682
vt 0.130391 0.872269
vt 0.130863 0.872612
vt 0.128835 0.873122
vt 0.131413 0.871834
vt 0.127944 0.872677
vt 0.129326 0.872553
vt 0.132346 0.871249
vt 0.278482 0.902925
vt 0.278869 0.902360
vt 0.278560 0.903325
vt 0.264720 0.884086
vt 0.264943 0.885030
vt 0.264651 0.881871
vt 0.278856 0.901053
vt 0.264699 0.883080
vt 0.139229 0.870868
vt 0.139229 0.871271
vt 0.139021 0.871217
vt 0.132324 0.874195
vt 0.132726 0.874494
vt 0.132233 0.875046
vt 0.133073 0.873222
vt 0.275600 0.900118
vt 0.276883 0.899477
vt 0.277337 0.899574
vt 0.184529 0.868399
vt 0.184804 0.867850
vt 0.184804 0.869139
vt 0.179677 0.872420
vt 0.179959 0.871935
vt 0.179959 0.872992
vt 0.123570 0.874160
vt 0.124589 0.875333
vt 0.123668 0.875014
vt 0.127275 0.875168
vt 0.127141 0.875889
vt 0.125960 0.875706
vt 0.265464 0.885949
vt 0.125790 0.873325
vt 0.125664 0.873804
vt 0.124411 0.873368
vt 0.127006 0.873554
vt 0.126631 0.874012
vt 0.265382 0.888065
vt 0.264657 0.887670
vt 0.264914 0.887075
vt 0.265423 0.887167
vt 0.264817 0.888454
vt 0.253335 0.889858
vt 0.253103 0.889452
vt 0.253201 0.888303
vt 0.253704 0.890304
vt 0.253514 0.892948
vt 0.253366 0.894275
vt 0.253018 0.893939
vt 0.253635 0.891470
vt 0.253137 0.892873
vt 0.253248 0.891411
vt 0.252916 0.892673
vt 0.253031 0.891382
vt 0.253131 0.890247
vt 0.126241 0.872986
vt 0.124333 0.872775
vt 0.125511 0.872249
vt 0.126622 0.872547
vt 0.128495 0.873608
vt 0.123829 0.871985
vt 0.124194 0.871638
vt 0.275746 0.906401
vt 0.277599 0.904671
vt 0.277087 0.905589
vt 0.264922 0.886072
vt 0.264704 0.886363
vt 0.264722 0.885098
vt 0.277972 0.904476
vt 0.127610 0.874117
vt 0.123636 0.873650
vt 0.123332 0.873246
vt 0.128412 0.874700
vt 0.139237 0.863033
vt 0.139154 0.863531
vt 0.138973 0.863512
vt 0.275743 0.904659
vt 0.122898 0.870277
vt 0.123513 0.870829
vt 0.123136 0.870861
vt 0.122091 0.871175
vt 0.122193 0.871961
vt 0.121475 0.871257
vt 0.124202 0.871324
vt 0.122357 0.870082
vt 0.273618 0.907239
vt 0.275273 0.905485
vt 0.123036 0.871987
vt 0.123245 0.872745
vt 0.121056 0.869944
vt 0.265315 0.888915
vt 0.264712 0.889406
vt 0.181962 0.870250
vt 0.181883 0.869351
vt 0.182442 0.869748
vt 0.182032 0.870881
vt 0.182567 0.870719
vt 0.252884 0.894945
vt 0.123250 0.874975
vt 0.122127 0.874351
vt 0.122651 0.874403
vt 0.121628 0.873830
vt 0.253229 0.895230
vt 0.268024 0.772827
vt 0.268408 0.772774
vt 0.268483 0.773851
vt 0.268616 0.773074
vt 0.268723 0.774137
vt 0.268564 0.774826
vt 0.268264 0.775588
vt 0.268678 0.775789
vt 0.268860 0.775268
vt 0.181150 0.871976
vt 0.180867 0.871641
vt 0.181150 0.870881
vt 0.180815 0.871228
vt 0.122208 0.870636
vt 0.120869 0.868720
vt 0.121528 0.868904
vt 0.125133 0.871815
vt 0.182666 0.869654
vt 0.182394 0.869042
vt 0.264592 0.888507
vt 0.276315 0.906246
vt 0.275214 0.906905
vt 0.264495 0.889432
vt 0.274226 0.907293
vt 0.182754 0.870500
vt 0.123165 0.874455
vt 0.120842 0.870488
vt 0.119902 0.872194
vt 0.119711 0.870761
vt 0.120922 0.873194
vt 0.122415 0.873486
vt 0.186009 0.867166
vt 0.186124 0.867669
vt 0.185925 0.867669
vt 0.271653 0.907356
vt 0.274849 0.904868
vt 0.274908 0.905281
vt 0.275630 0.905396
vt 0.275031 0.904591
vt 0.275823 0.905086
vt 0.273881 0.903719
vt 0.118195 0.867112
vt 0.118614 0.868457
vt 0.117650 0.867957
vt 0.232388 0.859868
vt 0.232388 0.861255
vt 0.232098 0.860666
vt 0.183418 0.861988
vt 0.183418 0.863354
vt 0.183131 0.862464
vt 0.120140 0.869382
vt 0.117362 0.866351
vt 0.181805 0.868190
vt 0.182352 0.868323
vt 0.182319 0.867305
vt 0.181765 0.866856
vt 0.182292 0.866298
vt 0.120325 0.868567
vt 0.119615 0.868163
vt 0.119930 0.867437
vt 0.119349 0.867209
vt 0.268633 0.772316
vt 0.268350 0.771637
vt 0.267893 0.768119
vt 0.268276 0.768808
vt 0.267906 0.769743
vt 0.268303 0.770443
vt 0.268473 0.769629
vt 0.268525 0.771194
vt 0.120977 0.867648
vt 0.120700 0.866571
vt 0.182512 0.865753
vt 0.182293 0.865307
vt 0.272916 0.907560
vt 0.182581 0.868465
vt 0.271399 0.907541
vt 0.178882 0.870952
vt 0.179091 0.871294
vt 0.178882 0.871351
vt 0.119048 0.869600
vt 0.121485 0.857709
vt 0.120530 0.858746
vt 0.120466 0.857672
vt 0.120914 0.860848
vt 0.120176 0.861089
vt 0.184130 0.872558
vt 0.183844 0.873001
vt 0.183844 0.872015
vt 0.121684 0.859805
vt 0.121301 0.859475
vt 0.122236 0.858543
vt 0.122601 0.860579
vt 0.122209 0.860641
vt 0.123145 0.859677
vt 0.122483 0.856988
vt 0.121725 0.856604
vt 0.185364 0.863700
vt 0.185895 0.863575
vt 0.186007 0.864322
vt 0.185243 0.862555
vt 0.185800 0.862733
vt 0.120694 0.860254
vt 0.119385 0.858925
vt 0.122613 0.858894
vt 0.123303 0.857745
vt 0.185731 0.861784
vt 0.268159 0.762037
vt 0.268581 0.761695
vt 0.268488 0.762642
vt 0.118641 0.859806
vt 0.118838 0.859924
vt 0.118391 0.860585
vt 0.268296 0.760790
vt 0.266195 0.774415
vt 0.266121 0.773331
vt 0.266509 0.773367
vt 0.266286 0.775498
vt 0.266606 0.774730
vt 0.266696 0.775716
vt 0.266844 0.775312
vt 0.266791 0.776575
vt 0.119346 0.858734
vt 0.120087 0.857864
vt 0.123356 0.858909
vt 0.122057 0.860068
vt 0.123577 0.858195
vt 0.266061 0.903096
vt 0.265825 0.903060
vt 0.265478 0.901573
vt 0.185934 0.861584
vt 0.186047 0.862938
vt 0.266359 0.904193
vt 0.186172 0.863904
vt 0.182673 0.861986
vt 0.182495 0.861501
vt 0.119757 0.859692
vt 0.118785 0.860438
vt 0.275162 0.899097
vt 0.268913 0.901240
vt 0.269030 0.901762
vt 0.126132 0.855472
vt 0.124786 0.855892
vt 0.125332 0.854914
vt 0.125913 0.857195
vt 0.125093 0.856910
vt 0.126370 0.856570
vt 0.127356 0.855346
vt 0.126843 0.854645
vt 0.177086 0.871513
vt 0.176801 0.872191
vt 0.176801 0.871100
vt 0.185160 0.861344
vt 0.185114 0.860062
vt 0.185665 0.860855
vt 0.185639 0.859265
vt 0.185645 0.860061
vt 0.127412 0.856949
vt 0.127354 0.856445
vt 0.124681 0.857613
vt 0.266865 0.898867
vt 0.266891 0.899264
vt 0.265729 0.899693
vt 0.185092 0.858793
vt 0.185642 0.858226
vt 0.122204 0.856104
vt 0.122727 0.856063
vt 0.266727 0.772841
vt 0.266447 0.772161
vt 0.265977 0.768977
vt 0.265973 0.767802
vt 0.266358 0.768166
vt 0.266045 0.771796
vt 0.265995 0.770198
vt 0.266404 0.771057
vt 0.266564 0.770098
vt 0.266613 0.771678
vt 0.124937 0.857996
vt 0.125049 0.858479
vt 0.124033 0.859018
vt 0.126886 0.857475
vt 0.128086 0.857867
vt 0.126425 0.858033
vt 0.185868 0.860107
vt 0.265683 0.901423
vt 0.265471 0.900046
vt 0.265747 0.898746
vt 0.185852 0.858779
vt 0.122426 0.856484
vt 0.124179 0.857280
vt 0.123644 0.856325
vt 0.127557 0.855827
vt 0.128023 0.856029
vt 0.122895 0.857306
vt 0.180451 0.871127
vt 0.180242 0.870780
vt 0.180451 0.870721
vt 0.267193 0.899528
vt 0.131275 0.855857
vt 0.129901 0.855549
vt 0.130774 0.854945
vt 0.130824 0.858721
vt 0.129816 0.858371
vt 0.130780 0.858412
vt 0.183418 0.864707
vt 0.183134 0.863784
vt 0.130179 0.857222
vt 0.129661 0.856584
vt 0.130943 0.856926
vt 0.132398 0.856360
vt 0.132318 0.855500
vt 0.267827 0.895866
vt 0.267122 0.898566
vt 0.266443 0.897591
vt 0.185114 0.857504
vt 0.185684 0.856699
vt 0.185857 0.857603
vt 0.185173 0.856225
vt 0.185749 0.855532
vt 0.129214 0.854655
vt 0.128915 0.856986
vt 0.128359 0.856420
vt 0.266362 0.766913
vt 0.266546 0.767382
vt 0.265987 0.766558
vt 0.266160 0.762542
vt 0.266549 0.762578
vt 0.266458 0.763874
vt 0.266072 0.763957
vt 0.266405 0.765365
vt 0.266605 0.764718
vt 0.266012 0.765451
vt 0.130616 0.857857
vt 0.131343 0.857642
vt 0.129440 0.858019
vt 0.128902 0.857436
vt 0.131982 0.858483
vt 0.184818 0.857852
vt 0.267273 0.896125
vt 0.268051 0.895416
vt 0.266179 0.897642
vt 0.266615 0.896953
vt 0.185961 0.855862
vt 0.185902 0.856827
vt 0.127557 0.854881
vt 0.128029 0.854587
vt 0.128694 0.855352
vt 0.181502 0.872913
vt 0.181586 0.872415
vt 0.181763 0.872431
vt 0.267822 0.898797
vt 0.267523 0.898538
vt 0.269408 0.894814
vt 0.267852 0.899196
vt 0.269503 0.898808
vt 0.270016 0.898255
vt 0.132406 0.858201
vt 0.132165 0.857460
vt 0.131810 0.859241
vt 0.131941 0.859023
vt 0.132838 0.859685
vt 0.136257 0.859759
vt 0.135492 0.858808
vt 0.136636 0.858999
vt 0.185340 0.854396
vt 0.185874 0.854551
vt 0.182865 0.819002
vt 0.183002 0.820004
vt 0.182452 0.819873
vt 0.182525 0.820700
vt 0.133634 0.859124
vt 0.133270 0.858171
vt 0.134685 0.860305
vt 0.134273 0.859045
vt 0.271555 0.895597
vt 0.271222 0.894249
vt 0.183104 0.821107
vt 0.133048 0.855694
vt 0.133317 0.856107
vt 0.180273 0.872255
vt 0.180754 0.872255
vt 0.180284 0.873004
vt 0.266242 0.761643
vt 0.276802 0.793653
vt 0.276917 0.795046
vt 0.276507 0.794752
vt 0.276660 0.792352
vt 0.276413 0.793631
vt 0.135040 0.857047
vt 0.135613 0.857788
vt 0.134405 0.856729
vt 0.266337 0.760731
vt 0.266712 0.760803
vt 0.266844 0.761384
vt 0.133648 0.859778
vt 0.134846 0.861402
vt 0.133800 0.860690
vt 0.182319 0.820826
vt 0.182385 0.821478
vt 0.186172 0.854032
vt 0.186044 0.854981
vt 0.269136 0.894713
vt 0.185967 0.853814
vt 0.270313 0.894249
vt 0.182209 0.819818
vt 0.139238 0.866211
vt 0.139039 0.865735
vt 0.139238 0.865700
vt 0.135135 0.860053
vt 0.134546 0.857764
vt 0.135943 0.860175
vt 0.136004 0.860680
vt 0.132333 0.856878
vt 0.271718 0.895961
vt 0.183233 0.824425
vt 0.183499 0.823236
vt 0.183522 0.824624
vt 0.135351 0.861358
vt 0.136239 0.864008
vt 0.135854 0.862510
vt 0.136542 0.863015
vt 0.183164 0.822062
vt 0.183443 0.821916
vt 0.137899 0.864632
vt 0.137749 0.863455
vt 0.138589 0.864045
vt 0.138296 0.862484
vt 0.182651 0.822110
vt 0.272065 0.895060
vt 0.273261 0.894244
vt 0.183213 0.823083
vt 0.182658 0.823368
vt 0.135836 0.861168
vt 0.136786 0.864314
vt 0.274910 0.894745
vt 0.272439 0.895200
vt 0.276576 0.795832
vt 0.276313 0.795576
vt 0.276302 0.794512
vt 0.276987 0.796230
vt 0.277040 0.797408
vt 0.277081 0.798981
vt 0.276688 0.798627
vt 0.276516 0.799778
vt 0.276495 0.798191
vt 0.276710 0.799863
vt 0.276657 0.797377
vt 0.276432 0.796698
vt 0.135058 0.863070
vt 0.135526 0.862985
vt 0.135892 0.865260
vt 0.134525 0.861811
vt 0.177883 0.871253
vt 0.178165 0.870870
vt 0.178165 0.872083
vt 0.273544 0.894087
vt 0.274721 0.894433
vt 0.182483 0.825120
vt 0.182477 0.823893
vt 0.182713 0.824678
vt 0.272278 0.893966
vt 0.182438 0.822642
vt 0.136756 0.859699
vt 0.137176 0.859999
vt 0.136234 0.862063
vt 0.136920 0.860920
vt 0.182570 0.843021
vt 0.182384 0.843026
vt 0.182384 0.842510
vt 0.137422 0.864836
vt 0.137222 0.865304
vt 0.178884 0.870516
vt 0.178875 0.870115
vt 0.179087 0.870164
vt 0.272461 0.895940
vt 0.272603 0.895566
vt 0.137389 0.868550
vt 0.137697 0.867177
vt 0.138299 0.868011
vt 0.136322 0.865626
vt 0.134294 0.868609
vt 0.134729 0.867611
vt 0.134735 0.868306
vt 0.183204 0.826712
vt 0.183234 0.825692
vt 0.183513 0.825770
vt 0.232091 0.872820
vt 0.232381 0.872133
vt 0.182691 0.826010
vt 0.136830 0.865635
vt 0.136726 0.866624
vt 0.136116 0.867165
vt 0.136521 0.867608
vt 0.183155 0.827694
vt 0.182647 0.827220
vt 0.277085 0.801385
vt 0.276698 0.801519
vt 0.276454 0.801017
vt 0.276496 0.802179
vt 0.276952 0.804879
vt 0.276875 0.805907
vt 0.276544 0.805203
vt 0.277017 0.803723
vt 0.276610 0.804135
vt 0.276658 0.803081
vt 0.276449 0.803667
vt 0.276363 0.805121
vt 0.277057 0.802640
vt 0.135527 0.867558
vt 0.135381 0.865583
vt 0.135338 0.864432
vt 0.276875 0.895783
vt 0.182403 0.827559
vt 0.275846 0.894988
vt 0.182461 0.826353
vt 0.137893 0.865969
vt 0.185629 0.867629
vt 0.185549 0.868126
vt 0.185366 0.868109
vt 0.181763 0.822733
vt 0.181763 0.821558
vt 0.182037 0.821590
vt 0.138766 0.854587
vt 0.138967 0.855586
vt 0.138699 0.855551
vt 0.182158 0.827369
vt 0.182042 0.826454
vt 0.182158 0.826418
vt 0.182040 0.827480
vt 0.182040 0.828647
vt 0.181763 0.828584
vt 0.268924 0.900213
vt 0.267591 0.899498
vt 0.137183 0.870074
vt 0.137222 0.860514
vt 0.137787 0.861047
vt 0.271704 0.895222
vt 0.127472 0.875627
vt 0.272390 0.897359
vt 0.271349 0.897492
vt 0.123241 0.856019
vt 0.123810 0.855431
vt 0.275398 0.901965
vt 0.275612 0.900948
vt 0.273289 0.897579
vt 0.276703 0.899216
vt 0.132802 0.856058
vt 0.270494 0.897898
vt 0.269287 0.902467
vt 0.120025 0.870353
vt 0.128496 0.854885
vt 0.128027 0.854686
vt 0.119965 0.869851
vt 0.122354 0.873982
vt 0.132637 0.857285
vt 0.119143 0.871226
vt 0.119211 0.870813
vt 0.118791 0.870511
vt 0.119598 0.860916
vt 0.120004 0.860614
vt 0.269067 0.899663
vt 0.138356 0.865768
vt 0.138589 0.866469
vt 0.271020 0.903959
vt 0.133541 0.874028
vt 0.133239 0.874444
vt 0.132570 0.873284
vt 0.186116 0.866153
vt 0.185921 0.865676
vt 0.186116 0.865641
vt 0.274940 0.902893
vt 0.117608 0.865683
vt 0.117394 0.865211
vt 0.117612 0.864745
vt 0.117383 0.864027
vt 0.136710 0.870885
vt 0.136507 0.871679
vt 0.123399 0.857247
vt 0.138360 0.864830
vt 0.133613 0.856531
vt 0.133553 0.857034
vt 0.135965 0.869917
vt 0.118745 0.869999
vt 0.118180 0.869463
vt 0.271861 0.904123
vt 0.119257 0.859627
vt 0.127946 0.874502
vt 0.138573 0.865298
vt 0.128410 0.875631
vt 0.127939 0.875843
vt 0.268841 0.905370
vt 0.118747 0.865227
vt 0.182132 0.811684
vt 0.182153 0.811410
vt 0.182153 0.812379
vt 0.182182 0.826100
vt 0.182182 0.827026
vt 0.182167 0.826598
vt 0.182174 0.812091
vt 0.182209 0.811410
vt 0.182209 0.812753
vt 0.182061 0.821750
vt 0.182040 0.822312
vt 0.182040 0.821352
vt 0.182200 0.830143
vt 0.182184 0.830545
vt 0.182184 0.829680
vt 0.272660 0.904112
vt 0.273300 0.903969
vt 0.272869 0.904152
vt 0.182095 0.822054
vt 0.182126 0.821534
vt 0.182126 0.822545
vt 0.269199 0.902190
vt 0.269406 0.902577
vt 0.182043 0.831066
vt 0.182059 0.831416
vt 0.182043 0.831920
vt 0.182105 0.815574
vt 0.182049 0.814881
vt 0.182162 0.815630
vt 0.182181 0.833673
vt 0.182195 0.834113
vt 0.182181 0.834375
vt 0.182200 0.819584
vt 0.182167 0.820158
vt 0.182167 0.819131
vt 0.182204 0.832543
vt 0.182181 0.832923
vt 0.182181 0.832174
vt 0.182175 0.834856
vt 0.182175 0.835610
vt 0.182105 0.835266
vt 0.270252 0.903502
vt 0.181196 0.872743
vt 0.180915 0.873018
vt 0.180915 0.871976
vt 0.121273 0.862840
vt 0.121830 0.861648
vt 0.185921 0.866955
vt 0.185637 0.866233
vt 0.185921 0.865641
vt 0.138967 0.859996
vt 0.138681 0.858691
vt 0.138967 0.858368
vt 0.268702 0.762430
vt 0.267987 0.764476
vt 0.267562 0.905716
vt 0.266907 0.904997
vt 0.182525 0.864735
vt 0.118551 0.864759
vt 0.269679 0.902953
vt 0.183421 0.872826
vt 0.183706 0.872088
vt 0.183706 0.873003
vt 0.134054 0.869525
vt 0.265325 0.880690
vt 0.265213 0.879398
vt 0.183083 0.828623
vt 0.264661 0.879415
vt 0.276436 0.806458
vt 0.276751 0.807119
vt 0.253429 0.880107
vt 0.182083 0.811410
vt 0.182083 0.809897
vt 0.182209 0.810238
vt 0.276327 0.807389
vt 0.276175 0.807055
vt 0.279030 0.900108
vt 0.264495 0.879854
vt 0.135901 0.870418
vt 0.131163 0.874670
vt 0.182754 0.861170
vt 0.183032 0.860602
vt 0.183032 0.861988
vt 0.138971 0.864434
vt 0.139238 0.864109
vt 0.139238 0.865184
vt 0.131062 0.871728
vt 0.279030 0.901361
vt 0.179025 0.863213
vt 0.178878 0.862689
vt 0.179064 0.862689
vt 0.126088 0.872149
vt 0.183124 0.867336
vt 0.183416 0.868026
vt 0.183124 0.868625
vt 0.252871 0.893530
vt 0.232098 0.861255
vt 0.232395 0.862044
vt 0.232098 0.862629
vt 0.139237 0.863961
vt 0.139058 0.863020
vt 0.275334 0.904481
vt 0.122212 0.869465
vt 0.138983 0.868721
vt 0.138698 0.869330
vt 0.138698 0.868046
vt 0.265252 0.889524
vt 0.268131 0.774293
vt 0.120264 0.872837
vt 0.121205 0.873678
vt 0.268788 0.776584
vt 0.268372 0.776403
vt 0.179005 0.868753
vt 0.179084 0.869215
vt 0.178875 0.869215
vt 0.122830 0.873180
vt 0.183047 0.842379
vt 0.138971 0.864933
vt 0.138696 0.865430
vt 0.138696 0.864109
vt 0.185083 0.871386
vt 0.184806 0.871903
vt 0.184806 0.870797
vt 0.267949 0.771310
vt 0.185927 0.870806
vt 0.185636 0.869971
vt 0.185927 0.869541
vt 0.182523 0.866998
vt 0.138968 0.859457
vt 0.139156 0.859968
vt 0.138968 0.859983
vt 0.123606 0.859623
vt 0.182065 0.860602
vt 0.268860 0.760923
vt 0.268693 0.760731
vt 0.266729 0.773912
vt 0.120961 0.857023
vt 0.266420 0.776723
vt 0.182754 0.861241
vt 0.179078 0.867807
vt 0.179078 0.868284
vt 0.178875 0.868246
vt 0.184812 0.859518
vt 0.184851 0.860948
vt 0.184804 0.866536
vt 0.184517 0.866062
vt 0.184804 0.865221
vt 0.266367 0.769449
vt 0.266546 0.768564
vt 0.183056 0.867341
vt 0.182771 0.866657
vt 0.183056 0.866026
vt 0.178912 0.863213
vt 0.179068 0.863736
vt 0.178878 0.863736
vt 0.184866 0.856540
vt 0.183420 0.870836
vt 0.183134 0.871171
vt 0.183134 0.869909
vt 0.185244 0.855285
vt 0.266565 0.766220
vt 0.266686 0.763271
vt 0.131647 0.855069
vt 0.130076 0.854637
vt 0.232096 0.866655
vt 0.232379 0.867680
vt 0.232096 0.867969
vt 0.132917 0.860099
vt 0.183844 0.871280
vt 0.184128 0.870881
vt 0.184128 0.872015
vt 0.266813 0.762370
vt 0.276276 0.792360
vt 0.276175 0.793172
vt 0.136169 0.858175
vt 0.271044 0.894057
vt 0.178955 0.869677
vt 0.137395 0.862082
vt 0.137554 0.860204
vt 0.277091 0.800244
vt 0.138972 0.859996
vt 0.139237 0.861000
vt 0.138972 0.861038
vt 0.136406 0.860985
vt 0.182573 0.842496
vt 0.179087 0.870545
vt 0.272096 0.896099
vt 0.179677 0.871267
vt 0.179959 0.870721
vt 0.183470 0.827167
vt 0.135185 0.867021
vt 0.185629 0.868558
vt 0.137417 0.865769
vt 0.185447 0.867618
vt 0.181956 0.841184
vt 0.181763 0.840095
vt 0.182043 0.840111
vt 0.182043 0.838915
vt 0.181843 0.820359
vt 0.184690 0.851753
vt 0.184859 0.852822
vt 0.184590 0.852720
vt 0.184590 0.853662
vt 0.138699 0.856700
vt 0.182043 0.828293
vt 0.182043 0.827369
vt 0.182158 0.827449
vt 0.182041 0.815585
vt 0.181763 0.814374
vt 0.182041 0.814335
vt 0.181953 0.813185
vt 0.181957 0.829771
vt 0.184857 0.849615
vt 0.184586 0.848641
vt 0.184859 0.848593
vt 0.184779 0.847478
vt 0.273744 0.897763
vt 0.185930 0.869084
vt 0.185930 0.868616
vt 0.186135 0.868649
vt 0.120068 0.860110
vt 0.133139 0.857348
vt 0.119563 0.869542
vt 0.132263 0.873685
vt 0.123706 0.856843
vt 0.127479 0.874696
vt 0.128490 0.855832
vt 0.181502 0.871987
vt 0.182169 0.824655
vt 0.182196 0.824182
vt 0.182196 0.825141
vt 0.182163 0.817721
vt 0.182061 0.818395
vt 0.182098 0.817800
vt 0.182200 0.817053
vt 0.182167 0.816515
vt 0.182200 0.816014
vt 0.182181 0.813864
vt 0.182167 0.813341
vt 0.182181 0.812753
vt 0.182054 0.833359
vt 0.182041 0.833013
vt 0.182054 0.832640
vt 0.182089 0.836290
vt 0.182105 0.836666
vt 0.182089 0.836912
vt 0.182061 0.817348
vt 0.182061 0.818365
vt 0.182042 0.817985
vt 0.275406 0.899631
vt 0.275559 0.900207
vt 0.182078 0.837678
vt 0.182045 0.837281
vt 0.182078 0.836984
vt 0.182049 0.816115
vt 0.182204 0.832174
vt 0.182167 0.831697
vt 0.182204 0.831409
vt 0.182086 0.833435
vt 0.182100 0.833831
vt 0.182086 0.834099
vt 0.182181 0.828816
vt 0.182196 0.829187
vt 0.182181 0.829681
vt 0.182166 0.836053
vt 0.182105 0.836338
vt 0.182105 0.835610
vt 0.267215 0.775589
vt 0.267110 0.762038
vt 0.265143 0.774424
vt 0.254803 0.889078
vt 0.265069 0.773340
vt 0.254726 0.882795
vt 0.267082 0.774294
vt 0.264993 0.771806
vt 0.278001 0.804869
vt 0.266998 0.763426
vt 0.265286 0.760740
vt 0.264961 0.765461
vt 0.264935 0.766567
vt 0.278089 0.797397
vt 0.266887 0.765678
vt 0.266844 0.768120
vt 0.264944 0.770208
vt 0.266858 0.766833
vt 0.278036 0.796219
vt 0.266975 0.772828
vt 0.278066 0.803712
vt 0.265109 0.762551
vt 0.254750 0.890318
vt 0.254836 0.885848
vt 0.254616 0.881380
vt 0.266938 0.764477
vt 0.277800 0.807108
vt 0.254797 0.884259
vt 0.278106 0.802629
vt 0.264922 0.767812
vt 0.254412 0.894290
vt 0.265191 0.761653
vt 0.265021 0.763967
vt 0.277965 0.795036
vt 0.266900 0.771312
vt 0.278130 0.798970
vt 0.254560 0.892963
vt 0.278140 0.800233
vt 0.254275 0.895245
vt 0.277924 0.805897
vt 0.278134 0.801374
vt 0.264926 0.768987
vt 0.277851 0.793642
vt 0.267247 0.760791
vt 0.265235 0.775508
vt 0.254681 0.891484
vt 0.254837 0.887497
vt 0.266857 0.769744
vt 0.259636 0.839878
vt 0.257503 0.837525
vt 0.259672 0.837529
vt 0.188762 0.861273
vt 0.188887 0.858633
vt 0.189943 0.859506
vt 0.195178 0.876764
vt 0.192572 0.877164
vt 0.193214 0.875950
vt 0.210494 0.865188
vt 0.209118 0.867449
vt 0.209118 0.865323
vt 0.195178 0.856008
vt 0.197135 0.854224
vt 0.197263 0.855593
vt 0.188762 0.871498
vt 0.186639 0.869934
vt 0.187949 0.869534
vt 0.206085 0.875833
vt 0.203438 0.875950
vt 0.205205 0.874769
vt 0.203438 0.856821
vt 0.206086 0.856939
vt 0.205206 0.858002
vt 0.187949 0.863238
vt 0.187556 0.860625
vt 0.197263 0.877178
vt 0.194785 0.878081
vt 0.210027 0.862838
vt 0.208703 0.863238
vt 0.193214 0.856821
vt 0.194786 0.854691
vt 0.188886 0.874139
vt 0.189943 0.873266
vt 0.209110 0.872147
vt 0.206708 0.873266
vt 0.207890 0.871498
vt 0.201880 0.854691
vt 0.201474 0.856008
vt 0.186172 0.865188
vt 0.187534 0.865323
vt 0.199389 0.877178
vt 0.197135 0.878549
vt 0.207890 0.861273
vt 0.190581 0.856939
vt 0.191447 0.858002
vt 0.190580 0.875833
vt 0.191446 0.874769
vt 0.208703 0.869534
vt 0.199389 0.855593
vt 0.187534 0.867449
vt 0.201880 0.878081
vt 0.201474 0.876764
vt 0.207779 0.858633
vt 0.206709 0.859506
vt 0.210494 0.867584
vt 0.199531 0.854224
vt 0.257474 0.772099
vt 0.259568 0.774360
vt 0.257394 0.774325
vt 0.204093 0.877164
vt 0.257503 0.842318
vt 0.259672 0.842274
vt 0.179113 0.817362
vt 0.176909 0.819735
vt 0.176941 0.817375
vt 0.176588 0.838999
vt 0.178666 0.836600
vt 0.178759 0.838938
vt 0.176909 0.814980
vt 0.176740 0.841214
vt 0.178910 0.841131
vt 0.257501 0.769743
vt 0.259649 0.772112
vt 0.257609 0.844692
vt 0.259776 0.844623
vt 0.257474 0.767347
vt 0.259676 0.769732
vt 0.259947 0.846837
vt 0.176816 0.812641
vt 0.179081 0.814943
vt 0.179113 0.843093
vt 0.178835 0.810366
vt 0.176666 0.810449
vt 0.259436 0.776391
vt 0.257088 0.778053
vt 0.257263 0.776335
vt 0.257394 0.765005
vt 0.259649 0.767312
vt 0.260175 0.848829
vt 0.257781 0.846927
vt 0.257263 0.762804
vt 0.259568 0.764946
vt 0.178910 0.827592
vt 0.176945 0.825790
vt 0.179113 0.825861
vt 0.178630 0.808384
vt 0.176463 0.808486
vt 0.257781 0.833279
vt 0.260175 0.831631
vt 0.259947 0.833324
vt 0.259258 0.760731
vt 0.257088 0.760831
vt 0.176588 0.829579
vt 0.178759 0.829612
vt 0.176666 0.823988
vt 0.178630 0.825790
vt 0.176463 0.825719
vt 0.176494 0.831834
vt 0.178666 0.831845
vt 0.259776 0.835316
vt 0.257609 0.835290
vt 0.178987 0.822001
vt 0.176816 0.821967
vt 0.178635 0.834204
vt 0.176463 0.834217
vt 0.221371 0.778455
vt 0.221084 0.781336
vt 0.220158 0.779100
vt 0.196988 0.786129
vt 0.195632 0.783576
vt 0.196988 0.783709
vt 0.219878 0.776220
vt 0.218814 0.777088
vt 0.196156 0.788901
vt 0.197460 0.788503
vt 0.217977 0.774319
vt 0.217103 0.775377
vt 0.198386 0.790739
vt 0.215091 0.774032
vt 0.198678 0.793620
vt 0.199731 0.792751
vt 0.213259 0.771796
vt 0.212855 0.773106
vt 0.200579 0.795521
vt 0.201442 0.794462
vt 0.210482 0.772634
vt 0.203454 0.795806
vt 0.208062 0.772634
vt 0.210622 0.771272
vt 0.205297 0.798043
vt 0.205689 0.796732
vt 0.205689 0.773106
vt 0.207934 0.771272
vt 0.207934 0.798567
vt 0.208062 0.797204
vt 0.202814 0.772825
vt 0.203454 0.774032
vt 0.221371 0.791384
vt 0.218814 0.792750
vt 0.220158 0.790738
vt 0.210622 0.798567
vt 0.210482 0.797204
vt 0.200579 0.774319
vt 0.201442 0.775377
vt 0.222400 0.788900
vt 0.221084 0.788503
vt 0.212855 0.796732
vt 0.199731 0.777088
vt 0.221556 0.786129
vt 0.215742 0.797014
vt 0.215091 0.795806
vt 0.198386 0.779100
vt 0.198678 0.776220
vt 0.221556 0.783709
vt 0.222924 0.786264
vt 0.217103 0.794462
vt 0.196156 0.780939
vt 0.197460 0.781336
vt 0.222400 0.780939
vt 0.219878 0.793619
vt 0.217029 0.770442
vt 0.215742 0.772825
vt 0.196601 0.795336
vt 0.197185 0.791384
vt 0.198876 0.797611
vt 0.214056 0.769210
vt 0.202814 0.797014
vt 0.210899 0.768582
vt 0.201552 0.799399
vt 0.204525 0.769210
vt 0.205297 0.771796
vt 0.207681 0.801259
vt 0.201552 0.770442
vt 0.223768 0.792659
vt 0.224999 0.789686
vt 0.213259 0.798043
vt 0.210899 0.801258
vt 0.196601 0.774506
vt 0.225627 0.786529
vt 0.214056 0.800631
vt 0.197185 0.778455
vt 0.225627 0.783311
vt 0.222924 0.783575
vt 0.219704 0.797611
vt 0.217977 0.795520
vt 0.194813 0.777182
vt 0.224999 0.780155
vt 0.192954 0.783311
vt 0.192954 0.786530
vt 0.195632 0.786264
vt 0.223768 0.777181
vt 0.193581 0.789686
vt 0.219704 0.772230
vt 0.207681 0.768582
vt 0.211142 0.766120
vt 0.203807 0.802998
vt 0.204525 0.800631
vt 0.203807 0.766843
vt 0.207439 0.803721
vt 0.200386 0.768260
vt 0.225950 0.793826
vt 0.221980 0.795335
vt 0.211142 0.803721
vt 0.197307 0.770317
vt 0.198876 0.772230
vt 0.214774 0.802998
vt 0.194688 0.772936
vt 0.227367 0.790404
vt 0.218195 0.801581
vt 0.217029 0.799399
vt 0.228089 0.786772
vt 0.221274 0.799523
vt 0.193581 0.780155
vt 0.192631 0.776015
vt 0.228089 0.783069
vt 0.191214 0.779437
vt 0.225950 0.776015
vt 0.190492 0.783069
vt 0.223892 0.772936
vt 0.221980 0.774505
vt 0.190492 0.786772
vt 0.194813 0.792660
vt 0.191214 0.790405
vt 0.218195 0.768260
vt 0.194688 0.796905
vt 0.197307 0.799524
vt 0.195170 0.767727
vt 0.230561 0.791376
vt 0.215735 0.806203
vt 0.192087 0.770810
vt 0.231411 0.787099
vt 0.219762 0.804535
vt 0.231411 0.782739
vt 0.223387 0.802113
vt 0.189665 0.774435
vt 0.227367 0.779436
vt 0.223892 0.796905
vt 0.187997 0.778463
vt 0.228892 0.774435
vt 0.187146 0.787100
vt 0.226470 0.770809
vt 0.223387 0.767726
vt 0.221274 0.770317
vt 0.192631 0.793826
vt 0.187997 0.791376
vt 0.219762 0.765304
vt 0.192087 0.799030
vt 0.214774 0.766842
vt 0.195170 0.802113
vt 0.215735 0.763636
vt 0.200386 0.801581
vt 0.207099 0.762785
vt 0.207439 0.766120
vt 0.198795 0.804535
vt 0.202823 0.763636
vt 0.202823 0.806204
vt 0.228892 0.795404
vt 0.211459 0.807054
vt 0.188801 0.773977
vt 0.231483 0.778180
vt 0.230561 0.778463
vt 0.227214 0.799645
vt 0.226470 0.799029
vt 0.187146 0.782740
vt 0.187059 0.778181
vt 0.229742 0.773976
vt 0.186172 0.782644
vt 0.227214 0.770193
vt 0.187059 0.791658
vt 0.189665 0.795405
vt 0.220213 0.764447
vt 0.191328 0.799646
vt 0.216009 0.762705
vt 0.194546 0.802863
vt 0.211546 0.761818
vt 0.211459 0.762785
vt 0.198329 0.805392
vt 0.202533 0.762705
vt 0.207099 0.807054
vt 0.202533 0.807133
vt 0.198329 0.764447
vt 0.198795 0.765304
vt 0.229742 0.795861
vt 0.206996 0.808021
vt 0.211546 0.808021
vt 0.194546 0.766975
vt 0.232370 0.787194
vt 0.220213 0.805391
vt 0.223996 0.802863
vt 0.264902 0.782712
vt 0.267031 0.784860
vt 0.264869 0.784908
vt 0.279114 0.725572
vt 0.279827 0.727741
vt 0.279114 0.727671
vt 0.265349 0.736869
vt 0.267338 0.737991
vt 0.265141 0.737554
vt 0.259013 0.721573
vt 0.259626 0.719374
vt 0.260180 0.719828
vt 0.276735 0.719828
vt 0.275705 0.717790
vt 0.277289 0.719374
vt 0.273505 0.736065
vt 0.275705 0.735453
vt 0.273843 0.736697
vt 0.259013 0.731669
vt 0.257525 0.729938
vt 0.258210 0.729730
vt 0.269507 0.715965
vt 0.267338 0.715252
vt 0.269577 0.715252
vt 0.279390 0.729938
vt 0.278705 0.729730
vt 0.263409 0.736065
vt 0.263072 0.736697
vt 0.261664 0.718344
vt 0.261210 0.717790
vt 0.277901 0.721573
vt 0.278533 0.721236
vt 0.271566 0.736869
vt 0.271774 0.737554
vt 0.257801 0.725572
vt 0.257088 0.727741
vt 0.257088 0.725501
vt 0.257801 0.727671
vt 0.271566 0.716374
vt 0.271774 0.715688
vt 0.278533 0.732007
vt 0.277901 0.731669
vt 0.261210 0.735453
vt 0.261664 0.734899
vt 0.263409 0.717177
vt 0.263072 0.716546
vt 0.279390 0.723305
vt 0.278705 0.723513
vt 0.269507 0.737278
vt 0.269577 0.737991
vt 0.257525 0.723305
vt 0.258210 0.723513
vt 0.273843 0.716546
vt 0.273505 0.717177
vt 0.277289 0.733869
vt 0.276735 0.733415
vt 0.260180 0.733415
vt 0.259626 0.733869
vt 0.265349 0.716374
vt 0.265141 0.715688
vt 0.279827 0.725502
vt 0.267408 0.737278
vt 0.258382 0.721236
vt 0.275251 0.718344
vt 0.264843 0.806129
vt 0.262589 0.808300
vt 0.262665 0.806192
vt 0.275251 0.734899
vt 0.267408 0.715965
vt 0.258382 0.732007
vt 0.264902 0.787147
vt 0.267064 0.787129
vt 0.262798 0.822581
vt 0.260598 0.824849
vt 0.260628 0.822615
vt 0.259792 0.773091
vt 0.261876 0.770900
vt 0.261964 0.773115
vt 0.260598 0.820346
vt 0.262769 0.820342
vt 0.262107 0.775192
vt 0.259933 0.775141
vt 0.264869 0.803927
vt 0.262691 0.803961
vt 0.267163 0.789354
vt 0.265000 0.789344
vt 0.264843 0.801687
vt 0.262665 0.801692
vt 0.267324 0.791450
vt 0.265159 0.791413
vt 0.262682 0.818155
vt 0.260511 0.818131
vt 0.260123 0.776976
vt 0.262299 0.777050
vt 0.262541 0.816105
vt 0.260368 0.816055
vt 0.264482 0.811695
vt 0.262465 0.810204
vt 0.264646 0.810090
vt 0.264768 0.799497
vt 0.262589 0.799474
vt 0.265373 0.793275
vt 0.267541 0.793337
vt 0.264646 0.797441
vt 0.262465 0.797390
vt 0.260123 0.760866
vt 0.262107 0.762370
vt 0.259933 0.762484
vt 0.260175 0.814197
vt 0.262351 0.814271
vt 0.265373 0.777198
vt 0.267324 0.778654
vt 0.265159 0.778781
vt 0.262299 0.795522
vt 0.264482 0.795596
vt 0.261964 0.764283
vt 0.259792 0.764373
vt 0.262351 0.830380
vt 0.260368 0.828877
vt 0.262541 0.828762
vt 0.261876 0.766398
vt 0.259706 0.766460
vt 0.267163 0.780540
vt 0.265000 0.780643
vt 0.267064 0.782635
vt 0.262682 0.826873
vt 0.260511 0.826963
vt 0.261846 0.768632
vt 0.259676 0.768666
vt 0.262769 0.824786
vt 0.259706 0.770905
vt 0.264768 0.808210
vt 0.119682 0.749610
vt 0.117635 0.751857
vt 0.117457 0.750053
vt 0.110867 0.728327
vt 0.107830 0.728186
vt 0.110012 0.726728
vt 0.115188 0.750053
vt 0.115010 0.751857
vt 0.112436 0.725724
vt 0.112963 0.727459
vt 0.112963 0.749610
vt 0.112436 0.751345
vt 0.115010 0.725212
vt 0.115188 0.727017
vt 0.110012 0.750341
vt 0.110867 0.748742
vt 0.117635 0.725212
vt 0.117457 0.727017
vt 0.107830 0.748883
vt 0.108980 0.747481
vt 0.120209 0.725724
vt 0.119682 0.727459
vt 0.105974 0.747027
vt 0.107376 0.745877
vt 0.122633 0.726728
vt 0.121778 0.728327
vt 0.104516 0.744845
vt 0.106115 0.743990
vt 0.124815 0.728186
vt 0.123665 0.729588
vt 0.105247 0.741894
vt 0.103512 0.742421
vt 0.126671 0.730042
vt 0.125269 0.731192
vt 0.104805 0.739669
vt 0.103000 0.739847
vt 0.127398 0.741894
vt 0.128129 0.744845
vt 0.126530 0.743990
vt 0.126530 0.733079
vt 0.128129 0.732224
vt 0.103000 0.737222
vt 0.104805 0.737400
vt 0.125269 0.745877
vt 0.126671 0.747027
vt 0.127398 0.735175
vt 0.129133 0.734648
vt 0.103512 0.734648
vt 0.105247 0.735175
vt 0.124815 0.748883
vt 0.123665 0.747481
vt 0.129645 0.737222
vt 0.127841 0.737400
vt 0.106115 0.733079
vt 0.104516 0.732224
vt 0.121778 0.748742
vt 0.122633 0.750341
vt 0.129645 0.739847
vt 0.127841 0.739669
vt 0.107376 0.731192
vt 0.105974 0.730042
vt 0.120209 0.751345
vt 0.129133 0.742421
vt 0.108980 0.729588
vt 0.111600 0.754101
vt 0.108654 0.752881
vt 0.114728 0.722346
vt 0.117917 0.722346
vt 0.106003 0.751109
vt 0.121045 0.722968
vt 0.103748 0.748854
vt 0.123991 0.724188
vt 0.101976 0.746203
vt 0.126642 0.725960
vt 0.100756 0.743257
vt 0.128897 0.728215
vt 0.100134 0.740129
vt 0.130669 0.746203
vt 0.130669 0.730866
vt 0.100134 0.736940
vt 0.128897 0.748854
vt 0.131889 0.733812
vt 0.100756 0.733812
vt 0.126642 0.751109
vt 0.132512 0.736940
vt 0.101976 0.730866
vt 0.123991 0.752881
vt 0.132512 0.740129
vt 0.103748 0.728215
vt 0.121045 0.754101
vt 0.131889 0.743257
vt 0.106003 0.725960
vt 0.117917 0.754724
vt 0.108654 0.724188
vt 0.114728 0.754724
vt 0.111600 0.722968
vt 0.101617 0.750603
vt 0.099545 0.747502
vt 0.125290 0.721757
vt 0.128391 0.723829
vt 0.098118 0.744057
vt 0.131028 0.726466
vt 0.097390 0.740399
vt 0.134527 0.744057
vt 0.133100 0.747502
vt 0.133100 0.729567
vt 0.097390 0.736670
vt 0.131028 0.750603
vt 0.134527 0.733012
vt 0.098118 0.733012
vt 0.128391 0.753240
vt 0.135255 0.736670
vt 0.099545 0.729567
vt 0.125290 0.755312
vt 0.135255 0.740399
vt 0.101617 0.726466
vt 0.121845 0.756739
vt 0.104254 0.723829
vt 0.118187 0.757467
vt 0.107355 0.721757
vt 0.114458 0.757467
vt 0.110800 0.720330
vt 0.110800 0.756739
vt 0.114458 0.719602
vt 0.107355 0.755312
vt 0.118187 0.719602
vt 0.104254 0.753240
vt 0.121845 0.720330
vt 0.093783 0.740755
vt 0.093783 0.736315
vt 0.136297 0.749211
vt 0.133830 0.752903
vt 0.137996 0.731960
vt 0.094649 0.731960
vt 0.130691 0.756042
vt 0.138862 0.736315
vt 0.096348 0.727858
vt 0.126999 0.758509
vt 0.138862 0.740754
vt 0.098815 0.724166
vt 0.122897 0.760208
vt 0.137996 0.745109
vt 0.101954 0.721027
vt 0.118542 0.761074
vt 0.105646 0.718560
vt 0.114103 0.761074
vt 0.109748 0.716861
vt 0.109748 0.760208
vt 0.114103 0.715995
vt 0.105646 0.758509
vt 0.118542 0.715995
vt 0.101954 0.756042
vt 0.122897 0.716861
vt 0.098815 0.752903
vt 0.126999 0.718560
vt 0.096348 0.749211
vt 0.130691 0.721027
vt 0.094649 0.745109
vt 0.133830 0.724166
vt 0.136297 0.727858
vt 0.095689 0.727506
vt 0.098237 0.723693
vt 0.127351 0.759168
vt 0.123114 0.760923
vt 0.139606 0.740828
vt 0.138711 0.745326
vt 0.101480 0.720450
vt 0.118616 0.761818
vt 0.105294 0.717901
vt 0.114029 0.761818
vt 0.109531 0.716146
vt 0.109531 0.760923
vt 0.114029 0.715252
vt 0.105294 0.759168
vt 0.118616 0.715252
vt 0.101481 0.756620
vt 0.123114 0.716146
vt 0.098237 0.753377
vt 0.127351 0.717901
vt 0.095689 0.749563
vt 0.131165 0.720449
vt 0.093934 0.745326
vt 0.134408 0.723693
vt 0.093040 0.740828
vt 0.136956 0.749563
vt 0.136956 0.727506
vt 0.093040 0.736241
vt 0.134408 0.753377
vt 0.138711 0.731743
vt 0.093934 0.731743
vt 0.131165 0.756620
vt 0.139606 0.736241
vt 0.140146 0.825505
vt 0.151587 0.820815
vt 0.151647 0.825400
vt 0.139911 0.816513
vt 0.140087 0.820956
vt 0.139624 0.812349
vt 0.151409 0.816338
vt 0.139239 0.808621
vt 0.151120 0.812140
vt 0.256754 0.718540
vt 0.245571 0.715252
vt 0.257088 0.715278
vt 0.256506 0.722359
vt 0.245234 0.718540
vt 0.244830 0.726650
vt 0.244984 0.722389
vt 0.256353 0.726587
vt 0.244779 0.731160
vt 0.256353 0.735612
vt 0.256301 0.731063
vt 0.256506 0.740062
vt 0.244830 0.735746
vt 0.256754 0.744241
vt 0.244984 0.740231
vt 0.245571 0.748220
vt 0.245234 0.744443
vt 0.163669 0.844679
vt 0.152562 0.841372
vt 0.164055 0.841391
vt 0.163383 0.848517
vt 0.152173 0.844685
vt 0.151707 0.852827
vt 0.151884 0.848553
vt 0.163147 0.857239
vt 0.163206 0.852758
vt 0.163206 0.861788
vt 0.151647 0.857344
vt 0.163383 0.866231
vt 0.151707 0.861929
vt 0.163669 0.870395
vt 0.151884 0.866406
vt 0.164055 0.874123
vt 0.152173 0.870604
vt 0.245403 0.876890
vt 0.256435 0.880074
vt 0.244968 0.880107
vt 0.257199 0.873020
vt 0.256873 0.876832
vt 0.245925 0.868904
vt 0.245726 0.873107
vt 0.257467 0.864286
vt 0.257400 0.868784
vt 0.245993 0.864442
vt 0.257400 0.859700
vt 0.245726 0.855429
vt 0.245925 0.859892
vt 0.245403 0.851224
vt 0.257199 0.855202
vt 0.256435 0.847152
vt 0.256873 0.850965
vt 0.139239 0.841353
vt 0.151120 0.838059
vt 0.150732 0.841372
vt 0.139911 0.834228
vt 0.139624 0.838065
vt 0.140087 0.829986
vt 0.151409 0.834191
vt 0.151587 0.829917
vt 0.275942 0.844274
vt 0.269666 0.842490
vt 0.276058 0.842490
vt 0.269736 0.840539
vt 0.276129 0.840514
vt 0.269760 0.838475
vt 0.276153 0.838424
vt 0.269736 0.836376
vt 0.276129 0.836298
vt 0.276058 0.834219
vt 0.269666 0.834323
vt 0.269551 0.832395
vt 0.275942 0.832267
vt 0.269397 0.830667
vt 0.275786 0.830516
vt 0.238846 0.895398
vt 0.232647 0.893844
vt 0.239026 0.893863
vt 0.239160 0.892070
vt 0.232779 0.892074
vt 0.239242 0.890088
vt 0.232861 0.890117
vt 0.239270 0.887995
vt 0.232888 0.888050
vt 0.239242 0.885869
vt 0.232861 0.885951
vt 0.232779 0.883902
vt 0.239160 0.883794
vt 0.232647 0.881981
vt 0.239026 0.881848
vt 0.238846 0.880107
vt 0.232469 0.880261
vt 0.274820 0.777050
vt 0.280982 0.778543
vt 0.274617 0.778553
vt 0.280832 0.780288
vt 0.274466 0.780320
vt 0.274373 0.782284
vt 0.280741 0.782227
vt 0.274342 0.784368
vt 0.280710 0.784286
vt 0.274373 0.786494
vt 0.280741 0.786385
vt 0.280832 0.788443
vt 0.274466 0.788579
vt 0.280982 0.790383
vt 0.274617 0.790543
vt 0.281182 0.792128
vt 0.274820 0.792311
vt 0.246314 0.881642
vt 0.252871 0.880144
vt 0.252693 0.881661
vt 0.246180 0.883435
vt 0.252561 0.883431
vt 0.252479 0.885387
vt 0.246098 0.885417
vt 0.246070 0.887510
vt 0.252452 0.887455
vt 0.246098 0.889636
vt 0.252479 0.889553
vt 0.252561 0.891603
vt 0.246180 0.891711
vt 0.252693 0.893524
vt 0.246314 0.893657
vt 0.252871 0.895243
vt 0.246494 0.895398
vt 0.275786 0.845798
vt 0.269551 0.844251
vt 0.165219 0.882073
vt 0.164227 0.882958
vt 0.164623 0.881462
vt 0.138986 0.871372
vt 0.138703 0.871824
vt 0.138703 0.870596
vt 0.166340 0.885637
vt 0.165881 0.885992
vt 0.165826 0.884683
vt 0.166895 0.882024
vt 0.166428 0.883783
vt 0.166145 0.882718
vt 0.165776 0.880621
vt 0.184859 0.844534
vt 0.184574 0.844281
vt 0.184594 0.843196
vt 0.183452 0.863869
vt 0.183516 0.862658
vt 0.184013 0.863304
vt 0.165939 0.883682
vt 0.166457 0.881783
vt 0.183421 0.865470
vt 0.183972 0.864286
vt 0.214260 0.908328
vt 0.214599 0.908119
vt 0.213943 0.909341
vt 0.183612 0.861555
vt 0.184073 0.862380
vt 0.215257 0.909911
vt 0.266917 0.869367
vt 0.267168 0.868964
vt 0.267090 0.870089
vt 0.266938 0.868136
vt 0.266534 0.868923
vt 0.266674 0.865516
vt 0.267040 0.865845
vt 0.266978 0.866919
vt 0.267256 0.865549
vt 0.267194 0.866977
vt 0.266563 0.867767
vt 0.267138 0.867791
vt 0.168009 0.881810
vt 0.167537 0.883112
vt 0.166940 0.883504
vt 0.167605 0.881571
vt 0.167324 0.884193
vt 0.167283 0.885294
vt 0.166826 0.885900
vt 0.184215 0.863743
vt 0.215207 0.910126
vt 0.214257 0.909742
vt 0.184266 0.862811
vt 0.212229 0.907937
vt 0.213373 0.909220
vt 0.164767 0.884325
vt 0.165239 0.885465
vt 0.164761 0.885662
vt 0.213749 0.907506
vt 0.213657 0.907891
vt 0.213503 0.905426
vt 0.214484 0.907392
vt 0.214092 0.907297
vt 0.214689 0.907733
vt 0.181749 0.889473
vt 0.182325 0.888375
vt 0.182770 0.888627
vt 0.179138 0.890625
vt 0.180276 0.889488
vt 0.179858 0.890330
vt 0.180177 0.893306
vt 0.181129 0.892542
vt 0.180959 0.893657
vt 0.182158 0.892646
vt 0.180828 0.890696
vt 0.182153 0.889791
vt 0.179647 0.891746
vt 0.180415 0.891775
vt 0.179635 0.892369
vt 0.182983 0.840238
vt 0.182462 0.839953
vt 0.182569 0.838993
vt 0.183852 0.890760
vt 0.183824 0.890361
vt 0.184451 0.889327
vt 0.255640 0.881543
vt 0.255811 0.881394
vt 0.255921 0.882741
vt 0.256200 0.881365
vt 0.255717 0.880476
vt 0.255501 0.880320
vt 0.179619 0.891220
vt 0.181365 0.889246
vt 0.264573 0.890834
vt 0.264779 0.890477
vt 0.264852 0.891649
vt 0.182324 0.839238
vt 0.222596 0.899743
vt 0.222741 0.899570
vt 0.223418 0.900706
vt 0.182209 0.840197
vt 0.223552 0.901549
vt 0.223795 0.901694
vt 0.179073 0.864259
vt 0.178878 0.864733
vt 0.181355 0.890847
vt 0.182173 0.891596
vt 0.182903 0.890602
vt 0.183063 0.889385
vt 0.183577 0.889447
vt 0.222428 0.901500
vt 0.222022 0.901466
vt 0.219558 0.901166
vt 0.221357 0.898447
vt 0.221721 0.901753
vt 0.222663 0.902130
vt 0.222677 0.901769
vt 0.180466 0.872255
vt 0.180466 0.871174
vt 0.180754 0.871700
vt 0.232096 0.865340
vt 0.232096 0.863994
vt 0.232382 0.864807
vt 0.178326 0.892556
vt 0.176524 0.871675
vt 0.176801 0.872194
vt 0.175304 0.894948
vt 0.176482 0.894799
vt 0.175801 0.895642
vt 0.177397 0.895359
vt 0.265460 0.893632
vt 0.264931 0.894140
vt 0.264922 0.892917
vt 0.178781 0.892885
vt 0.177874 0.893290
vt 0.176799 0.893117
vt 0.176931 0.893599
vt 0.175632 0.893844
vt 0.265429 0.892311
vt 0.265471 0.894713
vt 0.256310 0.882781
vt 0.256381 0.884244
vt 0.255982 0.883920
vt 0.255731 0.883995
vt 0.255738 0.882890
vt 0.255830 0.885086
vt 0.256026 0.885098
vt 0.256421 0.887482
vt 0.256387 0.889064
vt 0.256027 0.888266
vt 0.256420 0.885833
vt 0.256039 0.886671
vt 0.255859 0.886682
vt 0.177083 0.892043
vt 0.177555 0.892386
vt 0.175527 0.892895
vt 0.178105 0.891608
vt 0.174636 0.892451
vt 0.176019 0.892327
vt 0.179038 0.891023
vt 0.223505 0.905786
vt 0.223893 0.905221
vt 0.223583 0.906186
vt 0.264720 0.894211
vt 0.264943 0.895155
vt 0.264651 0.891996
vt 0.223879 0.903914
vt 0.264699 0.893205
vt 0.139023 0.870462
vt 0.139229 0.870808
vt 0.139023 0.870868
vt 0.179016 0.893969
vt 0.179418 0.894268
vt 0.178925 0.894820
vt 0.179766 0.892996
vt 0.220623 0.902979
vt 0.221907 0.902339
vt 0.222361 0.902436
vt 0.232096 0.868517
vt 0.232371 0.867969
vt 0.232371 0.869258
vt 0.179396 0.872420
vt 0.179677 0.871935
vt 0.179677 0.872992
vt 0.170262 0.893934
vt 0.171281 0.895106
vt 0.170360 0.894788
vt 0.173967 0.894942
vt 0.173833 0.895662
vt 0.172652 0.895479
vt 0.265464 0.896075
vt 0.172482 0.893099
vt 0.172356 0.893578
vt 0.171103 0.893142
vt 0.173698 0.893328
vt 0.173323 0.893786
vt 0.265382 0.898190
vt 0.264657 0.897795
vt 0.264914 0.897200
vt 0.265423 0.897293
vt 0.264817 0.898579
vt 0.255965 0.889858
vt 0.255734 0.889452
vt 0.255831 0.888303
vt 0.256334 0.890304
vt 0.256144 0.892948
vt 0.255996 0.894275
vt 0.255648 0.893939
vt 0.256266 0.891470
vt 0.255768 0.892873
vt 0.255878 0.891411
vt 0.255547 0.892673
vt 0.255662 0.891382
vt 0.255761 0.890247
vt 0.172933 0.892760
vt 0.171025 0.892549
vt 0.172203 0.892023
vt 0.173314 0.892321
vt 0.175188 0.893382
vt 0.170522 0.891758
vt 0.170886 0.891412
vt 0.220769 0.909263
vt 0.222622 0.907533
vt 0.222110 0.908450
vt 0.264922 0.896198
vt 0.264704 0.896489
vt 0.264722 0.895223
vt 0.222996 0.907338
vt 0.174302 0.893891
vt 0.170328 0.893424
vt 0.170025 0.893020
vt 0.175104 0.894474
vt 0.139237 0.862092
vt 0.139154 0.862590
vt 0.138973 0.862571
vt 0.220766 0.907521
vt 0.169590 0.890051
vt 0.170206 0.890603
vt 0.169828 0.890635
vt 0.168783 0.890949
vt 0.168885 0.891735
vt 0.168167 0.891031
vt 0.170894 0.891097
vt 0.169049 0.889856
vt 0.218642 0.910100
vt 0.220297 0.908347
vt 0.169728 0.891761
vt 0.169937 0.892519
vt 0.167748 0.889718
vt 0.265315 0.899040
vt 0.264712 0.899532
vt 0.183620 0.870250
vt 0.183542 0.869351
vt 0.184101 0.869748
vt 0.183690 0.870881
vt 0.184226 0.870719
vt 0.255515 0.894945
vt 0.169942 0.894749
vt 0.168819 0.894125
vt 0.169343 0.894177
vt 0.168320 0.893604
vt 0.255859 0.895230
vt 0.266651 0.874918
vt 0.267034 0.874865
vt 0.267109 0.875942
vt 0.267242 0.875165
vt 0.267350 0.876228
vt 0.267191 0.876917
vt 0.266890 0.877679
vt 0.267304 0.877880
vt 0.267487 0.877359
vt 0.181486 0.871975
vt 0.181203 0.871641
vt 0.181486 0.870881
vt 0.181150 0.871228
vt 0.168900 0.890409
vt 0.167561 0.888493
vt 0.168220 0.888678
vt 0.171825 0.891589
vt 0.184325 0.869654
vt 0.184053 0.869042
vt 0.264592 0.898633
vt 0.221339 0.909108
vt 0.220237 0.909766
vt 0.264495 0.899557
vt 0.219249 0.910154
vt 0.184413 0.870500
vt 0.169857 0.894229
vt 0.167535 0.890262
vt 0.166595 0.891968
vt 0.166404 0.890535
vt 0.167614 0.892968
vt 0.169107 0.893260
vt 0.178877 0.865810
vt 0.179073 0.866286
vt 0.178877 0.866319
vt 0.216676 0.910218
vt 0.219872 0.907730
vt 0.219932 0.908142
vt 0.220654 0.908257
vt 0.220055 0.907453
vt 0.220846 0.907948
vt 0.218905 0.906581
vt 0.164887 0.886886
vt 0.165306 0.888231
vt 0.164342 0.887731
vt 0.138972 0.861382
vt 0.138681 0.860794
vt 0.180741 0.861988
vt 0.180741 0.863354
vt 0.180455 0.862464
vt 0.166832 0.889156
vt 0.164055 0.886124
vt 0.183464 0.868190
vt 0.184011 0.868323
vt 0.183978 0.867305
vt 0.183423 0.866856
vt 0.183951 0.866298
vt 0.167017 0.888341
vt 0.166308 0.887937
vt 0.166622 0.887211
vt 0.166042 0.886983
vt 0.267260 0.874406
vt 0.266976 0.873728
vt 0.266520 0.870210
vt 0.266903 0.870899
vt 0.266533 0.871834
vt 0.266929 0.872534
vt 0.267099 0.871720
vt 0.267151 0.873284
vt 0.167669 0.887422
vt 0.167392 0.886344
vt 0.184171 0.865753
vt 0.183952 0.865307
vt 0.217940 0.910421
vt 0.184240 0.868465
vt 0.216422 0.910402
vt 0.177397 0.871100
vt 0.177606 0.871442
vt 0.177397 0.871499
vt 0.165740 0.889374
vt 0.168178 0.877483
vt 0.167222 0.878520
vt 0.167158 0.877446
vt 0.167606 0.880622
vt 0.166868 0.880863
vt 0.184416 0.872558
vt 0.184130 0.873001
vt 0.184130 0.872015
vt 0.168376 0.879579
vt 0.167993 0.879249
vt 0.168928 0.878317
vt 0.169293 0.880353
vt 0.168902 0.880415
vt 0.169837 0.879451
vt 0.169175 0.876762
vt 0.168417 0.876378
vt 0.177075 0.870477
vt 0.177607 0.870353
vt 0.177718 0.871100
vt 0.176954 0.869332
vt 0.177512 0.869511
vt 0.167386 0.880027
vt 0.166077 0.878699
vt 0.169305 0.878668
vt 0.169996 0.877519
vt 0.177443 0.868562
vt 0.266785 0.864128
vt 0.267208 0.863786
vt 0.267115 0.864733
vt 0.165333 0.879580
vt 0.165530 0.879698
vt 0.165083 0.880359
vt 0.266923 0.862881
vt 0.266641 0.827881
vt 0.266567 0.826797
vt 0.266955 0.826833
vt 0.266732 0.828964
vt 0.267052 0.828196
vt 0.267142 0.829182
vt 0.267290 0.828778
vt 0.267237 0.830041
vt 0.166038 0.878508
vt 0.166779 0.877638
vt 0.170048 0.878683
vt 0.168750 0.879842
vt 0.170270 0.877969
vt 0.211084 0.905958
vt 0.210849 0.905921
vt 0.210502 0.904434
vt 0.177645 0.868361
vt 0.177758 0.869716
vt 0.211382 0.907055
vt 0.177883 0.870682
vt 0.184332 0.861986
vt 0.184154 0.861501
vt 0.166449 0.879465
vt 0.165477 0.880212
vt 0.220186 0.901959
vt 0.213936 0.904101
vt 0.214054 0.904624
vt 0.172824 0.875246
vt 0.171479 0.875666
vt 0.172024 0.874688
vt 0.172605 0.876969
vt 0.171785 0.876684
vt 0.173062 0.876344
vt 0.174048 0.875120
vt 0.173535 0.874419
vt 0.177372 0.871513
vt 0.177086 0.872191
vt 0.177086 0.871100
vt 0.176871 0.868122
vt 0.176825 0.866840
vt 0.177376 0.867632
vt 0.177350 0.866042
vt 0.177356 0.866838
vt 0.174104 0.876722
vt 0.174046 0.876219
vt 0.171373 0.877387
vt 0.211889 0.901729
vt 0.211915 0.902126
vt 0.210753 0.902555
vt 0.176804 0.865570
vt 0.177354 0.865004
vt 0.168896 0.875878
vt 0.169419 0.875837
vt 0.267173 0.826307
vt 0.266893 0.825627
vt 0.266423 0.822443
vt 0.266419 0.821268
vt 0.266805 0.821632
vt 0.266491 0.825262
vt 0.266442 0.823664
vt 0.266850 0.824523
vt 0.267010 0.823564
vt 0.267060 0.825144
vt 0.171629 0.877770
vt 0.171741 0.878253
vt 0.170725 0.878792
vt 0.173578 0.877249
vt 0.174778 0.877640
vt 0.173117 0.877807
vt 0.177580 0.866885
vt 0.210706 0.904285
vt 0.210494 0.902908
vt 0.210771 0.901607
vt 0.177564 0.865556
vt 0.169119 0.876258
vt 0.170871 0.877054
vt 0.170336 0.876098
vt 0.174249 0.875601
vt 0.174715 0.875802
vt 0.169588 0.877079
vt 0.186037 0.871648
vt 0.185930 0.871257
vt 0.186147 0.871257
vt 0.212216 0.902389
vt 0.177967 0.875631
vt 0.176593 0.875323
vt 0.177466 0.874719
vt 0.177517 0.878495
vt 0.176508 0.878145
vt 0.177472 0.878186
vt 0.180741 0.864707
vt 0.180458 0.863784
vt 0.176871 0.876996
vt 0.176353 0.876358
vt 0.177635 0.876700
vt 0.179090 0.876134
vt 0.179010 0.875274
vt 0.212850 0.898727
vt 0.212146 0.901427
vt 0.211467 0.900453
vt 0.176826 0.864281
vt 0.177395 0.863476
vt 0.177569 0.864380
vt 0.176885 0.863002
vt 0.177461 0.862310
vt 0.175906 0.874429
vt 0.175608 0.876759
vt 0.175051 0.876194
vt 0.266808 0.820379
vt 0.266992 0.820848
vt 0.266433 0.820024
vt 0.266607 0.816007
vt 0.266996 0.816044
vt 0.266904 0.817340
vt 0.266518 0.817423
vt 0.266851 0.818831
vt 0.267052 0.818184
vt 0.266458 0.818917
vt 0.177309 0.877631
vt 0.178035 0.877416
vt 0.176132 0.877792
vt 0.175595 0.877210
vt 0.178675 0.878257
vt 0.176529 0.864630
vt 0.212297 0.898987
vt 0.213075 0.898277
vt 0.211203 0.900504
vt 0.211638 0.899814
vt 0.177672 0.862639
vt 0.177613 0.863604
vt 0.174249 0.874655
vt 0.174721 0.874360
vt 0.175386 0.875126
vt 0.177904 0.873009
vt 0.177988 0.872512
vt 0.178165 0.872528
vt 0.212846 0.901659
vt 0.212546 0.901400
vt 0.214432 0.897676
vt 0.212876 0.902058
vt 0.214527 0.901669
vt 0.215040 0.901117
vt 0.179099 0.877975
vt 0.178857 0.877234
vt 0.178502 0.879015
vt 0.178634 0.878797
vt 0.179531 0.879459
vt 0.182949 0.879533
vt 0.182184 0.878582
vt 0.183328 0.878773
vt 0.177051 0.861173
vt 0.177585 0.861328
vt 0.182865 0.829620
vt 0.183002 0.830622
vt 0.182452 0.830491
vt 0.182525 0.831318
vt 0.180326 0.878898
vt 0.179962 0.877945
vt 0.181377 0.880079
vt 0.180965 0.878819
vt 0.216579 0.898459
vt 0.216246 0.897111
vt 0.183104 0.831725
vt 0.179740 0.875468
vt 0.180009 0.875881
vt 0.177476 0.872450
vt 0.177883 0.873078
vt 0.266688 0.815109
vt 0.278077 0.762042
vt 0.278192 0.763435
vt 0.277782 0.763141
vt 0.277935 0.760741
vt 0.277688 0.762020
vt 0.181733 0.876821
vt 0.182305 0.877562
vt 0.181097 0.876503
vt 0.266783 0.814197
vt 0.267159 0.814269
vt 0.267290 0.814850
vt 0.180340 0.879551
vt 0.181538 0.881176
vt 0.180493 0.880464
vt 0.182319 0.831445
vt 0.182385 0.832096
vt 0.177883 0.860810
vt 0.177755 0.861759
vt 0.214159 0.897575
vt 0.177678 0.860592
vt 0.215337 0.897110
vt 0.182209 0.830436
vt 0.186034 0.867166
vt 0.185921 0.866663
vt 0.186124 0.866663
vt 0.181828 0.879827
vt 0.181238 0.877538
vt 0.182636 0.879949
vt 0.182696 0.880454
vt 0.179025 0.876652
vt 0.216742 0.898823
vt 0.183233 0.835043
vt 0.183499 0.833855
vt 0.183522 0.835242
vt 0.182043 0.881132
vt 0.182931 0.883782
vt 0.182547 0.882284
vt 0.183234 0.882789
vt 0.183164 0.832680
vt 0.183443 0.832534
vt 0.184591 0.884406
vt 0.184441 0.883229
vt 0.185281 0.883819
vt 0.184988 0.882258
vt 0.182651 0.832729
vt 0.217089 0.897922
vt 0.218284 0.897105
vt 0.183213 0.833701
vt 0.182658 0.833986
vt 0.182528 0.880942
vt 0.183479 0.884088
vt 0.219933 0.897606
vt 0.217462 0.898062
vt 0.277851 0.764221
vt 0.277588 0.763965
vt 0.277577 0.762901
vt 0.278262 0.764619
vt 0.278315 0.765796
vt 0.278356 0.767370
vt 0.277963 0.767016
vt 0.277791 0.768167
vt 0.277770 0.766580
vt 0.277985 0.768252
vt 0.277932 0.765766
vt 0.277707 0.765087
vt 0.181750 0.882844
vt 0.182218 0.882759
vt 0.182584 0.885034
vt 0.181217 0.881585
vt 0.185083 0.871180
vt 0.185365 0.870797
vt 0.185365 0.872010
vt 0.218567 0.896949
vt 0.219745 0.897295
vt 0.182483 0.835738
vt 0.182477 0.834512
vt 0.182713 0.835296
vt 0.217301 0.896828
vt 0.182438 0.833260
vt 0.183449 0.879473
vt 0.183869 0.879773
vt 0.182927 0.881837
vt 0.183612 0.880694
vt 0.182758 0.843021
vt 0.182573 0.843026
vt 0.182573 0.842510
vt 0.184114 0.884610
vt 0.183914 0.885078
vt 0.139032 0.870432
vt 0.139023 0.870031
vt 0.139235 0.870080
vt 0.217485 0.898802
vt 0.217626 0.898428
vt 0.184081 0.888324
vt 0.184389 0.886951
vt 0.184992 0.887785
vt 0.183014 0.885400
vt 0.180986 0.888383
vt 0.181421 0.887385
vt 0.181427 0.888080
vt 0.183204 0.837330
vt 0.183234 0.836310
vt 0.183513 0.836388
vt 0.231795 0.872834
vt 0.231795 0.871769
vt 0.232085 0.872147
vt 0.182691 0.836628
vt 0.183522 0.885408
vt 0.183418 0.886398
vt 0.182808 0.886939
vt 0.183213 0.887382
vt 0.183155 0.838313
vt 0.182647 0.837838
vt 0.278360 0.769774
vt 0.277973 0.769908
vt 0.277729 0.769406
vt 0.277771 0.770568
vt 0.278227 0.773268
vt 0.278150 0.774296
vt 0.277819 0.773592
vt 0.278292 0.772112
vt 0.277885 0.772524
vt 0.277933 0.771470
vt 0.277724 0.772056
vt 0.277638 0.773510
vt 0.278332 0.771029
vt 0.182219 0.887332
vt 0.182073 0.885357
vt 0.182030 0.884206
vt 0.221898 0.898645
vt 0.182403 0.838177
vt 0.220869 0.897849
vt 0.182461 0.836971
vt 0.184585 0.885743
vt 0.185629 0.866689
vt 0.185549 0.867185
vt 0.185366 0.867168
vt 0.181763 0.827480
vt 0.181763 0.826305
vt 0.182037 0.826337
vt 0.184607 0.855952
vt 0.184808 0.856951
vt 0.184540 0.856916
vt 0.182042 0.825504
vt 0.182158 0.825468
vt 0.182040 0.834354
vt 0.182040 0.835521
vt 0.181763 0.835458
vt 0.213948 0.903074
vt 0.212615 0.902360
vt 0.183875 0.889848
vt 0.183914 0.880288
vt 0.184480 0.880821
vt 0.216727 0.898083
vt 0.174164 0.895401
vt 0.217413 0.900220
vt 0.216372 0.900353
vt 0.169933 0.875793
vt 0.170502 0.875205
vt 0.220422 0.904826
vt 0.220635 0.903809
vt 0.218313 0.900440
vt 0.221726 0.902077
vt 0.179495 0.875832
vt 0.215517 0.900759
vt 0.214310 0.905329
vt 0.166717 0.890126
vt 0.175188 0.874659
vt 0.174719 0.874460
vt 0.166657 0.889625
vt 0.169046 0.893756
vt 0.179329 0.877059
vt 0.165835 0.891000
vt 0.165903 0.890587
vt 0.165483 0.890285
vt 0.166290 0.880690
vt 0.166696 0.880388
vt 0.214091 0.902525
vt 0.185048 0.885542
vt 0.185281 0.886243
vt 0.216044 0.906820
vt 0.180233 0.893802
vt 0.179931 0.894217
vt 0.179262 0.893058
vt 0.185914 0.865355
vt 0.185914 0.864840
vt 0.186108 0.864881
vt 0.219964 0.905755
vt 0.164300 0.885457
vt 0.164086 0.884984
vt 0.164304 0.884518
vt 0.164075 0.883801
vt 0.183402 0.890659
vt 0.183199 0.891453
vt 0.170091 0.877021
vt 0.185052 0.884604
vt 0.180305 0.876305
vt 0.180245 0.876808
vt 0.182658 0.889691
vt 0.165437 0.889772
vt 0.164872 0.889237
vt 0.216884 0.906984
vt 0.165950 0.879401
vt 0.174638 0.894276
vt 0.185265 0.885072
vt 0.175102 0.895405
vt 0.174631 0.895617
vt 0.213865 0.908232
vt 0.165439 0.885001
vt 0.182083 0.811684
vt 0.182104 0.811410
vt 0.182104 0.812379
vt 0.182196 0.827026
vt 0.182196 0.827952
vt 0.182182 0.827524
vt 0.182049 0.811750
vt 0.182083 0.811070
vt 0.182083 0.812413
vt 0.182061 0.822710
vt 0.182040 0.823273
vt 0.182184 0.830143
vt 0.182167 0.830545
vt 0.182167 0.829681
vt 0.217684 0.906973
vt 0.218324 0.906830
vt 0.217893 0.907014
vt 0.182126 0.823065
vt 0.182158 0.822545
vt 0.182158 0.823556
vt 0.214223 0.905052
vt 0.214430 0.905438
vt 0.182142 0.831066
vt 0.182158 0.831416
vt 0.182142 0.831920
vt 0.182105 0.816807
vt 0.182163 0.816864
vt 0.182195 0.834815
vt 0.182181 0.835077
vt 0.182200 0.821638
vt 0.182166 0.822212
vt 0.182166 0.821185
vt 0.182077 0.833054
vt 0.182054 0.833435
vt 0.182054 0.832685
vt 0.182175 0.834103
vt 0.182105 0.834513
vt 0.215275 0.906364
vt 0.182044 0.872754
vt 0.181763 0.873029
vt 0.181763 0.871987
vt 0.167965 0.882613
vt 0.168522 0.881422
vt 0.185362 0.866958
vt 0.185077 0.866236
vt 0.185362 0.865644
vt 0.232384 0.859868
vt 0.232098 0.858563
vt 0.232384 0.858240
vt 0.267329 0.864521
vt 0.266613 0.866567
vt 0.212585 0.908577
vt 0.211930 0.907858
vt 0.184183 0.864735
vt 0.165244 0.884532
vt 0.214702 0.905814
vt 0.177087 0.872929
vt 0.177372 0.872191
vt 0.177372 0.873106
vt 0.180746 0.889299
vt 0.265325 0.890815
vt 0.265213 0.889524
vt 0.183083 0.839241
vt 0.264661 0.889540
vt 0.277711 0.774848
vt 0.278026 0.775508
vt 0.256060 0.880107
vt 0.182083 0.808384
vt 0.182209 0.808725
vt 0.277602 0.775778
vt 0.277450 0.775444
vt 0.224054 0.902969
vt 0.264495 0.889980
vt 0.182593 0.890191
vt 0.177856 0.894444
vt 0.184521 0.861688
vt 0.184799 0.861121
vt 0.184799 0.862507
vt 0.138968 0.858707
vt 0.139235 0.858382
vt 0.139235 0.859457
vt 0.177754 0.891502
vt 0.224054 0.904223
vt 0.179060 0.861117
vt 0.178874 0.860605
vt 0.179060 0.860592
vt 0.172781 0.891923
vt 0.185070 0.866958
vt 0.185362 0.867649
vt 0.185070 0.868247
vt 0.255501 0.893530
vt 0.231801 0.861286
vt 0.232098 0.862075
vt 0.231801 0.862660
vt 0.139237 0.863020
vt 0.139058 0.862079
vt 0.220357 0.907343
vt 0.168904 0.889239
vt 0.185362 0.868922
vt 0.185077 0.869531
vt 0.185077 0.868247
vt 0.265252 0.899649
vt 0.266758 0.876384
vt 0.166956 0.892611
vt 0.167897 0.893452
vt 0.267415 0.878675
vt 0.266999 0.878493
vt 0.139160 0.868646
vt 0.139238 0.869108
vt 0.139029 0.869108
vt 0.169522 0.892954
vt 0.184574 0.845337
vt 0.185637 0.865147
vt 0.185362 0.864322
vt 0.185645 0.871395
vt 0.185368 0.871912
vt 0.185368 0.870806
vt 0.266576 0.873401
vt 0.183050 0.871165
vt 0.182759 0.870329
vt 0.183050 0.869899
vt 0.184182 0.866998
vt 0.178916 0.862165
vt 0.178874 0.862689
vt 0.170298 0.879397
vt 0.183723 0.860602
vt 0.267487 0.863014
vt 0.267320 0.862822
vt 0.267175 0.827377
vt 0.167653 0.876797
vt 0.266866 0.830188
vt 0.184413 0.861241
vt 0.178994 0.868284
vt 0.179082 0.868753
vt 0.178875 0.868753
vt 0.176524 0.866295
vt 0.176563 0.867725
vt 0.232383 0.866655
vt 0.232096 0.866182
vt 0.232383 0.865340
vt 0.266813 0.822915
vt 0.266992 0.822030
vt 0.184519 0.867167
vt 0.178912 0.863736
vt 0.179068 0.864259
vt 0.178878 0.864259
vt 0.176577 0.863317
vt 0.180752 0.870840
vt 0.180466 0.869912
vt 0.176956 0.862062
vt 0.267011 0.819686
vt 0.267132 0.816737
vt 0.178339 0.874843
vt 0.176768 0.874411
vt 0.231804 0.866674
vt 0.232087 0.867699
vt 0.231804 0.867987
vt 0.179609 0.879873
vt 0.184128 0.871280
vt 0.184413 0.870881
vt 0.184413 0.872015
vt 0.267260 0.815836
vt 0.277551 0.760749
vt 0.277450 0.761561
vt 0.182861 0.877948
vt 0.216068 0.896918
vt 0.139109 0.869570
vt 0.184087 0.881856
vt 0.184246 0.879978
vt 0.278366 0.768633
vt 0.139237 0.862042
vt 0.138972 0.862079
vt 0.183098 0.880759
vt 0.182762 0.842496
vt 0.139235 0.870462
vt 0.217120 0.898960
vt 0.179959 0.871267
vt 0.180242 0.870721
vt 0.180242 0.871935
vt 0.183470 0.837786
vt 0.181877 0.886795
vt 0.185629 0.867618
vt 0.184110 0.885543
vt 0.185447 0.866677
vt 0.181956 0.838915
vt 0.181763 0.837826
vt 0.182043 0.837842
vt 0.182043 0.836646
vt 0.181843 0.825106
vt 0.181863 0.841184
vt 0.182032 0.842253
vt 0.181763 0.842151
vt 0.181763 0.843093
vt 0.184540 0.858066
vt 0.182043 0.830142
vt 0.182158 0.830222
vt 0.182041 0.810784
vt 0.181763 0.809573
vt 0.182041 0.809534
vt 0.181953 0.808384
vt 0.181957 0.836646
vt 0.232369 0.856361
vt 0.232098 0.855387
vt 0.232371 0.855339
vt 0.232291 0.854224
vt 0.218767 0.900624
vt 0.186005 0.870007
vt 0.185931 0.869546
vt 0.186139 0.869546
vt 0.166760 0.879884
vt 0.179831 0.877122
vt 0.166255 0.889316
vt 0.178955 0.893459
vt 0.170398 0.876616
vt 0.174171 0.894470
vt 0.175182 0.875605
vt 0.177904 0.872083
vt 0.182067 0.823034
vt 0.182095 0.822561
vt 0.182095 0.823521
vt 0.182163 0.818767
vt 0.182061 0.819441
vt 0.182098 0.818847
vt 0.182200 0.818092
vt 0.182167 0.817554
vt 0.182209 0.813864
vt 0.182195 0.813341
vt 0.182106 0.832506
vt 0.182092 0.832160
vt 0.182106 0.831786
vt 0.182070 0.833435
vt 0.182086 0.833811
vt 0.182070 0.834057
vt 0.182199 0.813864
vt 0.182199 0.814880
vt 0.182181 0.814500
vt 0.220430 0.902493
vt 0.220583 0.903068
vt 0.182173 0.837033
vt 0.182139 0.836635
vt 0.182173 0.836338
vt 0.182049 0.817348
vt 0.182142 0.831832
vt 0.182106 0.831354
vt 0.182040 0.833359
vt 0.182054 0.833756
vt 0.182040 0.834024
vt 0.182167 0.828816
vt 0.182181 0.829187
vt 0.182105 0.836004
vt 0.182045 0.836290
vt 0.182045 0.835561
vt 0.265841 0.877680
vt 0.265736 0.864129
vt 0.265589 0.827890
vt 0.257433 0.889078
vt 0.265516 0.826806
vt 0.257356 0.882795
vt 0.265709 0.876385
vt 0.265440 0.825272
vt 0.279276 0.773258
vt 0.265625 0.865517
vt 0.265732 0.814206
vt 0.265407 0.818927
vt 0.265381 0.820033
vt 0.279364 0.765786
vt 0.265513 0.867769
vt 0.265471 0.870211
vt 0.265390 0.823674
vt 0.265485 0.868924
vt 0.279311 0.764608
vt 0.265602 0.874919
vt 0.279341 0.772101
vt 0.265555 0.816017
vt 0.257381 0.890318
vt 0.257466 0.885848
vt 0.257247 0.881380
vt 0.265564 0.866568
vt 0.279075 0.775497
vt 0.257428 0.884259
vt 0.279381 0.771018
vt 0.265368 0.821278
vt 0.257043 0.894290
vt 0.265637 0.815119
vt 0.265467 0.817432
vt 0.279240 0.763425
vt 0.265527 0.873402
vt 0.279405 0.767359
vt 0.257190 0.892963
vt 0.279415 0.768622
vt 0.256906 0.895245
vt 0.279199 0.774286
vt 0.279409 0.769763
vt 0.265372 0.822453
vt 0.279126 0.762031
vt 0.265874 0.862882
vt 0.265681 0.828973
vt 0.257312 0.891484
vt 0.257468 0.887497
vt 0.265483 0.871835
vt 0.259636 0.874621
vt 0.257503 0.872268
vt 0.259672 0.872272
vt 0.188762 0.885598
vt 0.188887 0.882958
vt 0.189943 0.883831
vt 0.195178 0.901089
vt 0.192572 0.901489
vt 0.193214 0.900275
vt 0.209118 0.889648
vt 0.210494 0.891909
vt 0.209118 0.891774
vt 0.194786 0.879016
vt 0.197263 0.879918
vt 0.195178 0.880333
vt 0.188762 0.895823
vt 0.186639 0.894259
vt 0.187949 0.893859
vt 0.205205 0.899094
vt 0.204093 0.901489
vt 0.203438 0.900275
vt 0.203438 0.881146
vt 0.206086 0.881264
vt 0.205206 0.882327
vt 0.187949 0.887563
vt 0.187556 0.884950
vt 0.197263 0.901503
vt 0.194785 0.902406
vt 0.210027 0.887163
vt 0.208703 0.887563
vt 0.193214 0.881146
vt 0.188886 0.898464
vt 0.189943 0.897591
vt 0.209110 0.896472
vt 0.206708 0.897591
vt 0.207890 0.895823
vt 0.206085 0.900158
vt 0.201880 0.879016
vt 0.201474 0.880333
vt 0.186172 0.889513
vt 0.187534 0.889648
vt 0.199389 0.901503
vt 0.197135 0.902874
vt 0.207890 0.885598
vt 0.190581 0.881264
vt 0.191447 0.882327
vt 0.190580 0.900158
vt 0.191446 0.899094
vt 0.208703 0.893859
vt 0.199389 0.879918
vt 0.187534 0.891774
vt 0.201474 0.901089
vt 0.199531 0.902874
vt 0.207779 0.882958
vt 0.206709 0.883831
vt 0.257474 0.789494
vt 0.259568 0.791756
vt 0.257394 0.791720
vt 0.186172 0.891909
vt 0.201880 0.902406
vt 0.259672 0.877017
vt 0.257467 0.874641
vt 0.181763 0.834769
vt 0.179559 0.837141
vt 0.179591 0.834782
vt 0.183647 0.821593
vt 0.185725 0.819193
vt 0.185818 0.821532
vt 0.181731 0.832349
vt 0.179559 0.832386
vt 0.183799 0.823808
vt 0.185969 0.823725
vt 0.257501 0.787138
vt 0.259649 0.789507
vt 0.257609 0.879435
vt 0.259776 0.879366
vt 0.257474 0.784743
vt 0.259676 0.787127
vt 0.259947 0.881580
vt 0.179466 0.830048
vt 0.184004 0.825790
vt 0.186172 0.825687
vt 0.181485 0.827772
vt 0.179316 0.827855
vt 0.259436 0.793787
vt 0.257088 0.795449
vt 0.257263 0.793731
vt 0.257394 0.782400
vt 0.259649 0.784708
vt 0.260175 0.883572
vt 0.257781 0.881670
vt 0.257263 0.780200
vt 0.259568 0.782341
vt 0.185969 0.810185
vt 0.184004 0.808384
vt 0.186172 0.808455
vt 0.181280 0.825790
vt 0.179113 0.825892
vt 0.257781 0.868022
vt 0.260175 0.866374
vt 0.259947 0.868067
vt 0.257088 0.778227
vt 0.259436 0.780119
vt 0.183647 0.812173
vt 0.185818 0.812206
vt 0.179316 0.841394
vt 0.181280 0.843196
vt 0.179113 0.843125
vt 0.183553 0.814428
vt 0.185725 0.814439
vt 0.257609 0.870033
vt 0.259776 0.870059
vt 0.181637 0.839407
vt 0.179466 0.839374
vt 0.183521 0.816811
vt 0.185694 0.816798
vt 0.181731 0.837152
vt 0.221371 0.731889
vt 0.221084 0.734770
vt 0.220158 0.732534
vt 0.196988 0.739563
vt 0.195632 0.737010
vt 0.196988 0.737143
vt 0.219878 0.729654
vt 0.218814 0.730522
vt 0.196156 0.742335
vt 0.197460 0.741937
vt 0.217103 0.728811
vt 0.197185 0.744818
vt 0.198386 0.744173
vt 0.215742 0.726259
vt 0.215091 0.727466
vt 0.198678 0.747054
vt 0.199731 0.746185
vt 0.212855 0.726540
vt 0.200579 0.748955
vt 0.201442 0.747896
vt 0.210482 0.726068
vt 0.213259 0.725230
vt 0.203454 0.749240
vt 0.208062 0.726068
vt 0.210622 0.724706
vt 0.205297 0.751477
vt 0.205689 0.750166
vt 0.205689 0.726540
vt 0.207934 0.724706
vt 0.207934 0.752001
vt 0.208062 0.750638
vt 0.202814 0.726259
vt 0.203454 0.727466
vt 0.221371 0.744818
vt 0.218814 0.746184
vt 0.220158 0.744172
vt 0.210622 0.752001
vt 0.210482 0.750638
vt 0.200579 0.727753
vt 0.201442 0.728811
vt 0.222400 0.742334
vt 0.221084 0.741937
vt 0.212855 0.750166
vt 0.198678 0.729654
vt 0.199731 0.730522
vt 0.221556 0.739563
vt 0.215742 0.750448
vt 0.215091 0.749240
vt 0.197185 0.731889
vt 0.198386 0.732534
vt 0.221556 0.737143
vt 0.222924 0.739698
vt 0.217103 0.747896
vt 0.197460 0.734770
vt 0.222400 0.734373
vt 0.219878 0.747053
vt 0.219704 0.725664
vt 0.217977 0.727753
vt 0.194813 0.746094
vt 0.217029 0.723876
vt 0.198876 0.751045
vt 0.214056 0.722644
vt 0.202814 0.750448
vt 0.207681 0.722016
vt 0.201552 0.752833
vt 0.204525 0.722644
vt 0.205297 0.725230
vt 0.207681 0.754693
vt 0.201552 0.723876
vt 0.223768 0.746093
vt 0.198876 0.725664
vt 0.213259 0.751477
vt 0.210899 0.754692
vt 0.196601 0.727940
vt 0.225627 0.739963
vt 0.214056 0.754065
vt 0.225627 0.736745
vt 0.222924 0.737009
vt 0.219704 0.751045
vt 0.217977 0.748954
vt 0.196156 0.734373
vt 0.194813 0.730616
vt 0.224999 0.733589
vt 0.193581 0.733589
vt 0.223768 0.730615
vt 0.192954 0.739964
vt 0.195632 0.739698
vt 0.193581 0.743120
vt 0.211142 0.719554
vt 0.210899 0.722016
vt 0.203807 0.756432
vt 0.204525 0.754065
vt 0.203807 0.720277
vt 0.207439 0.757155
vt 0.200386 0.721694
vt 0.225950 0.747260
vt 0.221980 0.748769
vt 0.211142 0.757155
vt 0.197307 0.723751
vt 0.224999 0.743120
vt 0.214774 0.756432
vt 0.194688 0.726370
vt 0.227367 0.743838
vt 0.218195 0.755015
vt 0.217029 0.752833
vt 0.228089 0.740206
vt 0.221274 0.752957
vt 0.192631 0.729449
vt 0.228089 0.736503
vt 0.192954 0.736745
vt 0.191214 0.732871
vt 0.225950 0.729449
vt 0.190492 0.736503
vt 0.223892 0.726370
vt 0.221980 0.727939
vt 0.190492 0.740206
vt 0.191214 0.743839
vt 0.218195 0.721694
vt 0.194688 0.750339
vt 0.196601 0.748769
vt 0.197307 0.752958
vt 0.195170 0.721161
vt 0.228892 0.748838
vt 0.215735 0.759638
vt 0.192087 0.724244
vt 0.231411 0.740533
vt 0.223387 0.755547
vt 0.189665 0.727869
vt 0.230561 0.731897
vt 0.227367 0.732870
vt 0.223892 0.750339
vt 0.187997 0.731897
vt 0.228892 0.727869
vt 0.187146 0.736174
vt 0.226470 0.724243
vt 0.187146 0.740534
vt 0.221274 0.723751
vt 0.192631 0.747260
vt 0.187997 0.744810
vt 0.219762 0.718738
vt 0.192087 0.752464
vt 0.215735 0.717070
vt 0.214774 0.720276
vt 0.195170 0.755547
vt 0.200386 0.755015
vt 0.207099 0.716219
vt 0.207439 0.719554
vt 0.198795 0.757969
vt 0.202823 0.717070
vt 0.202823 0.759638
vt 0.198795 0.718738
vt 0.207099 0.760488
vt 0.188801 0.727411
vt 0.231483 0.731614
vt 0.231411 0.736173
vt 0.226470 0.752463
vt 0.223996 0.756297
vt 0.186172 0.736078
vt 0.229742 0.727410
vt 0.186172 0.740629
vt 0.227214 0.723627
vt 0.187059 0.745092
vt 0.223387 0.721160
vt 0.189665 0.748838
vt 0.220213 0.717881
vt 0.188801 0.749296
vt 0.216009 0.716139
vt 0.194546 0.756297
vt 0.211546 0.715252
vt 0.211459 0.716219
vt 0.198329 0.758826
vt 0.202533 0.760567
vt 0.202533 0.716139
vt 0.229742 0.749296
vt 0.211459 0.760488
vt 0.206996 0.761455
vt 0.198329 0.717881
vt 0.230561 0.744810
vt 0.211546 0.761455
vt 0.194546 0.720409
vt 0.232370 0.740628
vt 0.220213 0.758825
vt 0.219762 0.757969
vt 0.262831 0.868773
vt 0.264960 0.870922
vt 0.262798 0.870970
vt 0.099361 0.880837
vt 0.097162 0.881450
vt 0.099024 0.880206
vt 0.114657 0.887173
vt 0.114485 0.884896
vt 0.115342 0.886965
vt 0.105459 0.900938
vt 0.103289 0.901651
vt 0.103360 0.900938
vt 0.093753 0.889232
vt 0.093476 0.886965
vt 0.094162 0.887173
vt 0.109457 0.880837
vt 0.107726 0.879348
vt 0.109795 0.880206
vt 0.113853 0.895329
vt 0.113241 0.897529
vt 0.112687 0.897075
vt 0.094965 0.895329
vt 0.095578 0.897529
vt 0.094334 0.895667
vt 0.101301 0.880034
vt 0.101093 0.879349
vt 0.115066 0.889232
vt 0.115779 0.889162
vt 0.101301 0.900529
vt 0.101093 0.901214
vt 0.094334 0.884896
vt 0.094965 0.885233
vt 0.111203 0.882004
vt 0.111657 0.881450
vt 0.111203 0.898559
vt 0.109795 0.900357
vt 0.109457 0.899725
vt 0.111657 0.899113
vt 0.094162 0.893390
vt 0.093476 0.893598
vt 0.103360 0.879625
vt 0.103289 0.878912
vt 0.115066 0.891331
vt 0.115779 0.891401
vt 0.099024 0.900357
vt 0.099361 0.899725
vt 0.096132 0.883488
vt 0.095578 0.883034
vt 0.112687 0.883488
vt 0.113241 0.883034
vt 0.107726 0.901214
vt 0.107518 0.900529
vt 0.093040 0.891401
vt 0.093753 0.891331
vt 0.105459 0.879625
vt 0.105529 0.878912
vt 0.114657 0.893390
vt 0.115342 0.893598
vt 0.097616 0.898559
vt 0.097162 0.899113
vt 0.097616 0.882004
vt 0.113853 0.885233
vt 0.105529 0.901651
vt 0.093040 0.889162
vt 0.265342 0.824804
vt 0.263088 0.826975
vt 0.263164 0.824867
vt 0.107518 0.880034
vt 0.096132 0.897075
vt 0.114485 0.895667
vt 0.262831 0.873209
vt 0.264994 0.873191
vt 0.264892 0.771320
vt 0.262752 0.769149
vt 0.264922 0.769115
vt 0.259706 0.788300
vt 0.261964 0.790511
vt 0.259792 0.790487
vt 0.264892 0.766876
vt 0.262722 0.766880
vt 0.259933 0.792537
vt 0.262107 0.792587
vt 0.263190 0.822636
vt 0.265368 0.822602
vt 0.262929 0.875406
vt 0.265093 0.875416
vt 0.265342 0.820362
vt 0.263164 0.820367
vt 0.263088 0.877475
vt 0.265254 0.877512
vt 0.262634 0.764666
vt 0.264805 0.764689
vt 0.262299 0.794445
vt 0.260123 0.794371
vt 0.262491 0.762589
vt 0.264665 0.762639
vt 0.264981 0.830370
vt 0.262965 0.828879
vt 0.265145 0.828764
vt 0.263088 0.818148
vt 0.265267 0.818172
vt 0.263302 0.879337
vt 0.265471 0.879398
vt 0.265145 0.816115
vt 0.262965 0.816065
vt 0.259933 0.779880
vt 0.262299 0.778126
vt 0.262107 0.779765
vt 0.262299 0.760731
vt 0.264475 0.760805
vt 0.263302 0.863260
vt 0.265254 0.864715
vt 0.263088 0.864843
vt 0.264981 0.814271
vt 0.262798 0.814197
vt 0.259792 0.781769
vt 0.261964 0.781679
vt 0.264475 0.776914
vt 0.262491 0.775411
vt 0.264665 0.775296
vt 0.261876 0.783793
vt 0.259706 0.783856
vt 0.265093 0.866601
vt 0.262929 0.866705
vt 0.264994 0.868697
vt 0.262634 0.773497
vt 0.264805 0.773407
vt 0.259676 0.786061
vt 0.261846 0.786027
vt 0.262722 0.771383
vt 0.261876 0.788296
vt 0.265267 0.826885
vt 0.105247 0.788460
vt 0.103000 0.786413
vt 0.104805 0.786235
vt 0.125269 0.777758
vt 0.128129 0.778790
vt 0.126530 0.779645
vt 0.103000 0.783788
vt 0.104805 0.783966
vt 0.129133 0.781214
vt 0.127398 0.781741
vt 0.103512 0.781214
vt 0.105247 0.781741
vt 0.129645 0.783788
vt 0.127841 0.783966
vt 0.104516 0.778790
vt 0.106115 0.779645
vt 0.127841 0.786235
vt 0.129645 0.786413
vt 0.105974 0.776608
vt 0.107376 0.777758
vt 0.127398 0.788460
vt 0.129133 0.788987
vt 0.107830 0.774752
vt 0.108980 0.776154
vt 0.128129 0.791411
vt 0.126530 0.790556
vt 0.110012 0.773294
vt 0.110867 0.774893
vt 0.125269 0.792443
vt 0.126671 0.793593
vt 0.112963 0.774025
vt 0.112436 0.772290
vt 0.124815 0.795449
vt 0.123665 0.794047
vt 0.115188 0.773583
vt 0.115010 0.771778
vt 0.112963 0.796176
vt 0.110012 0.796907
vt 0.110867 0.795308
vt 0.122633 0.796907
vt 0.121778 0.795308
vt 0.117635 0.771778
vt 0.117457 0.773583
vt 0.108980 0.794047
vt 0.107830 0.795449
vt 0.119682 0.796176
vt 0.120209 0.797911
vt 0.119682 0.774025
vt 0.120209 0.772290
vt 0.105974 0.793593
vt 0.107376 0.792443
vt 0.117457 0.796619
vt 0.117635 0.798423
vt 0.122633 0.773294
vt 0.121778 0.774893
vt 0.104516 0.791411
vt 0.106115 0.790556
vt 0.115010 0.798423
vt 0.115188 0.796619
vt 0.123665 0.776154
vt 0.124815 0.774752
vt 0.103512 0.788987
vt 0.112436 0.797911
vt 0.126671 0.776608
vt 0.100756 0.780378
vt 0.101976 0.777432
vt 0.132512 0.783506
vt 0.132512 0.786695
vt 0.103748 0.774781
vt 0.131889 0.789823
vt 0.106003 0.772526
vt 0.130669 0.792769
vt 0.108654 0.770754
vt 0.128897 0.795420
vt 0.111600 0.769534
vt 0.126642 0.797675
vt 0.114728 0.768912
vt 0.108654 0.799447
vt 0.123991 0.799447
vt 0.117917 0.768912
vt 0.106003 0.797675
vt 0.121045 0.800667
vt 0.121045 0.769534
vt 0.103748 0.795420
vt 0.117917 0.801290
vt 0.123991 0.770754
vt 0.101976 0.792769
vt 0.114728 0.801290
vt 0.126642 0.772526
vt 0.100756 0.789823
vt 0.111600 0.800667
vt 0.128897 0.774781
vt 0.100134 0.786695
vt 0.130669 0.777432
vt 0.100134 0.783506
vt 0.131889 0.780378
vt 0.104254 0.770395
vt 0.107355 0.768323
vt 0.133100 0.794068
vt 0.131028 0.797169
vt 0.110800 0.766896
vt 0.128391 0.799806
vt 0.114458 0.766168
vt 0.110800 0.803305
vt 0.107355 0.801878
vt 0.125290 0.801878
vt 0.118187 0.766168
vt 0.104254 0.799806
vt 0.121845 0.803305
vt 0.121845 0.766896
vt 0.101617 0.797169
vt 0.118187 0.804033
vt 0.125290 0.768323
vt 0.099545 0.794068
vt 0.114458 0.804033
vt 0.128391 0.770395
vt 0.098118 0.790623
vt 0.131028 0.773032
vt 0.097390 0.786965
vt 0.133100 0.776133
vt 0.097390 0.783236
vt 0.134527 0.779578
vt 0.098118 0.779578
vt 0.135255 0.783236
vt 0.099545 0.776133
vt 0.135255 0.786965
vt 0.101617 0.773032
vt 0.134527 0.790623
vt 0.114103 0.762561
vt 0.118542 0.762561
vt 0.105646 0.805075
vt 0.101954 0.802608
vt 0.122897 0.806774
vt 0.122897 0.763427
vt 0.098815 0.799469
vt 0.118543 0.807640
vt 0.126999 0.765126
vt 0.096348 0.795777
vt 0.114103 0.807640
vt 0.130691 0.767593
vt 0.094649 0.791675
vt 0.109748 0.806774
vt 0.133830 0.770732
vt 0.093783 0.787320
vt 0.136297 0.774424
vt 0.093783 0.782881
vt 0.137996 0.778526
vt 0.094649 0.778526
vt 0.138862 0.782881
vt 0.096348 0.774424
vt 0.138862 0.787320
vt 0.098815 0.770732
vt 0.137996 0.791675
vt 0.101954 0.767593
vt 0.136297 0.795777
vt 0.105646 0.765126
vt 0.133830 0.799469
vt 0.109748 0.763427
vt 0.130691 0.802608
vt 0.126999 0.805075
vt 0.127351 0.764467
vt 0.131165 0.767015
vt 0.093934 0.791892
vt 0.109531 0.807489
vt 0.134408 0.770258
vt 0.093040 0.787394
vt 0.136956 0.774072
vt 0.093040 0.782807
vt 0.138711 0.778309
vt 0.093934 0.778309
vt 0.139606 0.782807
vt 0.095689 0.774072
vt 0.139606 0.787394
vt 0.098237 0.770259
vt 0.138711 0.791892
vt 0.101480 0.767015
vt 0.136956 0.796129
vt 0.105294 0.764467
vt 0.134408 0.799943
vt 0.109531 0.762712
vt 0.131165 0.803186
vt 0.105294 0.805734
vt 0.127351 0.805734
vt 0.101481 0.803186
vt 0.123114 0.807489
vt 0.123114 0.762712
vt 0.098237 0.799943
vt 0.118616 0.808384
vt 0.095689 0.796129
vt 0.114029 0.808384
vt 0.233219 0.760812
vt 0.244779 0.765257
vt 0.233278 0.765362
vt 0.233042 0.756370
vt 0.244718 0.760672
vt 0.232756 0.752205
vt 0.244541 0.756194
vt 0.232370 0.748478
vt 0.244252 0.751997
vt 0.257088 0.781255
vt 0.245234 0.784517
vt 0.245571 0.781228
vt 0.256754 0.784517
vt 0.244984 0.788366
vt 0.256506 0.788336
vt 0.244830 0.792627
vt 0.256301 0.797039
vt 0.256353 0.792564
vt 0.244830 0.801723
vt 0.244779 0.797137
vt 0.256506 0.806039
vt 0.256353 0.801589
vt 0.256754 0.810218
vt 0.244984 0.806208
vt 0.245571 0.814197
vt 0.245234 0.810420
vt 0.151261 0.844679
vt 0.140154 0.841372
vt 0.151647 0.841391
vt 0.139476 0.848553
vt 0.139765 0.844685
vt 0.150975 0.848517
vt 0.139299 0.852827
vt 0.150739 0.857239
vt 0.150798 0.852758
vt 0.150798 0.861788
vt 0.139239 0.857344
vt 0.150975 0.866231
vt 0.139299 0.861929
vt 0.151261 0.870395
vt 0.139476 0.866406
vt 0.151647 0.874123
vt 0.139765 0.870604
vt 0.232904 0.843935
vt 0.243936 0.847119
vt 0.232469 0.847152
vt 0.233227 0.840152
vt 0.244375 0.843877
vt 0.233427 0.835949
vt 0.244700 0.840065
vt 0.244968 0.831331
vt 0.244901 0.835829
vt 0.233494 0.831487
vt 0.244901 0.826745
vt 0.233227 0.822474
vt 0.233427 0.826937
vt 0.244375 0.818010
vt 0.244700 0.822247
vt 0.232904 0.818269
vt 0.243936 0.814197
vt 0.232370 0.781209
vt 0.244252 0.777915
vt 0.243863 0.781228
vt 0.232756 0.777922
vt 0.244541 0.774047
vt 0.233042 0.774084
vt 0.244718 0.769773
vt 0.233219 0.769843
vt 0.275521 0.772704
vt 0.269014 0.774466
vt 0.269129 0.772705
vt 0.269199 0.770754
vt 0.275593 0.770729
vt 0.275617 0.768638
vt 0.269223 0.768690
vt 0.275593 0.766513
vt 0.269199 0.766591
vt 0.269129 0.764538
vt 0.275521 0.764434
vt 0.275405 0.762481
vt 0.269014 0.762610
vt 0.268860 0.760882
vt 0.275249 0.760731
vt 0.273917 0.807633
vt 0.267719 0.806079
vt 0.274098 0.806098
vt 0.274231 0.804305
vt 0.267851 0.804309
vt 0.274314 0.802323
vt 0.267933 0.802352
vt 0.267960 0.800285
vt 0.274342 0.800230
vt 0.267933 0.798187
vt 0.274314 0.798104
vt 0.274231 0.796029
vt 0.267851 0.796137
vt 0.267719 0.794216
vt 0.274098 0.794083
vt 0.273917 0.792342
vt 0.267541 0.792497
vt 0.272547 0.880177
vt 0.279112 0.878684
vt 0.278911 0.880168
vt 0.272396 0.881944
vt 0.278762 0.881913
vt 0.278670 0.883852
vt 0.272303 0.883908
vt 0.278639 0.885910
vt 0.272271 0.885993
vt 0.278670 0.888009
vt 0.272303 0.888119
vt 0.272396 0.890204
vt 0.278762 0.890068
vt 0.272547 0.892168
vt 0.278911 0.892007
vt 0.272750 0.893936
vt 0.279112 0.893753
vt 0.239694 0.880107
vt 0.245892 0.881661
vt 0.239514 0.881642
vt 0.239380 0.883435
vt 0.245760 0.883431
vt 0.245679 0.885387
vt 0.239298 0.885417
vt 0.245651 0.887455
vt 0.239270 0.887510
vt 0.245679 0.889553
vt 0.239298 0.889636
vt 0.239380 0.891711
vt 0.245760 0.891603
vt 0.239514 0.893657
vt 0.245892 0.893524
vt 0.239694 0.895398
vt 0.246070 0.895243
vt 0.275249 0.776013
vt 0.275405 0.774489
vt 0.211658 0.861924
vt 0.210667 0.862821
vt 0.211063 0.861325
vt 0.184804 0.871185
vt 0.184522 0.871637
vt 0.184522 0.870409
vt 0.212777 0.865461
vt 0.212318 0.865826
vt 0.212264 0.864517
vt 0.213332 0.861848
vt 0.212865 0.863607
vt 0.212582 0.862552
vt 0.212214 0.860472
vt 0.183047 0.841576
vt 0.182762 0.841323
vt 0.182782 0.840238
vt 0.180802 0.863869
vt 0.180866 0.862658
vt 0.181363 0.863304
vt 0.212377 0.863516
vt 0.212894 0.861617
vt 0.180771 0.865470
vt 0.181322 0.864286
vt 0.167823 0.907163
vt 0.168162 0.906954
vt 0.167505 0.908177
vt 0.180962 0.861555
vt 0.181423 0.862380
vt 0.168819 0.908746
vt 0.268736 0.820742
vt 0.268987 0.820339
vt 0.268910 0.821464
vt 0.268757 0.819511
vt 0.268353 0.820298
vt 0.268493 0.816891
vt 0.268860 0.817220
vt 0.268797 0.818294
vt 0.269075 0.816924
vt 0.269013 0.818352
vt 0.268382 0.819142
vt 0.268957 0.819166
vt 0.214446 0.861634
vt 0.213974 0.862936
vt 0.213376 0.863325
vt 0.214041 0.861392
vt 0.213761 0.864017
vt 0.213719 0.865118
vt 0.213262 0.865721
vt 0.181565 0.863743
vt 0.168767 0.908961
vt 0.167817 0.908577
vt 0.181616 0.862811
vt 0.165791 0.906772
vt 0.166933 0.908055
vt 0.211206 0.864176
vt 0.211677 0.865309
vt 0.211200 0.865513
vt 0.167311 0.906342
vt 0.167219 0.906726
vt 0.167065 0.904262
vt 0.168046 0.906228
vt 0.167655 0.906133
vt 0.168252 0.906568
vt 0.228185 0.869297
vt 0.228762 0.868199
vt 0.229207 0.868461
vt 0.225575 0.870456
vt 0.226713 0.869319
vt 0.226294 0.870154
vt 0.226616 0.873157
vt 0.227568 0.872392
vt 0.227399 0.873520
vt 0.228598 0.872509
vt 0.227264 0.870520
vt 0.228591 0.869625
vt 0.226083 0.871570
vt 0.226852 0.871609
vt 0.226072 0.872203
vt 0.185633 0.853814
vt 0.185112 0.853529
vt 0.185219 0.852569
vt 0.230292 0.870628
vt 0.230264 0.870223
vt 0.230891 0.869191
vt 0.274342 0.793767
vt 0.274509 0.793616
vt 0.274607 0.794949
vt 0.274899 0.793582
vt 0.274430 0.792711
vt 0.228757 0.872550
vt 0.229639 0.871316
vt 0.226055 0.871041
vt 0.227801 0.869067
vt 0.278130 0.815518
vt 0.278332 0.815159
vt 0.278430 0.816341
vt 0.184974 0.852814
vt 0.176159 0.898578
vt 0.176301 0.898404
vt 0.176978 0.899540
vt 0.184859 0.853773
vt 0.177114 0.900385
vt 0.177355 0.900528
vt 0.186108 0.864322
vt 0.186108 0.864840
vt 0.185913 0.864796
vt 0.227792 0.870681
vt 0.228611 0.871447
vt 0.229342 0.870453
vt 0.229501 0.869229
vt 0.230016 0.869299
vt 0.175991 0.900336
vt 0.175584 0.900301
vt 0.173121 0.900002
vt 0.174919 0.897282
vt 0.175284 0.900588
vt 0.176226 0.900966
vt 0.176239 0.900604
vt 0.279081 0.819413
vt 0.279066 0.818332
vt 0.279366 0.818848
vt 0.279023 0.817007
vt 0.279334 0.817752
vt 0.224763 0.872380
vt 0.221743 0.874799
vt 0.222921 0.874649
vt 0.222241 0.875505
vt 0.223837 0.875222
vt 0.278535 0.818839
vt 0.278519 0.817614
vt 0.225218 0.872719
vt 0.224311 0.873123
vt 0.223235 0.872941
vt 0.223368 0.873433
vt 0.222069 0.873678
vt 0.274995 0.794983
vt 0.275064 0.796436
vt 0.274664 0.796118
vt 0.226483 0.874281
vt 0.226370 0.874079
vt 0.274519 0.797283
vt 0.274421 0.796200
vt 0.274710 0.797290
vt 0.275123 0.799664
vt 0.275111 0.801247
vt 0.274740 0.800452
vt 0.275107 0.798018
vt 0.274733 0.798858
vt 0.274557 0.798873
vt 0.223519 0.871867
vt 0.223991 0.872207
vt 0.221963 0.872716
vt 0.224541 0.871432
vt 0.221072 0.872275
vt 0.222455 0.872151
vt 0.225475 0.870847
vt 0.177068 0.904621
vt 0.177453 0.904056
vt 0.177144 0.905021
vt 0.278321 0.818910
vt 0.278549 0.819854
vt 0.278231 0.816689
vt 0.177441 0.902750
vt 0.278294 0.817902
vt 0.139135 0.871271
vt 0.139235 0.871661
vt 0.139021 0.871661
vt 0.225455 0.873820
vt 0.225858 0.874127
vt 0.225365 0.874683
vt 0.226204 0.872840
vt 0.174186 0.901815
vt 0.175469 0.901174
vt 0.175923 0.901271
vt 0.183134 0.869171
vt 0.183416 0.868625
vt 0.183416 0.869909
vt 0.181196 0.872459
vt 0.181486 0.871976
vt 0.181486 0.873026
vt 0.216701 0.873785
vt 0.217721 0.874969
vt 0.216800 0.874651
vt 0.220405 0.874793
vt 0.220273 0.875526
vt 0.219092 0.875342
vt 0.279072 0.820772
vt 0.218919 0.872923
vt 0.218793 0.873412
vt 0.217540 0.872976
vt 0.220134 0.873152
vt 0.219761 0.873620
vt 0.278964 0.822874
vt 0.278237 0.822480
vt 0.278506 0.821891
vt 0.279019 0.821984
vt 0.278384 0.823258
vt 0.274704 0.802048
vt 0.274472 0.801647
vt 0.274549 0.800494
vt 0.275082 0.802491
vt 0.274959 0.805153
vt 0.274858 0.806495
vt 0.274498 0.806160
vt 0.275039 0.803663
vt 0.274582 0.805082
vt 0.274651 0.803609
vt 0.274360 0.804886
vt 0.274440 0.803585
vt 0.274513 0.802443
vt 0.219369 0.872581
vt 0.217462 0.872373
vt 0.218639 0.871847
vt 0.219751 0.872145
vt 0.221624 0.873206
vt 0.216958 0.871579
vt 0.217322 0.871236
vt 0.174332 0.908098
vt 0.176185 0.906368
vt 0.175670 0.907285
vt 0.278524 0.820894
vt 0.278300 0.821182
vt 0.278324 0.819921
vt 0.176556 0.906172
vt 0.220740 0.873725
vt 0.216766 0.873268
vt 0.216462 0.872860
vt 0.221542 0.874318
vt 0.185627 0.868571
vt 0.185552 0.869072
vt 0.185366 0.869053
vt 0.174328 0.906356
vt 0.216027 0.869882
vt 0.216642 0.870433
vt 0.216264 0.870459
vt 0.215219 0.870773
vt 0.215322 0.871569
vt 0.214604 0.870865
vt 0.217331 0.870928
vt 0.215486 0.869680
vt 0.172204 0.908936
vt 0.173859 0.907182
vt 0.216164 0.871585
vt 0.216374 0.872353
vt 0.214185 0.869542
vt 0.278877 0.823715
vt 0.278252 0.824198
vt 0.180970 0.870250
vt 0.180892 0.869351
vt 0.181451 0.869748
vt 0.181040 0.870881
vt 0.181576 0.870719
vt 0.274405 0.807179
vt 0.216382 0.874616
vt 0.215259 0.873992
vt 0.215783 0.874039
vt 0.214760 0.873467
vt 0.274761 0.807464
vt 0.268470 0.826293
vt 0.268854 0.826240
vt 0.268929 0.827317
vt 0.269062 0.826540
vt 0.269169 0.827603
vt 0.269010 0.828292
vt 0.268710 0.829054
vt 0.269124 0.829255
vt 0.269307 0.828734
vt 0.182754 0.871999
vt 0.182473 0.871651
vt 0.182754 0.870881
vt 0.182426 0.871231
vt 0.215336 0.870230
vt 0.213997 0.868314
vt 0.214656 0.868502
vt 0.218262 0.871419
vt 0.181675 0.869654
vt 0.181403 0.869042
vt 0.278153 0.823309
vt 0.174899 0.907943
vt 0.173797 0.908601
vt 0.278029 0.824221
vt 0.172809 0.908989
vt 0.181763 0.870500
vt 0.216297 0.874088
vt 0.213972 0.870096
vt 0.213034 0.871831
vt 0.212842 0.870386
vt 0.214054 0.872830
vt 0.215546 0.873111
vt 0.179073 0.865810
vt 0.178876 0.865766
vt 0.170239 0.909053
vt 0.173435 0.906565
vt 0.173494 0.906977
vt 0.174216 0.907093
vt 0.173617 0.906288
vt 0.174409 0.906783
vt 0.172467 0.905416
vt 0.211326 0.866737
vt 0.211745 0.868081
vt 0.210782 0.867594
vt 0.180741 0.860602
vt 0.180741 0.861989
vt 0.180451 0.861393
vt 0.184806 0.862507
vt 0.184806 0.863872
vt 0.184521 0.862976
vt 0.213270 0.868990
vt 0.210494 0.865988
vt 0.180814 0.868190
vt 0.181361 0.868323
vt 0.181328 0.867305
vt 0.180773 0.866856
vt 0.181301 0.866298
vt 0.213453 0.868165
vt 0.212745 0.867771
vt 0.213058 0.867035
vt 0.212479 0.866817
vt 0.269079 0.825781
vt 0.268796 0.825103
vt 0.268339 0.821585
vt 0.268722 0.822274
vt 0.268352 0.823209
vt 0.268749 0.823909
vt 0.268919 0.823095
vt 0.268971 0.824659
vt 0.214106 0.867246
vt 0.213828 0.866169
vt 0.181521 0.865753
vt 0.181302 0.865307
vt 0.171500 0.909256
vt 0.181590 0.868465
vt 0.169982 0.909237
vt 0.185930 0.870445
vt 0.186139 0.870787
vt 0.185930 0.870851
vt 0.212178 0.869225
vt 0.214616 0.857334
vt 0.213661 0.858371
vt 0.213598 0.857309
vt 0.214043 0.860446
vt 0.213305 0.860697
vt 0.185085 0.872539
vt 0.184807 0.872987
vt 0.184807 0.872010
vt 0.214813 0.859403
vt 0.214431 0.859083
vt 0.215365 0.858151
vt 0.215730 0.860183
vt 0.215338 0.860239
vt 0.216273 0.859275
vt 0.215614 0.856613
vt 0.214857 0.856242
vt 0.181073 0.860602
vt 0.181599 0.860765
vt 0.181504 0.861501
vt 0.278328 0.840414
vt 0.278236 0.839281
vt 0.278783 0.839456
vt 0.213823 0.859861
vt 0.212517 0.858562
vt 0.215741 0.858492
vt 0.216433 0.857353
vt 0.278732 0.838514
vt 0.268605 0.815503
vt 0.269027 0.815161
vt 0.268934 0.816108
vt 0.211773 0.859447
vt 0.211970 0.859560
vt 0.211523 0.860222
vt 0.268743 0.814256
vt 0.266703 0.844164
vt 0.266607 0.843072
vt 0.266996 0.843108
vt 0.266822 0.845257
vt 0.267122 0.844481
vt 0.267239 0.845478
vt 0.267381 0.845070
vt 0.267363 0.846347
vt 0.212479 0.858375
vt 0.213219 0.857505
vt 0.216484 0.858504
vt 0.215186 0.859663
vt 0.216706 0.857793
vt 0.164647 0.904793
vt 0.164409 0.904756
vt 0.164062 0.903269
vt 0.278934 0.838314
vt 0.279021 0.839658
vt 0.164942 0.905889
vt 0.279117 0.840612
vt 0.278856 0.840289
vt 0.181682 0.861986
vt 0.212888 0.859317
vt 0.211916 0.860071
vt 0.173748 0.900794
vt 0.167499 0.902937
vt 0.167616 0.903459
vt 0.219263 0.855097
vt 0.217917 0.855516
vt 0.218464 0.854551
vt 0.219042 0.856793
vt 0.218223 0.856517
vt 0.219499 0.856178
vt 0.220487 0.854971
vt 0.219975 0.854282
vt 0.183037 0.871569
vt 0.182759 0.872250
vt 0.182759 0.871165
vt 0.278172 0.838079
vt 0.278137 0.836801
vt 0.278677 0.837590
vt 0.278661 0.836003
vt 0.278663 0.836798
vt 0.220540 0.856546
vt 0.220483 0.856053
vt 0.217809 0.857211
vt 0.165451 0.900564
vt 0.165477 0.900961
vt 0.164315 0.901390
vt 0.278119 0.835533
vt 0.278663 0.834964
vt 0.267213 0.842581
vt 0.267231 0.843658
vt 0.266915 0.841896
vt 0.266420 0.838707
vt 0.266414 0.837533
vt 0.266800 0.837895
vt 0.266508 0.841531
vt 0.266443 0.839928
vt 0.266859 0.840787
vt 0.267016 0.839828
vt 0.267080 0.841412
vt 0.218065 0.857591
vt 0.218178 0.858077
vt 0.217161 0.858616
vt 0.220014 0.857070
vt 0.221214 0.857464
vt 0.219554 0.857631
vt 0.278884 0.836843
vt 0.164268 0.903120
vt 0.164055 0.901743
vt 0.164331 0.900442
vt 0.278871 0.835515
vt 0.215558 0.856117
vt 0.215859 0.855699
vt 0.217308 0.856888
vt 0.216775 0.855950
vt 0.220687 0.855445
vt 0.221153 0.855643
vt 0.216026 0.856923
vt 0.180349 0.871518
vt 0.180242 0.871127
vt 0.180459 0.871127
vt 0.165779 0.901225
vt 0.224406 0.855482
vt 0.223031 0.855173
vt 0.223906 0.854582
vt 0.223953 0.858326
vt 0.222945 0.857976
vt 0.223909 0.858010
vt 0.138971 0.862756
vt 0.138971 0.864109
vt 0.138681 0.863188
vt 0.223307 0.856820
vt 0.222790 0.856192
vt 0.224072 0.856534
vt 0.225529 0.855985
vt 0.225450 0.855137
vt 0.166413 0.897563
vt 0.165708 0.900263
vt 0.165029 0.899288
vt 0.278136 0.834241
vt 0.278693 0.833431
vt 0.278872 0.834337
vt 0.278182 0.832955
vt 0.278741 0.832256
vt 0.222346 0.854292
vt 0.222044 0.856584
vt 0.221488 0.856028
vt 0.266805 0.836645
vt 0.266993 0.837114
vt 0.266432 0.836291
vt 0.266659 0.832302
vt 0.267048 0.832338
vt 0.266931 0.833622
vt 0.266543 0.833705
vt 0.266859 0.835103
vt 0.267071 0.834461
vt 0.266465 0.835190
vt 0.223745 0.857452
vt 0.224472 0.857240
vt 0.222569 0.857617
vt 0.222031 0.857031
vt 0.225111 0.858078
vt 0.138983 0.866745
vt 0.138983 0.868046
vt 0.138691 0.867135
vt 0.165857 0.897821
vt 0.166635 0.897112
vt 0.164762 0.899338
vt 0.165198 0.898649
vt 0.278954 0.832586
vt 0.278909 0.833558
vt 0.220689 0.854514
vt 0.221161 0.854224
vt 0.221824 0.854977
vt 0.184805 0.870420
vt 0.184896 0.869925
vt 0.185070 0.869940
vt 0.166408 0.900494
vt 0.166109 0.900235
vt 0.167994 0.896511
vt 0.166438 0.900893
vt 0.168089 0.900504
vt 0.168602 0.899952
vt 0.225535 0.857799
vt 0.225295 0.857068
vt 0.224939 0.858846
vt 0.225070 0.858621
vt 0.225967 0.859283
vt 0.229388 0.859384
vt 0.228623 0.858433
vt 0.229768 0.858636
vt 0.278310 0.831109
vt 0.278841 0.831263
vt 0.185515 0.843196
vt 0.185652 0.844198
vt 0.185102 0.844067
vt 0.185175 0.844894
vt 0.226762 0.858722
vt 0.226399 0.857779
vt 0.227813 0.859903
vt 0.227402 0.858653
vt 0.170141 0.897294
vt 0.169808 0.895946
vt 0.185754 0.845301
vt 0.226180 0.855335
vt 0.226449 0.855743
vt 0.182851 0.842379
vt 0.183332 0.842386
vt 0.182851 0.843127
vt 0.266765 0.831415
vt 0.276691 0.815508
vt 0.276805 0.816901
vt 0.276396 0.816607
vt 0.276548 0.814207
vt 0.276301 0.815486
vt 0.228173 0.856689
vt 0.228745 0.857425
vt 0.227537 0.856366
vt 0.266889 0.830516
vt 0.267263 0.830586
vt 0.267381 0.831160
vt 0.226776 0.859372
vt 0.227974 0.860997
vt 0.226929 0.860288
vt 0.184969 0.845021
vt 0.185035 0.845672
vt 0.279117 0.830735
vt 0.279018 0.831698
vt 0.167719 0.896410
vt 0.278909 0.830516
vt 0.168897 0.895945
vt 0.184859 0.844012
vt 0.186118 0.866663
vt 0.185921 0.866185
vt 0.186118 0.866153
vt 0.228265 0.859661
vt 0.227677 0.857389
vt 0.229074 0.859793
vt 0.229134 0.860295
vt 0.225463 0.856496
vt 0.170304 0.897658
vt 0.185883 0.848619
vt 0.186149 0.847431
vt 0.186172 0.848818
vt 0.228479 0.860956
vt 0.229367 0.863606
vt 0.228983 0.862108
vt 0.229671 0.862623
vt 0.185814 0.846256
vt 0.186093 0.846110
vt 0.231030 0.864257
vt 0.230880 0.863080
vt 0.231721 0.863682
vt 0.231428 0.862121
vt 0.185301 0.846305
vt 0.170651 0.896757
vt 0.171847 0.895941
vt 0.185863 0.847277
vt 0.185308 0.847562
vt 0.228965 0.860776
vt 0.229916 0.863922
vt 0.173496 0.896442
vt 0.171024 0.896897
vt 0.276464 0.817687
vt 0.276201 0.817431
vt 0.276190 0.816366
vt 0.276876 0.818085
vt 0.276929 0.819262
vt 0.276970 0.820835
vt 0.276577 0.820482
vt 0.276404 0.821633
vt 0.276384 0.820046
vt 0.276598 0.821718
vt 0.276546 0.819232
vt 0.276320 0.818553
vt 0.228186 0.862668
vt 0.228654 0.862580
vt 0.229020 0.864855
vt 0.227653 0.861409
vt 0.178592 0.871253
vt 0.178874 0.870870
vt 0.178874 0.872083
vt 0.172127 0.895784
vt 0.173305 0.896129
vt 0.185133 0.849314
vt 0.185127 0.848087
vt 0.185363 0.848872
vt 0.170861 0.895662
vt 0.185088 0.846836
vt 0.229888 0.859332
vt 0.230308 0.859635
vt 0.229364 0.861671
vt 0.230051 0.860545
vt 0.182381 0.843021
vt 0.182195 0.843026
vt 0.182195 0.842510
vt 0.230552 0.864454
vt 0.230352 0.864918
vt 0.178883 0.870078
vt 0.178875 0.869677
vt 0.179084 0.869733
vt 0.171047 0.897637
vt 0.171188 0.897263
vt 0.230520 0.868175
vt 0.230828 0.866801
vt 0.231431 0.867648
vt 0.229451 0.865224
vt 0.227423 0.868214
vt 0.227858 0.867216
vt 0.227864 0.867904
vt 0.185854 0.850906
vt 0.185884 0.849886
vt 0.186163 0.849964
vt 0.179959 0.873000
vt 0.180246 0.872306
vt 0.185341 0.850204
vt 0.229959 0.865242
vt 0.229856 0.866232
vt 0.229244 0.866763
vt 0.229650 0.867216
vt 0.185805 0.851889
vt 0.185297 0.851414
vt 0.276974 0.823240
vt 0.276586 0.823374
vt 0.276342 0.822872
vt 0.276384 0.824034
vt 0.276840 0.826734
vt 0.276763 0.827762
vt 0.276432 0.827058
vt 0.276905 0.825577
vt 0.276498 0.825990
vt 0.276546 0.824936
vt 0.276337 0.825522
vt 0.276251 0.826976
vt 0.276946 0.824495
vt 0.228655 0.867153
vt 0.228509 0.865181
vt 0.228466 0.864030
vt 0.175458 0.897479
vt 0.185053 0.851753
vt 0.174430 0.896684
vt 0.185111 0.850547
vt 0.231024 0.865595
vt 0.185068 0.867624
vt 0.184989 0.868120
vt 0.184805 0.868104
vt 0.181763 0.825106
vt 0.181763 0.823931
vt 0.182037 0.823963
vt 0.139031 0.854587
vt 0.139239 0.855599
vt 0.138967 0.855558
vt 0.182158 0.824512
vt 0.182038 0.823587
vt 0.182040 0.832063
vt 0.182040 0.833230
vt 0.181763 0.833167
vt 0.167510 0.901910
vt 0.166177 0.901195
vt 0.230314 0.869707
vt 0.230354 0.860147
vt 0.230919 0.860684
vt 0.170290 0.896919
vt 0.220603 0.875260
vt 0.170976 0.899056
vt 0.169935 0.899188
vt 0.216373 0.855652
vt 0.216942 0.855068
vt 0.173984 0.903662
vt 0.174198 0.902645
vt 0.171875 0.899276
vt 0.175289 0.900913
vt 0.225934 0.855691
vt 0.169080 0.899595
vt 0.167872 0.904164
vt 0.213156 0.869970
vt 0.221627 0.854518
vt 0.221159 0.854322
vt 0.213095 0.869465
vt 0.215486 0.873615
vt 0.225767 0.856900
vt 0.212275 0.870863
vt 0.212343 0.870446
vt 0.211922 0.870146
vt 0.212728 0.860534
vt 0.213134 0.860228
vt 0.167653 0.901360
vt 0.231487 0.865401
vt 0.231721 0.866106
vt 0.169606 0.905656
vt 0.226673 0.873661
vt 0.225700 0.872898
vt 0.178983 0.866824
vt 0.179075 0.866319
vt 0.173526 0.904590
vt 0.210739 0.865316
vt 0.210526 0.864846
vt 0.210743 0.864377
vt 0.210515 0.863664
vt 0.229842 0.870518
vt 0.216529 0.856861
vt 0.231491 0.864463
vt 0.226745 0.856163
vt 0.226684 0.856659
vt 0.229095 0.869531
vt 0.211877 0.869631
vt 0.211312 0.869100
vt 0.170447 0.905819
vt 0.212389 0.859260
vt 0.221076 0.874117
vt 0.231705 0.864934
vt 0.221542 0.875264
vt 0.221071 0.875479
vt 0.167427 0.907067
vt 0.211877 0.864842
vt 0.182104 0.811684
vt 0.182125 0.811410
vt 0.182125 0.812379
vt 0.182196 0.826100
vt 0.182182 0.826598
vt 0.182049 0.810407
vt 0.182083 0.809727
vt 0.182116 0.822943
vt 0.182095 0.823506
vt 0.182095 0.822545
vt 0.182200 0.831008
vt 0.182184 0.831409
vt 0.171246 0.905809
vt 0.171887 0.905666
vt 0.171455 0.905849
vt 0.182126 0.822054
vt 0.182158 0.821534
vt 0.167785 0.903887
vt 0.167992 0.904274
vt 0.182075 0.831066
vt 0.182090 0.831416
vt 0.182075 0.831920
vt 0.182105 0.814340
vt 0.182049 0.813647
vt 0.182163 0.814396
vt 0.182195 0.835517
vt 0.182181 0.835778
vt 0.182200 0.820611
vt 0.182166 0.820158
vt 0.182100 0.833054
vt 0.182077 0.833435
vt 0.182077 0.832685
vt 0.182175 0.833350
vt 0.182105 0.833759
vt 0.168838 0.905199
vt 0.182426 0.872767
vt 0.182144 0.873042
vt 0.182144 0.871999
vt 0.214402 0.862444
vt 0.214959 0.861253
vt 0.138696 0.866016
vt 0.138983 0.865430
vt 0.232098 0.859859
vt 0.231811 0.858547
vt 0.232098 0.858231
vt 0.269148 0.815896
vt 0.268433 0.817942
vt 0.166145 0.907412
vt 0.165490 0.906693
vt 0.181533 0.864735
vt 0.211682 0.864376
vt 0.168265 0.904650
vt 0.178592 0.872819
vt 0.178884 0.872083
vt 0.178884 0.873008
vt 0.227182 0.869123
vt 0.278892 0.815501
vt 0.278743 0.814197
vt 0.185733 0.852817
vt 0.278184 0.814211
vt 0.276324 0.828313
vt 0.276639 0.828973
vt 0.274428 0.795101
vt 0.274779 0.792342
vt 0.229542 0.871671
vt 0.276216 0.829244
vt 0.276063 0.828910
vt 0.177614 0.901804
vt 0.278029 0.814655
vt 0.229031 0.870035
vt 0.224294 0.874295
vt 0.279367 0.820233
vt 0.279281 0.816674
vt 0.224191 0.871332
vt 0.177614 0.903057
vt 0.179063 0.862165
vt 0.178874 0.861653
vt 0.179063 0.861641
vt 0.185366 0.871912
vt 0.185645 0.872427
vt 0.185366 0.872925
vt 0.180470 0.867339
vt 0.180756 0.868031
vt 0.180470 0.868628
vt 0.183421 0.871215
vt 0.183707 0.870881
vt 0.183707 0.872088
vt 0.274342 0.805751
vt 0.138681 0.861382
vt 0.138972 0.862172
vt 0.138681 0.862756
vt 0.185627 0.869497
vt 0.185443 0.868558
vt 0.173920 0.906178
vt 0.215341 0.869070
vt 0.232087 0.868662
vt 0.231802 0.869272
vt 0.231802 0.867987
vt 0.278795 0.824315
vt 0.268578 0.827759
vt 0.213396 0.872478
vt 0.214337 0.873319
vt 0.269234 0.830050
vt 0.268818 0.829868
vt 0.178875 0.867326
vt 0.179076 0.867750
vt 0.178875 0.867807
vt 0.215960 0.872797
vt 0.182762 0.842379
vt 0.185362 0.865147
vt 0.185087 0.865644
vt 0.185087 0.864322
vt 0.182040 0.871470
vt 0.181763 0.870881
vt 0.268396 0.824776
vt 0.138986 0.870596
vt 0.138698 0.869754
vt 0.138986 0.869330
vt 0.181532 0.866998
vt 0.183515 0.840238
vt 0.183515 0.840783
vt 0.183332 0.840731
vt 0.216735 0.859228
vt 0.269307 0.814389
vt 0.269139 0.814197
vt 0.214093 0.856664
vt 0.266996 0.846497
vt 0.181763 0.861241
vt 0.139158 0.869570
vt 0.139235 0.870031
vt 0.139030 0.870031
vt 0.184804 0.870409
vt 0.184507 0.869852
vt 0.184801 0.860240
vt 0.184521 0.861121
vt 0.184521 0.859694
vt 0.138967 0.857639
vt 0.138696 0.858368
vt 0.138696 0.856700
vt 0.183418 0.866022
vt 0.183124 0.865546
vt 0.266811 0.839178
vt 0.266992 0.838294
vt 0.183414 0.867336
vt 0.183124 0.866650
vt 0.183414 0.866022
vt 0.183513 0.841871
vt 0.183513 0.842415
vt 0.183332 0.842364
vt 0.180741 0.865664
vt 0.180465 0.866025
vt 0.180465 0.864707
vt 0.232080 0.870207
vt 0.231802 0.870542
vt 0.278236 0.832008
vt 0.267017 0.835955
vt 0.267175 0.833025
vt 0.226046 0.859703
vt 0.226903 0.860698
vt 0.267326 0.832135
vt 0.276164 0.814215
vt 0.276063 0.815027
vt 0.229301 0.857816
vt 0.169628 0.895753
vt 0.186010 0.869546
vt 0.186138 0.869084
vt 0.230526 0.861707
vt 0.182762 0.863362
vt 0.183045 0.863543
vt 0.182762 0.864711
vt 0.230686 0.859846
vt 0.276980 0.822099
vt 0.185637 0.865644
vt 0.185637 0.866677
vt 0.185366 0.866650
vt 0.229537 0.860603
vt 0.182384 0.842496
vt 0.179084 0.870115
vt 0.170682 0.897796
vt 0.179395 0.871267
vt 0.179677 0.870721
vt 0.186121 0.851362
vt 0.228313 0.866619
vt 0.185068 0.868553
vt 0.230548 0.865387
vt 0.184887 0.867612
vt 0.182485 0.842496
vt 0.182209 0.841436
vt 0.182485 0.841424
vt 0.182386 0.840238
vt 0.181843 0.822733
vt 0.232195 0.856361
vt 0.232371 0.857411
vt 0.232098 0.857316
vt 0.232098 0.858240
vt 0.138967 0.856715
vt 0.182043 0.829217
vt 0.182158 0.829298
vt 0.182041 0.813185
vt 0.181763 0.811974
vt 0.182041 0.811934
vt 0.181953 0.810784
vt 0.181957 0.834354
vt 0.184857 0.851753
vt 0.184586 0.850779
vt 0.184859 0.850731
vt 0.184779 0.849615
vt 0.172330 0.899460
vt 0.186010 0.868616
vt 0.185926 0.868147
vt 0.186135 0.868147
vt 0.213198 0.859728
vt 0.226269 0.856966
vt 0.212693 0.869160
vt 0.225393 0.873303
vt 0.216836 0.856460
vt 0.220609 0.874314
vt 0.221620 0.855449
vt 0.184805 0.869492
vt 0.182169 0.825614
vt 0.182162 0.819814
vt 0.182061 0.820488
vt 0.182098 0.819893
vt 0.182200 0.819131
vt 0.182167 0.818593
vt 0.182181 0.814974
vt 0.182167 0.814451
vt 0.182092 0.831440
vt 0.182106 0.831066
vt 0.182105 0.837282
vt 0.182089 0.837526
vt 0.182061 0.819378
vt 0.182061 0.820391
vt 0.182042 0.820012
vt 0.173993 0.901328
vt 0.174146 0.901904
vt 0.182139 0.837033
vt 0.182105 0.836635
vt 0.182139 0.836338
vt 0.182142 0.832597
vt 0.182106 0.832119
vt 0.182157 0.832319
vt 0.182142 0.832589
vt 0.182182 0.827952
vt 0.182196 0.828322
vt 0.182182 0.828816
vt 0.182105 0.835275
vt 0.182044 0.835561
vt 0.182044 0.834832
vt 0.267661 0.829055
vt 0.267556 0.815504
vt 0.265656 0.844179
vt 0.276162 0.801251
vt 0.265560 0.843087
vt 0.276047 0.794987
vt 0.267529 0.827760
vt 0.265461 0.841546
vt 0.277889 0.826724
vt 0.267444 0.816892
vt 0.265842 0.830531
vt 0.265419 0.835205
vt 0.265386 0.836306
vt 0.277977 0.819252
vt 0.267333 0.819144
vt 0.267290 0.821586
vt 0.265397 0.839943
vt 0.267304 0.820299
vt 0.277925 0.818074
vt 0.267421 0.826294
vt 0.277954 0.825567
vt 0.265612 0.832317
vt 0.276133 0.802495
vt 0.276159 0.798022
vt 0.275950 0.793586
vt 0.267384 0.817943
vt 0.277688 0.828963
vt 0.276115 0.796440
vt 0.277995 0.824484
vt 0.265368 0.837548
vt 0.275909 0.806499
vt 0.265719 0.831430
vt 0.265497 0.833719
vt 0.277854 0.816891
vt 0.267347 0.824777
vt 0.278019 0.820825
vt 0.276011 0.805156
vt 0.278029 0.822088
vt 0.275812 0.807468
vt 0.277812 0.827751
vt 0.278023 0.823229
vt 0.265373 0.838722
vt 0.277740 0.815497
vt 0.267694 0.814257
vt 0.265775 0.845272
vt 0.276091 0.803667
vt 0.276175 0.799667
vt 0.267303 0.823210
vt 0.178699 0.851579
vt 0.176551 0.849211
vt 0.178726 0.849223
vt 0.095644 0.861637
vt 0.095755 0.858996
vt 0.096825 0.859870
vt 0.102060 0.877128
vt 0.099440 0.877527
vt 0.100096 0.876314
vt 0.117362 0.865551
vt 0.116000 0.867813
vt 0.116000 0.865687
vt 0.102060 0.856372
vt 0.104003 0.854587
vt 0.104145 0.855957
vt 0.095644 0.871862
vt 0.093507 0.870297
vt 0.094831 0.869898
vt 0.112953 0.876196
vt 0.110320 0.876314
vt 0.112087 0.875133
vt 0.110320 0.857185
vt 0.112954 0.857302
vt 0.112087 0.858366
vt 0.094831 0.863601
vt 0.094424 0.860988
vt 0.104145 0.877542
vt 0.101653 0.878444
vt 0.115585 0.863601
vt 0.100096 0.857185
vt 0.101654 0.855054
vt 0.096825 0.873630
vt 0.094424 0.872510
vt 0.115978 0.872510
vt 0.113590 0.873630
vt 0.114772 0.871862
vt 0.108748 0.855054
vt 0.108356 0.856372
vt 0.093040 0.865551
vt 0.094416 0.865687
vt 0.106271 0.877542
vt 0.104003 0.878912
vt 0.114772 0.861637
vt 0.116895 0.863201
vt 0.097449 0.857302
vt 0.098329 0.858366
vt 0.097448 0.876196
vt 0.098328 0.875133
vt 0.115585 0.869898
vt 0.106399 0.854587
vt 0.106271 0.855957
vt 0.094416 0.867813
vt 0.108748 0.878444
vt 0.108356 0.877128
vt 0.113591 0.859870
vt 0.115978 0.860988
vt 0.116895 0.870297
vt 0.260140 0.825611
vt 0.257867 0.827820
vt 0.257971 0.825607
vt 0.176551 0.854010
vt 0.178726 0.853975
vt 0.184413 0.852175
vt 0.182209 0.854547
vt 0.182241 0.852188
vt 0.179238 0.821593
vt 0.181316 0.819193
vt 0.181409 0.821532
vt 0.182209 0.849793
vt 0.179390 0.823808
vt 0.181560 0.823725
vt 0.260175 0.823238
vt 0.258007 0.823258
vt 0.176633 0.856376
vt 0.178806 0.856318
vt 0.257971 0.820863
vt 0.176765 0.858599
vt 0.178937 0.858518
vt 0.182116 0.847454
vt 0.184381 0.849756
vt 0.181763 0.825687
vt 0.184135 0.845178
vt 0.181966 0.845261
vt 0.259862 0.829858
vt 0.257467 0.831505
vt 0.257696 0.829812
vt 0.257867 0.818513
vt 0.260140 0.820818
vt 0.179113 0.860491
vt 0.259862 0.816209
vt 0.257696 0.816299
vt 0.181560 0.810185
vt 0.179596 0.808384
vt 0.181763 0.808455
vt 0.183930 0.843196
vt 0.181763 0.843299
vt 0.176765 0.844931
vt 0.179113 0.843269
vt 0.178937 0.844987
vt 0.257467 0.814307
vt 0.179238 0.812173
vt 0.181409 0.812206
vt 0.181966 0.858800
vt 0.183930 0.860602
vt 0.181763 0.860531
vt 0.181316 0.814439
vt 0.178806 0.846997
vt 0.176633 0.846962
vt 0.184287 0.856813
vt 0.182116 0.856780
vt 0.181285 0.816798
vt 0.179144 0.814428
vt 0.179113 0.816811
vt 0.260034 0.827846
vt 0.128226 0.825020
vt 0.127950 0.827901
vt 0.127024 0.825666
vt 0.102486 0.832829
vt 0.103854 0.830275
vt 0.103854 0.832695
vt 0.126732 0.822785
vt 0.125680 0.823654
vt 0.104326 0.835068
vt 0.124831 0.820884
vt 0.123969 0.821942
vt 0.105252 0.837304
vt 0.103010 0.835465
vt 0.122596 0.819390
vt 0.121957 0.820598
vt 0.106596 0.839316
vt 0.104039 0.837949
vt 0.120113 0.818361
vt 0.119721 0.819672
vt 0.108307 0.841027
vt 0.105532 0.840184
vt 0.117348 0.819200
vt 0.109668 0.843579
vt 0.110319 0.842372
vt 0.114928 0.819200
vt 0.117476 0.817837
vt 0.112151 0.844608
vt 0.112555 0.843298
vt 0.112152 0.818361
vt 0.112555 0.819672
vt 0.114788 0.845132
vt 0.114928 0.843770
vt 0.109668 0.819390
vt 0.110319 0.820598
vt 0.128225 0.837949
vt 0.125679 0.839316
vt 0.127024 0.837304
vt 0.117476 0.845132
vt 0.117348 0.843770
vt 0.107433 0.820884
vt 0.108307 0.821942
vt 0.129254 0.835465
vt 0.127950 0.835068
vt 0.120112 0.844608
vt 0.119721 0.843298
vt 0.106596 0.823654
vt 0.128422 0.832695
vt 0.122596 0.843579
vt 0.121956 0.842372
vt 0.104039 0.825020
vt 0.105252 0.825666
vt 0.129779 0.830140
vt 0.128422 0.830275
vt 0.123968 0.841027
vt 0.103010 0.827504
vt 0.104326 0.827902
vt 0.129254 0.827504
vt 0.124831 0.842085
vt 0.123858 0.817005
vt 0.103430 0.841899
vt 0.105706 0.844174
vt 0.107433 0.842085
vt 0.120885 0.815774
vt 0.114788 0.817837
vt 0.117729 0.815146
vt 0.108381 0.845962
vt 0.111355 0.815774
vt 0.114511 0.847822
vt 0.130597 0.839223
vt 0.126732 0.840184
vt 0.108382 0.817005
vt 0.117729 0.847822
vt 0.103430 0.821069
vt 0.105532 0.822785
vt 0.132456 0.833093
vt 0.129779 0.832829
vt 0.120885 0.847194
vt 0.132456 0.829875
vt 0.126534 0.844174
vt 0.100411 0.826718
vt 0.099783 0.829875
vt 0.102486 0.830140
vt 0.130597 0.823745
vt 0.099783 0.833093
vt 0.128809 0.821069
vt 0.100411 0.836249
vt 0.126534 0.818793
vt 0.114268 0.812683
vt 0.114511 0.815146
vt 0.111354 0.847194
vt 0.107215 0.848144
vt 0.110637 0.813406
vt 0.114268 0.850284
vt 0.107215 0.814823
vt 0.132779 0.840389
vt 0.128809 0.841899
vt 0.117971 0.850284
vt 0.104136 0.816881
vt 0.105706 0.818793
vt 0.131829 0.836249
vt 0.121603 0.849562
vt 0.101518 0.819499
vt 0.134196 0.836968
vt 0.125024 0.848144
vt 0.123858 0.845962
vt 0.101643 0.823745
vt 0.134918 0.833335
vt 0.128103 0.846087
vt 0.099461 0.822578
vt 0.131829 0.826718
vt 0.134919 0.829632
vt 0.098044 0.826000
vt 0.132779 0.822578
vt 0.097321 0.829632
vt 0.130722 0.819499
vt 0.097321 0.833335
vt 0.101642 0.839223
vt 0.098043 0.836968
vt 0.125024 0.814823
vt 0.101518 0.843468
vt 0.104136 0.846087
vt 0.117972 0.812683
vt 0.102023 0.814291
vt 0.135745 0.841969
vt 0.122587 0.852768
vt 0.098940 0.817375
vt 0.137413 0.837941
vt 0.126615 0.851100
vt 0.138264 0.829304
vt 0.130240 0.848678
vt 0.096518 0.821000
vt 0.134196 0.826000
vt 0.130722 0.843468
vt 0.093999 0.829304
vt 0.137414 0.825028
vt 0.093999 0.833665
vt 0.133323 0.817375
vt 0.094849 0.837941
vt 0.130240 0.814291
vt 0.128103 0.816881
vt 0.099460 0.840389
vt 0.098940 0.845595
vt 0.121603 0.813406
vt 0.126615 0.811869
vt 0.122588 0.810201
vt 0.102022 0.848678
vt 0.113952 0.809350
vt 0.110636 0.849562
vt 0.105647 0.851100
vt 0.109676 0.810201
vt 0.109675 0.852768
vt 0.118311 0.853619
vt 0.093927 0.824747
vt 0.094849 0.825028
vt 0.139239 0.829210
vt 0.133323 0.845594
vt 0.130864 0.849429
vt 0.136610 0.820542
vt 0.135745 0.821000
vt 0.093040 0.829210
vt 0.134082 0.816759
vt 0.093040 0.833760
vt 0.096518 0.841969
vt 0.093927 0.838224
vt 0.127081 0.811013
vt 0.098196 0.846211
vt 0.101414 0.849429
vt 0.118414 0.808384
vt 0.118312 0.809350
vt 0.105197 0.851957
vt 0.113864 0.808384
vt 0.113951 0.853619
vt 0.109401 0.853699
vt 0.105198 0.811013
vt 0.105648 0.811869
vt 0.136609 0.842428
vt 0.113864 0.854587
vt 0.122877 0.853699
vt 0.098197 0.816759
vt 0.138264 0.833665
vt 0.138351 0.838224
vt 0.127081 0.851957
vt 0.095669 0.820542
vt 0.139239 0.833760
vt 0.262824 0.836218
vt 0.264976 0.838386
vt 0.262798 0.838420
vt 0.279114 0.748311
vt 0.279827 0.750481
vt 0.279114 0.750410
vt 0.267408 0.760018
vt 0.265141 0.760294
vt 0.265349 0.759608
vt 0.259013 0.744313
vt 0.259626 0.742113
vt 0.260180 0.742568
vt 0.276735 0.742568
vt 0.275705 0.740529
vt 0.277289 0.742113
vt 0.275251 0.757639
vt 0.273843 0.759437
vt 0.273505 0.758805
vt 0.258210 0.752469
vt 0.258382 0.754746
vt 0.257525 0.752677
vt 0.269507 0.738704
vt 0.278705 0.752469
vt 0.279390 0.752677
vt 0.263409 0.758805
vt 0.263072 0.759437
vt 0.261664 0.741083
vt 0.261210 0.740529
vt 0.277901 0.744313
vt 0.278533 0.743975
vt 0.271774 0.760294
vt 0.271566 0.759608
vt 0.257801 0.748311
vt 0.257088 0.750481
vt 0.257088 0.748241
vt 0.257801 0.750410
vt 0.271566 0.739114
vt 0.271774 0.738428
vt 0.278533 0.754746
vt 0.277901 0.754409
vt 0.261210 0.758192
vt 0.261664 0.757639
vt 0.263409 0.739917
vt 0.263072 0.739285
vt 0.279390 0.746044
vt 0.278705 0.746252
vt 0.269507 0.760018
vt 0.269577 0.760731
vt 0.257525 0.746044
vt 0.258210 0.746252
vt 0.273843 0.739285
vt 0.273505 0.739917
vt 0.276735 0.756154
vt 0.277289 0.756609
vt 0.259626 0.756609
vt 0.260180 0.756154
vt 0.265141 0.738428
vt 0.265349 0.739114
vt 0.279827 0.748241
vt 0.267338 0.760731
vt 0.258382 0.743975
vt 0.275251 0.741083
vt 0.267410 0.808215
vt 0.265346 0.806223
vt 0.267508 0.806147
vt 0.275705 0.758192
vt 0.267408 0.738704
vt 0.259013 0.754409
vt 0.265002 0.840654
vt 0.262824 0.840659
vt 0.262798 0.839952
vt 0.260598 0.842220
vt 0.260628 0.839986
vt 0.260292 0.861300
vt 0.262375 0.859109
vt 0.262463 0.861324
vt 0.260598 0.837718
vt 0.262769 0.837713
vt 0.262606 0.863400
vt 0.260433 0.863350
vt 0.265379 0.803998
vt 0.267541 0.803950
vt 0.265078 0.842873
vt 0.262899 0.842849
vt 0.267508 0.801711
vt 0.265346 0.801730
vt 0.263021 0.844906
vt 0.265201 0.844957
vt 0.260511 0.835503
vt 0.262682 0.835527
vt 0.260622 0.865185
vt 0.262798 0.865259
vt 0.260368 0.833426
vt 0.262541 0.833477
vt 0.267037 0.811660
vt 0.265085 0.810205
vt 0.267251 0.810077
vt 0.267410 0.799515
vt 0.265247 0.799504
vt 0.263185 0.846750
vt 0.265368 0.846825
vt 0.267251 0.797445
vt 0.265085 0.797408
vt 0.260622 0.849075
vt 0.262606 0.850578
vt 0.260433 0.850693
vt 0.260176 0.831568
vt 0.262351 0.831642
vt 0.263185 0.830651
vt 0.265201 0.832143
vt 0.263021 0.832257
vt 0.267037 0.795583
vt 0.264869 0.795522
vt 0.262463 0.852492
vt 0.260292 0.852582
vt 0.262351 0.847752
vt 0.260368 0.846248
vt 0.262541 0.846134
vt 0.262375 0.854607
vt 0.260205 0.854669
vt 0.262899 0.834137
vt 0.265078 0.834047
vt 0.265002 0.836155
vt 0.260511 0.844335
vt 0.262682 0.844245
vt 0.262345 0.856841
vt 0.260175 0.856875
vt 0.262769 0.842158
vt 0.260205 0.859114
vt 0.265247 0.808319
vt 0.166248 0.749610
vt 0.164201 0.751857
vt 0.164023 0.750053
vt 0.157433 0.728327
vt 0.154396 0.728186
vt 0.156578 0.726728
vt 0.161576 0.751857
vt 0.161754 0.750053
vt 0.159002 0.725724
vt 0.159529 0.727459
vt 0.159529 0.749610
vt 0.159002 0.751345
vt 0.161576 0.725212
vt 0.161754 0.727017
vt 0.156578 0.750341
vt 0.157433 0.748742
vt 0.164201 0.725212
vt 0.164023 0.727017
vt 0.154396 0.748883
vt 0.155546 0.747481
vt 0.166775 0.725724
vt 0.166248 0.727459
vt 0.152540 0.747027
vt 0.153942 0.745877
vt 0.169199 0.726728
vt 0.168344 0.728327
vt 0.151082 0.744845
vt 0.152681 0.743990
vt 0.171381 0.728186
vt 0.170231 0.729588
vt 0.151813 0.741894
vt 0.150078 0.742421
vt 0.173237 0.730042
vt 0.171835 0.731192
vt 0.149566 0.739847
vt 0.151370 0.739669
vt 0.173964 0.741894
vt 0.174695 0.744845
vt 0.173096 0.743990
vt 0.173096 0.733079
vt 0.174695 0.732224
vt 0.149566 0.737222
vt 0.151370 0.737400
vt 0.171835 0.745877
vt 0.173237 0.747027
vt 0.173964 0.735175
vt 0.175699 0.734648
vt 0.150078 0.734648
vt 0.151813 0.735175
vt 0.171381 0.748883
vt 0.170231 0.747481
vt 0.176211 0.737222
vt 0.174407 0.737400
vt 0.152681 0.733079
vt 0.151082 0.732224
vt 0.169199 0.750341
vt 0.168344 0.748742
vt 0.176211 0.739847
vt 0.174407 0.739669
vt 0.153942 0.731192
vt 0.152540 0.730042
vt 0.166775 0.751345
vt 0.175699 0.742421
vt 0.155546 0.729588
vt 0.158166 0.754101
vt 0.155220 0.752881
vt 0.164483 0.722346
vt 0.152569 0.751109
vt 0.167611 0.722968
vt 0.150314 0.748854
vt 0.170557 0.724188
vt 0.148542 0.746203
vt 0.173208 0.725960
vt 0.147322 0.743257
vt 0.175463 0.728215
vt 0.146700 0.740129
vt 0.178455 0.743257
vt 0.177235 0.746203
vt 0.177235 0.730866
vt 0.146700 0.736940
vt 0.175463 0.748854
vt 0.178455 0.733812
vt 0.147322 0.733812
vt 0.173208 0.751109
vt 0.179078 0.736940
vt 0.148542 0.730866
vt 0.170557 0.752881
vt 0.179078 0.740129
vt 0.150314 0.728215
vt 0.167611 0.754101
vt 0.152569 0.725960
vt 0.164483 0.754724
vt 0.155220 0.724188
vt 0.161294 0.754724
vt 0.158166 0.722968
vt 0.161294 0.722346
vt 0.148183 0.750603
vt 0.146111 0.747502
vt 0.171856 0.721757
vt 0.174957 0.723829
vt 0.144684 0.744057
vt 0.177594 0.726466
vt 0.143956 0.740399
vt 0.181093 0.744057
vt 0.179666 0.747502
vt 0.179666 0.729567
vt 0.143956 0.736670
vt 0.177594 0.750603
vt 0.181093 0.733012
vt 0.144684 0.733012
vt 0.174957 0.753240
vt 0.181821 0.736670
vt 0.146111 0.729567
vt 0.171856 0.755312
vt 0.181821 0.740399
vt 0.148183 0.726466
vt 0.168411 0.756739
vt 0.150820 0.723829
vt 0.164753 0.757467
vt 0.153921 0.721757
vt 0.161024 0.757467
vt 0.157366 0.720330
vt 0.157366 0.756739
vt 0.161024 0.719602
vt 0.153921 0.755312
vt 0.164753 0.719602
vt 0.150820 0.753240
vt 0.168411 0.720330
vt 0.140349 0.740755
vt 0.140349 0.736315
vt 0.182863 0.749211
vt 0.180396 0.752903
vt 0.184562 0.731960
vt 0.141215 0.731960
vt 0.177257 0.756042
vt 0.185428 0.736315
vt 0.142914 0.727858
vt 0.173565 0.758509
vt 0.185428 0.740754
vt 0.145381 0.724166
vt 0.169463 0.760208
vt 0.184562 0.745109
vt 0.148520 0.721027
vt 0.165109 0.761074
vt 0.152212 0.718560
vt 0.160669 0.761074
vt 0.156314 0.716861
vt 0.156314 0.760208
vt 0.160669 0.715995
vt 0.152212 0.758509
vt 0.165108 0.715995
vt 0.148520 0.756042
vt 0.169463 0.716861
vt 0.145381 0.752903
vt 0.173565 0.718560
vt 0.142914 0.749211
vt 0.177257 0.721027
vt 0.141215 0.745109
vt 0.180396 0.724166
vt 0.182863 0.727858
vt 0.142255 0.727506
vt 0.144803 0.723693
vt 0.169680 0.760923
vt 0.185277 0.745326
vt 0.148046 0.720450
vt 0.165182 0.761818
vt 0.151860 0.717901
vt 0.160595 0.761818
vt 0.156097 0.716146
vt 0.156097 0.760923
vt 0.160595 0.715252
vt 0.151860 0.759168
vt 0.165182 0.715252
vt 0.148046 0.756620
vt 0.169680 0.716146
vt 0.144803 0.753377
vt 0.173917 0.717901
vt 0.142255 0.749563
vt 0.177731 0.720449
vt 0.140500 0.745326
vt 0.180974 0.723692
vt 0.183522 0.749563
vt 0.183522 0.727506
vt 0.180974 0.753377
vt 0.185277 0.731743
vt 0.140500 0.731743
vt 0.177731 0.756620
vt 0.186172 0.736241
vt 0.173917 0.759168
vt 0.186172 0.740828
vt 0.233219 0.727824
vt 0.244779 0.732268
vt 0.233278 0.732373
vt 0.233042 0.723381
vt 0.244718 0.727683
vt 0.232756 0.719217
vt 0.244541 0.723206
vt 0.232370 0.715489
vt 0.244252 0.719008
vt 0.244534 0.850368
vt 0.233502 0.847184
vt 0.244968 0.847152
vt 0.244210 0.854151
vt 0.233063 0.850426
vt 0.244011 0.858354
vt 0.232738 0.854238
vt 0.232469 0.862972
vt 0.232537 0.858474
vt 0.244011 0.867366
vt 0.243944 0.862816
vt 0.244210 0.871829
vt 0.232537 0.867558
vt 0.244534 0.876034
vt 0.232738 0.872056
vt 0.244968 0.879817
vt 0.233063 0.876293
vt 0.176077 0.844679
vt 0.164970 0.841372
vt 0.176463 0.841391
vt 0.175791 0.848517
vt 0.164581 0.844685
vt 0.164115 0.852827
vt 0.164292 0.848553
vt 0.175555 0.857239
vt 0.175614 0.852758
vt 0.175614 0.861788
vt 0.164055 0.857344
vt 0.175791 0.866231
vt 0.164115 0.861929
vt 0.176077 0.870395
vt 0.164292 0.866406
vt 0.164970 0.874360
vt 0.164581 0.870604
vt 0.245112 0.777899
vt 0.256295 0.781188
vt 0.244779 0.781162
vt 0.256882 0.774050
vt 0.256632 0.777899
vt 0.245513 0.769852
vt 0.245360 0.774080
vt 0.257088 0.765279
vt 0.257036 0.769789
vt 0.245565 0.765377
vt 0.257036 0.760693
vt 0.245360 0.756377
vt 0.245513 0.760827
vt 0.245112 0.752198
vt 0.256882 0.756208
vt 0.256295 0.748220
vt 0.256632 0.751997
vt 0.232370 0.748221
vt 0.244252 0.744927
vt 0.243863 0.748240
vt 0.233042 0.741095
vt 0.232756 0.744933
vt 0.233219 0.736854
vt 0.244541 0.741059
vt 0.244718 0.736785
vt 0.281001 0.858816
vt 0.274485 0.860593
vt 0.274634 0.858848
vt 0.274726 0.856909
vt 0.281094 0.856853
vt 0.274757 0.854850
vt 0.281125 0.854768
vt 0.274726 0.852751
vt 0.281093 0.852642
vt 0.281001 0.850557
vt 0.274634 0.850693
vt 0.274485 0.848753
vt 0.280850 0.848593
vt 0.274284 0.847008
vt 0.280646 0.846825
vt 0.273860 0.862117
vt 0.267662 0.860563
vt 0.274040 0.860581
vt 0.274174 0.858788
vt 0.267794 0.858792
vt 0.274257 0.856807
vt 0.267875 0.856836
vt 0.274284 0.854713
vt 0.267903 0.854769
vt 0.274257 0.852588
vt 0.267875 0.852670
vt 0.267794 0.850621
vt 0.274174 0.850512
vt 0.274040 0.848566
vt 0.267662 0.848699
vt 0.273860 0.846825
vt 0.267484 0.846980
vt 0.269674 0.814197
vt 0.275909 0.815743
vt 0.269518 0.815721
vt 0.275794 0.817505
vt 0.269402 0.817505
vt 0.269331 0.819480
vt 0.275724 0.819455
vt 0.269307 0.821571
vt 0.275700 0.821520
vt 0.275724 0.823619
vt 0.269331 0.823697
vt 0.275794 0.825671
vt 0.269402 0.825776
vt 0.275909 0.827599
vt 0.269518 0.827728
vt 0.276063 0.829328
vt 0.269674 0.829479
vt 0.267911 0.862822
vt 0.274110 0.864376
vt 0.267731 0.864357
vt 0.267597 0.866150
vt 0.273978 0.866146
vt 0.273896 0.868102
vt 0.267515 0.868132
vt 0.267487 0.870225
vt 0.273869 0.870170
vt 0.267515 0.872351
vt 0.273896 0.872268
vt 0.273978 0.874318
vt 0.267597 0.874426
vt 0.274110 0.876239
vt 0.267731 0.876372
vt 0.274287 0.877958
vt 0.267911 0.878113
vt 0.280646 0.862086
vt 0.280850 0.860583
vt 0.211658 0.883226
vt 0.210667 0.884123
vt 0.211063 0.882627
vt 0.232085 0.871317
vt 0.231802 0.871769
vt 0.212777 0.886763
vt 0.212318 0.887128
vt 0.212264 0.885819
vt 0.213332 0.883151
vt 0.212864 0.884909
vt 0.212582 0.883854
vt 0.212214 0.881774
vt 0.184859 0.846675
vt 0.184574 0.846422
vt 0.184594 0.845337
vt 0.177913 0.863859
vt 0.177977 0.862648
vt 0.178474 0.863293
vt 0.212377 0.884818
vt 0.212894 0.882919
vt 0.177883 0.865459
vt 0.178434 0.864275
vt 0.236238 0.906899
vt 0.236576 0.906690
vt 0.235920 0.907912
vt 0.178074 0.861544
vt 0.178534 0.862369
vt 0.237234 0.908482
vt 0.268827 0.837061
vt 0.269078 0.836658
vt 0.269000 0.837783
vt 0.268848 0.835830
vt 0.268444 0.836617
vt 0.268584 0.833210
vt 0.268950 0.833539
vt 0.268888 0.834613
vt 0.269166 0.833244
vt 0.269104 0.834671
vt 0.268473 0.835462
vt 0.269048 0.835485
vt 0.214446 0.882936
vt 0.213974 0.884238
vt 0.213376 0.884627
vt 0.214041 0.882694
vt 0.213761 0.885319
vt 0.213719 0.886420
vt 0.213262 0.887023
vt 0.178676 0.863732
vt 0.237182 0.908696
vt 0.236232 0.908313
vt 0.178727 0.862800
vt 0.234206 0.906508
vt 0.235348 0.907791
vt 0.211206 0.885478
vt 0.211677 0.886611
vt 0.211200 0.886815
vt 0.235726 0.906077
vt 0.235634 0.906462
vt 0.235480 0.903997
vt 0.236461 0.905964
vt 0.236069 0.905869
vt 0.236667 0.906304
vt 0.228185 0.890599
vt 0.228762 0.889501
vt 0.229207 0.889763
vt 0.225575 0.891758
vt 0.226713 0.890621
vt 0.226294 0.891456
vt 0.226616 0.894459
vt 0.227568 0.893694
vt 0.227399 0.894822
vt 0.228598 0.893811
vt 0.227264 0.891822
vt 0.228591 0.890927
vt 0.226083 0.892872
vt 0.226852 0.892911
vt 0.226072 0.893505
vt 0.182983 0.819002
vt 0.182462 0.818716
vt 0.182569 0.817756
vt 0.230292 0.891930
vt 0.230264 0.891525
vt 0.230891 0.890493
vt 0.275617 0.762156
vt 0.275784 0.762005
vt 0.275882 0.763338
vt 0.276174 0.761971
vt 0.275705 0.761100
vt 0.228757 0.893852
vt 0.229639 0.892618
vt 0.226055 0.892343
vt 0.227801 0.890369
vt 0.179214 0.861924
vt 0.179416 0.861565
vt 0.179514 0.862747
vt 0.182324 0.818002
vt 0.244574 0.898314
vt 0.244716 0.898140
vt 0.245393 0.899276
vt 0.182209 0.818960
vt 0.245529 0.900121
vt 0.245770 0.900264
vt 0.139126 0.866211
vt 0.139238 0.866716
vt 0.139038 0.866716
vt 0.227792 0.891983
vt 0.228611 0.892749
vt 0.229342 0.891755
vt 0.229501 0.890531
vt 0.230016 0.890601
vt 0.244406 0.900072
vt 0.243999 0.900037
vt 0.241536 0.899738
vt 0.243334 0.897018
vt 0.243699 0.900324
vt 0.244641 0.900702
vt 0.244654 0.900340
vt 0.180165 0.865819
vt 0.180150 0.864738
vt 0.180450 0.865254
vt 0.180107 0.863413
vt 0.180418 0.864158
vt 0.224763 0.893682
vt 0.221743 0.896101
vt 0.222921 0.895952
vt 0.222241 0.896807
vt 0.223837 0.896524
vt 0.179619 0.865245
vt 0.179603 0.864020
vt 0.225218 0.894021
vt 0.224311 0.894426
vt 0.223235 0.894243
vt 0.223368 0.894735
vt 0.222069 0.894980
vt 0.276270 0.763372
vt 0.276339 0.764825
vt 0.275939 0.764507
vt 0.226483 0.895583
vt 0.226370 0.895381
vt 0.275794 0.765672
vt 0.275696 0.764589
vt 0.275985 0.765679
vt 0.276398 0.768053
vt 0.276386 0.769636
vt 0.276015 0.768842
vt 0.276382 0.766407
vt 0.276008 0.767247
vt 0.275832 0.767262
vt 0.223519 0.893169
vt 0.223991 0.893509
vt 0.221963 0.894018
vt 0.224541 0.892734
vt 0.221072 0.893578
vt 0.222455 0.893453
vt 0.225475 0.892149
vt 0.245483 0.904357
vt 0.245868 0.903792
vt 0.245559 0.904757
vt 0.179405 0.865315
vt 0.179633 0.866260
vt 0.179315 0.863094
vt 0.245856 0.902486
vt 0.179378 0.864308
vt 0.178882 0.870545
vt 0.179087 0.870892
vt 0.225455 0.895122
vt 0.225858 0.895429
vt 0.225365 0.895985
vt 0.226204 0.894142
vt 0.242601 0.901551
vt 0.243884 0.900910
vt 0.244338 0.901007
vt 0.180470 0.869174
vt 0.180752 0.868628
vt 0.180752 0.869912
vt 0.179105 0.872418
vt 0.179395 0.871935
vt 0.179395 0.872986
vt 0.216701 0.895087
vt 0.217721 0.896271
vt 0.216800 0.895953
vt 0.220405 0.896095
vt 0.220273 0.896828
vt 0.219092 0.896644
vt 0.180156 0.867178
vt 0.218919 0.894225
vt 0.218793 0.894714
vt 0.217540 0.894278
vt 0.220134 0.894454
vt 0.219761 0.894922
vt 0.180048 0.869280
vt 0.179321 0.868886
vt 0.179590 0.868297
vt 0.180103 0.868389
vt 0.179468 0.869664
vt 0.275979 0.770437
vt 0.275747 0.770036
vt 0.275824 0.768883
vt 0.276357 0.770880
vt 0.276234 0.773542
vt 0.276133 0.774884
vt 0.275773 0.774549
vt 0.276314 0.772052
vt 0.275857 0.773471
vt 0.275926 0.771998
vt 0.275635 0.773275
vt 0.275715 0.771974
vt 0.275788 0.770832
vt 0.219369 0.893883
vt 0.217462 0.893675
vt 0.218639 0.893149
vt 0.219751 0.893447
vt 0.221624 0.894508
vt 0.216958 0.892882
vt 0.217322 0.892538
vt 0.242747 0.907834
vt 0.244600 0.906104
vt 0.244085 0.907021
vt 0.179608 0.867299
vt 0.179384 0.867588
vt 0.179408 0.866327
vt 0.244971 0.905908
vt 0.220740 0.895027
vt 0.216766 0.894570
vt 0.216462 0.894162
vt 0.221542 0.895620
vt 0.185066 0.868566
vt 0.184991 0.869067
vt 0.184805 0.869047
vt 0.242743 0.906092
vt 0.216027 0.891184
vt 0.216642 0.891735
vt 0.216264 0.891761
vt 0.215219 0.892075
vt 0.215322 0.892871
vt 0.214604 0.892167
vt 0.217331 0.892230
vt 0.215486 0.890982
vt 0.240619 0.908671
vt 0.242274 0.906918
vt 0.216164 0.892887
vt 0.216374 0.893655
vt 0.214185 0.890844
vt 0.179961 0.870120
vt 0.179336 0.870604
vt 0.178082 0.870239
vt 0.178003 0.869340
vt 0.178563 0.869737
vt 0.178152 0.870870
vt 0.178687 0.870708
vt 0.275680 0.775568
vt 0.216382 0.895918
vt 0.215259 0.895294
vt 0.215783 0.895341
vt 0.214760 0.894769
vt 0.276036 0.775853
vt 0.268561 0.842612
vt 0.268944 0.842559
vt 0.269019 0.843636
vt 0.269152 0.842859
vt 0.269260 0.843922
vt 0.269101 0.844611
vt 0.268800 0.845374
vt 0.269215 0.845575
vt 0.269397 0.845053
vt 0.182426 0.871999
vt 0.182145 0.871651
vt 0.182426 0.870881
vt 0.182097 0.871231
vt 0.215336 0.891533
vt 0.213997 0.889616
vt 0.214656 0.889804
vt 0.218262 0.892722
vt 0.178786 0.869643
vt 0.178515 0.869031
vt 0.179237 0.869715
vt 0.243314 0.907678
vt 0.242212 0.908336
vt 0.179113 0.870627
vt 0.241224 0.908725
vt 0.178874 0.870490
vt 0.216297 0.895389
vt 0.213972 0.891398
vt 0.213034 0.893133
vt 0.212842 0.891688
vt 0.214054 0.894132
vt 0.215546 0.894413
vt 0.139128 0.866716
vt 0.139238 0.867219
vt 0.139036 0.867219
vt 0.238654 0.908789
vt 0.241850 0.906301
vt 0.241909 0.906713
vt 0.242631 0.906828
vt 0.242032 0.906024
vt 0.242824 0.906519
vt 0.240882 0.905152
vt 0.211326 0.888039
vt 0.211745 0.889383
vt 0.210782 0.888896
vt 0.183421 0.860602
vt 0.183421 0.861989
vt 0.183131 0.861393
vt 0.232382 0.862629
vt 0.232382 0.863994
vt 0.232098 0.863098
vt 0.213270 0.890292
vt 0.210494 0.887290
vt 0.177926 0.868180
vt 0.178473 0.868312
vt 0.178439 0.867294
vt 0.177885 0.866845
vt 0.178413 0.866287
vt 0.213453 0.889467
vt 0.212745 0.889073
vt 0.213058 0.888337
vt 0.212479 0.888119
vt 0.269170 0.842101
vt 0.268886 0.841423
vt 0.268430 0.837904
vt 0.268813 0.838594
vt 0.268443 0.839528
vt 0.268839 0.840228
vt 0.269009 0.839414
vt 0.269061 0.840979
vt 0.214106 0.888548
vt 0.213828 0.887471
vt 0.178633 0.865742
vt 0.178413 0.865296
vt 0.239915 0.908992
vt 0.178701 0.868454
vt 0.238397 0.908973
vt 0.179001 0.871351
vt 0.179099 0.871740
vt 0.178882 0.871740
vt 0.212178 0.890527
vt 0.214616 0.878636
vt 0.213661 0.879673
vt 0.213598 0.878611
vt 0.214043 0.881748
vt 0.213305 0.881999
vt 0.185927 0.872548
vt 0.185648 0.872996
vt 0.185648 0.872019
vt 0.214813 0.880705
vt 0.214431 0.880385
vt 0.215365 0.879453
vt 0.215730 0.881485
vt 0.215338 0.881541
vt 0.216273 0.880577
vt 0.215614 0.877915
vt 0.214857 0.877544
vt 0.178185 0.860592
vt 0.178711 0.860755
vt 0.178616 0.861490
vt 0.278349 0.802240
vt 0.278257 0.801107
vt 0.278804 0.801282
vt 0.213823 0.881163
vt 0.212517 0.879864
vt 0.215741 0.879794
vt 0.216433 0.878655
vt 0.278753 0.800340
vt 0.268695 0.831822
vt 0.269118 0.831480
vt 0.269025 0.832427
vt 0.211773 0.880749
vt 0.211970 0.880862
vt 0.211523 0.881524
vt 0.268833 0.830575
vt 0.266806 0.860473
vt 0.266710 0.859382
vt 0.267099 0.859417
vt 0.266925 0.861566
vt 0.267225 0.860790
vt 0.267342 0.861787
vt 0.267484 0.861380
vt 0.267466 0.862656
vt 0.212479 0.879677
vt 0.213219 0.878807
vt 0.216484 0.879806
vt 0.215186 0.880965
vt 0.216706 0.879095
vt 0.233062 0.904529
vt 0.232824 0.904492
vt 0.232477 0.903005
vt 0.278955 0.800140
vt 0.279042 0.801484
vt 0.233357 0.905625
vt 0.279138 0.802437
vt 0.278877 0.802115
vt 0.178793 0.861975
vt 0.212888 0.880619
vt 0.211916 0.881373
vt 0.242163 0.900530
vt 0.235914 0.902673
vt 0.236031 0.903195
vt 0.219263 0.876399
vt 0.217917 0.876818
vt 0.218464 0.875853
vt 0.219042 0.878095
vt 0.218223 0.877820
vt 0.219499 0.877480
vt 0.220487 0.876273
vt 0.219975 0.875584
vt 0.183420 0.871575
vt 0.183141 0.872256
vt 0.183141 0.871171
vt 0.278193 0.799904
vt 0.278158 0.798627
vt 0.278698 0.799415
vt 0.278682 0.797829
vt 0.278685 0.798624
vt 0.220540 0.877849
vt 0.220483 0.877355
vt 0.217809 0.878513
vt 0.233866 0.900300
vt 0.233892 0.900697
vt 0.232730 0.901126
vt 0.278140 0.797359
vt 0.278685 0.796789
vt 0.267316 0.858890
vt 0.267334 0.859967
vt 0.267018 0.858205
vt 0.266523 0.855016
vt 0.266517 0.853842
vt 0.266903 0.854204
vt 0.266611 0.857840
vt 0.266546 0.856237
vt 0.266962 0.857097
vt 0.267119 0.856137
vt 0.267183 0.857722
vt 0.218065 0.878893
vt 0.218178 0.879379
vt 0.217161 0.879918
vt 0.220014 0.878372
vt 0.221214 0.878767
vt 0.219554 0.878933
vt 0.278905 0.798669
vt 0.232683 0.902856
vt 0.232469 0.901478
vt 0.232746 0.900177
vt 0.278892 0.797341
vt 0.215558 0.877419
vt 0.215859 0.877001
vt 0.217308 0.878190
vt 0.216775 0.877252
vt 0.220687 0.876747
vt 0.221153 0.876945
vt 0.216026 0.878225
vt 0.186140 0.870909
vt 0.234194 0.900960
vt 0.224406 0.876784
vt 0.223031 0.876475
vt 0.223906 0.875884
vt 0.223953 0.879628
vt 0.222945 0.879278
vt 0.223909 0.879312
vt 0.232091 0.862660
vt 0.232091 0.864012
vt 0.231801 0.863091
vt 0.223307 0.878122
vt 0.222790 0.877494
vt 0.224072 0.877836
vt 0.225529 0.877287
vt 0.225450 0.876440
vt 0.234827 0.897299
vt 0.234123 0.899999
vt 0.233444 0.899024
vt 0.278158 0.796067
vt 0.278715 0.795256
vt 0.278894 0.796163
vt 0.278203 0.794781
vt 0.278762 0.794082
vt 0.222346 0.875594
vt 0.222044 0.877886
vt 0.221488 0.877330
vt 0.266908 0.852954
vt 0.267096 0.853423
vt 0.266535 0.852601
vt 0.266762 0.848611
vt 0.267151 0.848647
vt 0.267034 0.849931
vt 0.266647 0.850014
vt 0.266962 0.851412
vt 0.267174 0.850770
vt 0.266568 0.851499
vt 0.223745 0.878754
vt 0.224472 0.878542
vt 0.222569 0.878919
vt 0.222031 0.878333
vt 0.225111 0.879380
vt 0.185921 0.868256
vt 0.185629 0.867345
vt 0.234272 0.897557
vt 0.235050 0.896848
vt 0.233177 0.899074
vt 0.233613 0.898385
vt 0.278976 0.794412
vt 0.278930 0.795384
vt 0.220689 0.875816
vt 0.221161 0.875526
vt 0.221824 0.876279
vt 0.185366 0.870425
vt 0.185457 0.869930
vt 0.185631 0.869946
vt 0.234823 0.900230
vt 0.234524 0.899971
vt 0.236409 0.896247
vt 0.234853 0.900629
vt 0.236504 0.900240
vt 0.237017 0.899688
vt 0.225535 0.879101
vt 0.225295 0.878370
vt 0.224939 0.880148
vt 0.225070 0.879923
vt 0.225967 0.880585
vt 0.229388 0.880686
vt 0.228623 0.879735
vt 0.229768 0.879938
vt 0.278331 0.792935
vt 0.278862 0.793089
vt 0.182865 0.808384
vt 0.183002 0.809385
vt 0.182452 0.809255
vt 0.182525 0.810081
vt 0.226762 0.880024
vt 0.226399 0.879081
vt 0.227813 0.881205
vt 0.227402 0.879955
vt 0.238556 0.897030
vt 0.238223 0.895682
vt 0.183104 0.810489
vt 0.226180 0.876637
vt 0.226449 0.877045
vt 0.176524 0.872194
vt 0.177005 0.872201
vt 0.176524 0.872942
vt 0.266868 0.847724
vt 0.276781 0.831827
vt 0.276895 0.833221
vt 0.276486 0.832926
vt 0.276638 0.830526
vt 0.276392 0.831806
vt 0.228173 0.877991
vt 0.228745 0.878727
vt 0.227537 0.877668
vt 0.266992 0.846825
vt 0.267366 0.846895
vt 0.267484 0.847469
vt 0.226776 0.880674
vt 0.227974 0.882299
vt 0.226929 0.881590
vt 0.182319 0.810208
vt 0.182385 0.810860
vt 0.279138 0.792561
vt 0.279040 0.793523
vt 0.236134 0.896145
vt 0.278930 0.792342
vt 0.237312 0.895681
vt 0.182209 0.809200
vt 0.178994 0.867326
vt 0.178877 0.866823
vt 0.179076 0.866823
vt 0.228265 0.880963
vt 0.227677 0.878691
vt 0.229074 0.881095
vt 0.229134 0.881597
vt 0.225463 0.877798
vt 0.238719 0.897394
vt 0.183233 0.813807
vt 0.183499 0.812618
vt 0.183521 0.814005
vt 0.228479 0.882258
vt 0.229367 0.884908
vt 0.228983 0.883410
vt 0.229671 0.883925
vt 0.183164 0.811444
vt 0.183443 0.811298
vt 0.231030 0.885559
vt 0.230880 0.884382
vt 0.231721 0.884984
vt 0.231428 0.883423
vt 0.182651 0.811492
vt 0.239066 0.896493
vt 0.240262 0.895676
vt 0.183213 0.812464
vt 0.182658 0.812750
vt 0.228965 0.882078
vt 0.229916 0.885224
vt 0.241911 0.896177
vt 0.239439 0.896633
vt 0.276554 0.834006
vt 0.276292 0.833750
vt 0.276281 0.832686
vt 0.276966 0.834404
vt 0.277019 0.835582
vt 0.277060 0.837155
vt 0.276667 0.836802
vt 0.276495 0.837952
vt 0.276474 0.836366
vt 0.276689 0.838037
vt 0.276636 0.835551
vt 0.276411 0.834873
vt 0.228186 0.883970
vt 0.228654 0.883882
vt 0.229020 0.886157
vt 0.227653 0.882711
vt 0.185645 0.871189
vt 0.185927 0.872019
vt 0.240542 0.895519
vt 0.241720 0.895865
vt 0.182483 0.814502
vt 0.182477 0.813275
vt 0.182713 0.814060
vt 0.239276 0.895398
vt 0.182438 0.812023
vt 0.229888 0.880634
vt 0.230308 0.880937
vt 0.229364 0.882973
vt 0.230051 0.881847
vt 0.183517 0.842940
vt 0.183332 0.842945
vt 0.183332 0.842429
vt 0.230552 0.885756
vt 0.230352 0.886220
vt 0.185937 0.870408
vt 0.185929 0.870007
vt 0.186139 0.870063
vt 0.239462 0.897373
vt 0.239603 0.896999
vt 0.230520 0.889477
vt 0.230828 0.888103
vt 0.231431 0.888950
vt 0.229451 0.886526
vt 0.227423 0.889516
vt 0.227858 0.888518
vt 0.227864 0.889206
vt 0.183204 0.816094
vt 0.183234 0.815073
vt 0.183513 0.815152
vt 0.138699 0.872889
vt 0.138699 0.871824
vt 0.138986 0.872195
vt 0.182691 0.815392
vt 0.229959 0.886544
vt 0.229856 0.887534
vt 0.229244 0.888065
vt 0.229650 0.888518
vt 0.183155 0.817076
vt 0.182647 0.816601
vt 0.277064 0.839559
vt 0.276677 0.839693
vt 0.276433 0.839191
vt 0.276475 0.840354
vt 0.276931 0.843053
vt 0.276854 0.844081
vt 0.276523 0.843377
vt 0.276996 0.841897
vt 0.276589 0.842310
vt 0.276636 0.841255
vt 0.276428 0.841841
vt 0.276341 0.843295
vt 0.277036 0.840814
vt 0.228655 0.888455
vt 0.228509 0.886483
vt 0.228466 0.885332
vt 0.243873 0.897215
vt 0.182403 0.816941
vt 0.242844 0.896420
vt 0.182461 0.815735
vt 0.231024 0.886897
vt 0.185068 0.866683
vt 0.184989 0.867180
vt 0.184805 0.867163
vt 0.181763 0.820359
vt 0.181763 0.819184
vt 0.182037 0.819216
vt 0.231890 0.854224
vt 0.232098 0.855236
vt 0.231826 0.855195
vt 0.182038 0.824544
vt 0.182040 0.829771
vt 0.182040 0.830938
vt 0.181763 0.830875
vt 0.235925 0.901646
vt 0.234592 0.900931
vt 0.230314 0.891009
vt 0.230354 0.881449
vt 0.230919 0.881986
vt 0.238705 0.896655
vt 0.220603 0.896562
vt 0.239391 0.898791
vt 0.238349 0.898924
vt 0.216373 0.876954
vt 0.216942 0.876370
vt 0.242399 0.903398
vt 0.242612 0.902381
vt 0.240290 0.899012
vt 0.243704 0.900649
vt 0.225934 0.876993
vt 0.237495 0.899331
vt 0.236287 0.903900
vt 0.213156 0.891272
vt 0.221627 0.875820
vt 0.221159 0.875624
vt 0.213095 0.890767
vt 0.215486 0.894917
vt 0.225767 0.878202
vt 0.212275 0.892165
vt 0.212343 0.891748
vt 0.211922 0.891448
vt 0.212728 0.881836
vt 0.213134 0.881530
vt 0.236068 0.901096
vt 0.231487 0.886703
vt 0.231721 0.887408
vt 0.238021 0.905392
vt 0.226673 0.894963
vt 0.225700 0.894200
vt 0.139044 0.865700
vt 0.139044 0.865184
vt 0.139238 0.865225
vt 0.241941 0.904326
vt 0.210739 0.886618
vt 0.210526 0.886148
vt 0.210743 0.885679
vt 0.210515 0.884966
vt 0.229842 0.891820
vt 0.216529 0.878163
vt 0.231491 0.885765
vt 0.226745 0.877465
vt 0.226684 0.877961
vt 0.229095 0.890833
vt 0.211877 0.890933
vt 0.211312 0.890402
vt 0.238862 0.905555
vt 0.212389 0.880562
vt 0.221076 0.895419
vt 0.231705 0.886236
vt 0.221542 0.896566
vt 0.221071 0.896781
vt 0.235842 0.906803
vt 0.211877 0.886144
vt 0.182153 0.811684
vt 0.182174 0.811410
vt 0.182174 0.812379
vt 0.182167 0.827524
vt 0.182049 0.809064
vt 0.182061 0.820789
vt 0.182040 0.820391
vt 0.182184 0.831008
vt 0.182167 0.831409
vt 0.239661 0.905545
vt 0.240302 0.905401
vt 0.239870 0.905585
vt 0.182169 0.822732
vt 0.182200 0.822212
vt 0.182200 0.823223
vt 0.236200 0.903623
vt 0.236407 0.904010
vt 0.182059 0.831066
vt 0.182075 0.831416
vt 0.182059 0.831920
vt 0.182105 0.813106
vt 0.182049 0.812413
vt 0.182163 0.813162
vt 0.182195 0.836218
vt 0.182181 0.836480
vt 0.182095 0.821987
vt 0.182061 0.822561
vt 0.182061 0.821534
vt 0.182204 0.833292
vt 0.182175 0.832597
vt 0.182105 0.833006
vt 0.237253 0.904935
vt 0.182754 0.872767
vt 0.182473 0.873042
vt 0.182473 0.871999
vt 0.214402 0.883746
vt 0.214959 0.882555
vt 0.232091 0.866674
vt 0.231804 0.865945
vt 0.232091 0.865359
vt 0.184808 0.859694
vt 0.184521 0.858382
vt 0.184808 0.858066
vt 0.269239 0.832215
vt 0.268523 0.834261
vt 0.234560 0.907148
vt 0.233905 0.906428
vt 0.178645 0.864724
vt 0.211682 0.885678
vt 0.236680 0.904385
vt 0.178300 0.872813
vt 0.178592 0.872078
vt 0.178592 0.873002
vt 0.227182 0.890425
vt 0.179976 0.861907
vt 0.179827 0.860602
vt 0.183083 0.818005
vt 0.179268 0.860617
vt 0.276415 0.844633
vt 0.276730 0.845293
vt 0.275703 0.763490
vt 0.276054 0.760731
vt 0.229542 0.892973
vt 0.276306 0.845563
vt 0.276153 0.845229
vt 0.246029 0.901540
vt 0.179113 0.861061
vt 0.229031 0.891337
vt 0.224294 0.895597
vt 0.180451 0.866639
vt 0.180365 0.863080
vt 0.224191 0.892634
vt 0.246029 0.902793
vt 0.178874 0.861129
vt 0.179063 0.861117
vt 0.185085 0.872010
vt 0.185365 0.872525
vt 0.185085 0.873023
vt 0.182771 0.867341
vt 0.183057 0.868033
vt 0.182771 0.868629
vt 0.178307 0.871205
vt 0.178592 0.870870
vt 0.275617 0.774140
vt 0.182754 0.861988
vt 0.183045 0.862778
vt 0.182754 0.863362
vt 0.185066 0.869492
vt 0.184883 0.868553
vt 0.242335 0.905914
vt 0.215341 0.890372
vt 0.185921 0.868931
vt 0.185636 0.869541
vt 0.185636 0.868256
vt 0.179879 0.870721
vt 0.268668 0.844078
vt 0.213396 0.893780
vt 0.214337 0.894621
vt 0.269325 0.846369
vt 0.268909 0.846188
vt 0.139037 0.867219
vt 0.139238 0.867643
vt 0.139037 0.867700
vt 0.215960 0.894099
vt 0.184574 0.847478
vt 0.185087 0.865147
vt 0.184813 0.865644
vt 0.184813 0.864322
vt 0.181763 0.871470
vt 0.181486 0.871987
vt 0.268486 0.841096
vt 0.185077 0.869955
vt 0.185365 0.869531
vt 0.178643 0.866987
vt 0.183515 0.841327
vt 0.183332 0.841275
vt 0.216735 0.880530
vt 0.269397 0.830708
vt 0.269230 0.830516
vt 0.214093 0.877966
vt 0.267099 0.862806
vt 0.178874 0.861231
vt 0.185926 0.867669
vt 0.186124 0.868092
vt 0.183057 0.869899
vt 0.182759 0.869342
vt 0.183057 0.868629
vt 0.232098 0.860405
vt 0.231819 0.861286
vt 0.231819 0.859859
vt 0.139238 0.857653
vt 0.138967 0.858382
vt 0.182762 0.865551
vt 0.183056 0.864711
vt 0.266914 0.855487
vt 0.267095 0.854603
vt 0.180756 0.867339
vt 0.180465 0.866653
vt 0.180756 0.866025
vt 0.183513 0.841327
vt 0.183332 0.841820
vt 0.185913 0.865280
vt 0.185637 0.865641
vt 0.185637 0.864322
vt 0.232374 0.870193
vt 0.232096 0.870528
vt 0.232096 0.869258
vt 0.278257 0.793834
vt 0.267120 0.852264
vt 0.267278 0.849334
vt 0.226046 0.881005
vt 0.226903 0.882000
vt 0.267429 0.848444
vt 0.276255 0.830534
vt 0.276153 0.831346
vt 0.229301 0.879118
vt 0.238042 0.895489
vt 0.139033 0.868646
vt 0.139033 0.868177
vt 0.139238 0.868212
vt 0.230526 0.883009
vt 0.184521 0.863872
vt 0.184804 0.864052
vt 0.184521 0.865221
vt 0.230686 0.881148
vt 0.277070 0.838418
vt 0.184973 0.865644
vt 0.185077 0.866672
vt 0.184805 0.866672
vt 0.229537 0.881905
vt 0.183521 0.842415
vt 0.186139 0.870445
vt 0.239097 0.897532
vt 0.179113 0.871267
vt 0.179395 0.870721
vt 0.183470 0.816549
vt 0.228313 0.887921
vt 0.185068 0.867612
vt 0.230548 0.886689
vt 0.184887 0.866672
vt 0.182485 0.841436
vt 0.182762 0.841424
vt 0.182663 0.840238
vt 0.181843 0.817985
vt 0.231921 0.856352
vt 0.232098 0.857402
vt 0.231825 0.857307
vt 0.231825 0.858231
vt 0.231826 0.856352
vt 0.182158 0.828373
vt 0.182041 0.817986
vt 0.181763 0.816775
vt 0.182041 0.816735
vt 0.181953 0.815585
vt 0.181957 0.832063
vt 0.184811 0.855952
vt 0.184540 0.854978
vt 0.184812 0.854930
vt 0.184733 0.853814
vt 0.240745 0.899195
vt 0.139033 0.867700
vt 0.139238 0.867737
vt 0.213198 0.881030
vt 0.226269 0.878268
vt 0.212693 0.890462
vt 0.225393 0.894605
vt 0.216836 0.877762
vt 0.220609 0.895616
vt 0.221620 0.876751
vt 0.185366 0.869497
vt 0.182169 0.823695
vt 0.182196 0.823223
vt 0.182163 0.820861
vt 0.182098 0.820939
vt 0.182167 0.815476
vt 0.182200 0.814975
vt 0.182195 0.813864
vt 0.182181 0.813341
vt 0.182195 0.812753
vt 0.182041 0.832293
vt 0.182054 0.831920
vt 0.182179 0.836480
vt 0.182195 0.836851
vt 0.182179 0.837094
vt 0.182042 0.818999
vt 0.242408 0.901064
vt 0.242561 0.901640
vt 0.182079 0.836984
vt 0.182045 0.836587
vt 0.182079 0.836290
vt 0.182090 0.832685
vt 0.182054 0.832207
vt 0.182090 0.831920
vt 0.182166 0.835610
vt 0.182180 0.836009
vt 0.182166 0.836278
vt 0.182167 0.827952
vt 0.182181 0.828322
vt 0.182105 0.834546
vt 0.182044 0.834103
vt 0.267751 0.845375
vt 0.267646 0.831823
vt 0.265759 0.860488
vt 0.277437 0.769639
vt 0.265663 0.859397
vt 0.277322 0.763376
vt 0.267619 0.844079
vt 0.265564 0.857855
vt 0.277980 0.843043
vt 0.267535 0.833211
vt 0.265945 0.846840
vt 0.265522 0.851514
vt 0.265489 0.852616
vt 0.278068 0.835571
vt 0.267424 0.835463
vt 0.267381 0.837905
vt 0.265500 0.856252
vt 0.267395 0.836618
vt 0.278015 0.834393
vt 0.267512 0.842614
vt 0.278045 0.841886
vt 0.265715 0.848626
vt 0.277408 0.770884
vt 0.277434 0.766411
vt 0.277225 0.761975
vt 0.267474 0.834262
vt 0.277779 0.845282
vt 0.277390 0.764828
vt 0.278085 0.840804
vt 0.265471 0.853857
vt 0.277184 0.774887
vt 0.265822 0.847740
vt 0.265600 0.850029
vt 0.277944 0.833210
vt 0.267437 0.841097
vt 0.278109 0.837144
vt 0.277286 0.773546
vt 0.278119 0.838407
vt 0.277087 0.775857
vt 0.277903 0.844071
vt 0.278113 0.839549
vt 0.265476 0.855031
vt 0.277830 0.831816
vt 0.267784 0.830577
vt 0.265878 0.861581
vt 0.277366 0.772056
vt 0.277450 0.768057
vt 0.267394 0.839530
vt 0.259262 0.803905
vt 0.257115 0.801536
vt 0.259289 0.801549
vt 0.141843 0.881411
vt 0.141954 0.878770
vt 0.143024 0.879643
vt 0.148259 0.896901
vt 0.145639 0.897301
vt 0.146295 0.896088
vt 0.163561 0.885325
vt 0.162199 0.887586
vt 0.162199 0.885460
vt 0.147853 0.874828
vt 0.150344 0.875731
vt 0.148259 0.876145
vt 0.141843 0.891636
vt 0.139706 0.890071
vt 0.141030 0.889672
vt 0.159152 0.895970
vt 0.156519 0.896088
vt 0.158286 0.894907
vt 0.156519 0.876959
vt 0.159153 0.877076
vt 0.158286 0.878140
vt 0.139706 0.882975
vt 0.141030 0.883375
vt 0.150202 0.898685
vt 0.150344 0.897316
vt 0.163094 0.882975
vt 0.161784 0.883375
vt 0.146295 0.876959
vt 0.143024 0.893403
vt 0.140623 0.892284
vt 0.162177 0.892284
vt 0.159789 0.893403
vt 0.160971 0.891636
vt 0.154947 0.874828
vt 0.154555 0.876145
vt 0.139239 0.885325
vt 0.140615 0.885460
vt 0.152470 0.897316
vt 0.160971 0.881411
vt 0.143648 0.877076
vt 0.144528 0.878140
vt 0.143647 0.895970
vt 0.144527 0.894907
vt 0.161784 0.889672
vt 0.152598 0.874360
vt 0.152470 0.875731
vt 0.139239 0.887721
vt 0.140615 0.887586
vt 0.154555 0.896901
vt 0.152598 0.898685
vt 0.159790 0.879643
vt 0.162177 0.880762
vt 0.163094 0.890071
vt 0.150202 0.874360
vt 0.257971 0.860350
vt 0.260034 0.862589
vt 0.257867 0.862563
vt 0.154947 0.898218
vt 0.259289 0.806300
vt 0.257088 0.803916
vt 0.186172 0.834769
vt 0.183968 0.837141
vt 0.183999 0.834781
vt 0.179238 0.856405
vt 0.181316 0.854006
vt 0.181409 0.856345
vt 0.186140 0.832349
vt 0.183968 0.832386
vt 0.179390 0.858620
vt 0.181560 0.858537
vt 0.258007 0.858001
vt 0.260140 0.860354
vt 0.257196 0.808702
vt 0.259370 0.808643
vt 0.257971 0.855606
vt 0.260175 0.857981
vt 0.259501 0.810843
vt 0.183875 0.830048
vt 0.179595 0.860602
vt 0.181763 0.860500
vt 0.185894 0.827772
vt 0.183724 0.827855
vt 0.259862 0.864601
vt 0.257467 0.866248
vt 0.257696 0.864555
vt 0.257867 0.853256
vt 0.260140 0.855561
vt 0.259676 0.812816
vt 0.257328 0.810924
vt 0.259862 0.850952
vt 0.257696 0.851042
vt 0.181560 0.844998
vt 0.179595 0.843196
vt 0.181763 0.843267
vt 0.185689 0.825790
vt 0.183521 0.825892
vt 0.257328 0.797257
vt 0.259676 0.795595
vt 0.259501 0.797312
vt 0.257467 0.849050
vt 0.179238 0.846985
vt 0.181409 0.847018
vt 0.183724 0.841394
vt 0.185689 0.843196
vt 0.183521 0.843125
vt 0.179144 0.849240
vt 0.181316 0.849251
vt 0.259370 0.799323
vt 0.186046 0.839407
vt 0.183875 0.839374
vt 0.181285 0.851611
vt 0.186140 0.837152
vt 0.179113 0.851624
vt 0.221358 0.824657
vt 0.221082 0.827539
vt 0.220156 0.825303
vt 0.196986 0.832332
vt 0.195618 0.829777
vt 0.196986 0.829912
vt 0.219864 0.822422
vt 0.218812 0.823291
vt 0.196142 0.835103
vt 0.197458 0.834706
vt 0.217963 0.820521
vt 0.217101 0.821580
vt 0.198384 0.836941
vt 0.215089 0.820235
vt 0.198664 0.839822
vt 0.199728 0.838953
vt 0.213245 0.817998
vt 0.212853 0.819309
vt 0.200565 0.841722
vt 0.201439 0.840665
vt 0.210480 0.818837
vt 0.202800 0.843216
vt 0.203451 0.842009
vt 0.208060 0.818837
vt 0.210608 0.817474
vt 0.205283 0.844245
vt 0.205687 0.842935
vt 0.205284 0.817998
vt 0.205687 0.819309
vt 0.207920 0.844769
vt 0.208060 0.843407
vt 0.202800 0.819027
vt 0.203451 0.820235
vt 0.221357 0.837586
vt 0.218811 0.838953
vt 0.220156 0.836941
vt 0.210608 0.844769
vt 0.210480 0.843407
vt 0.200565 0.820521
vt 0.201439 0.821580
vt 0.222386 0.835102
vt 0.221082 0.834705
vt 0.212853 0.842935
vt 0.199728 0.823291
vt 0.221554 0.832332
vt 0.215728 0.843216
vt 0.215088 0.842009
vt 0.198384 0.825303
vt 0.198664 0.822422
vt 0.222911 0.829777
vt 0.221554 0.829912
vt 0.217963 0.841722
vt 0.217100 0.840665
vt 0.197458 0.827539
vt 0.197171 0.824657
vt 0.222386 0.827141
vt 0.219864 0.839822
vt 0.196142 0.827141
vt 0.216990 0.816642
vt 0.215728 0.819027
vt 0.196562 0.841536
vt 0.197171 0.837586
vt 0.198838 0.843811
vt 0.214017 0.815411
vt 0.207920 0.817474
vt 0.210861 0.814783
vt 0.201513 0.845599
vt 0.204487 0.815411
vt 0.207643 0.847459
vt 0.201514 0.816642
vt 0.223729 0.838860
vt 0.198838 0.818430
vt 0.213244 0.844245
vt 0.210861 0.847459
vt 0.196562 0.820706
vt 0.225588 0.832730
vt 0.222911 0.832466
vt 0.214017 0.846831
vt 0.225588 0.829512
vt 0.219666 0.843811
vt 0.194775 0.823382
vt 0.224961 0.826355
vt 0.192915 0.829512
vt 0.223729 0.823382
vt 0.192915 0.832730
vt 0.195618 0.832466
vt 0.221941 0.820706
vt 0.193543 0.835886
vt 0.219666 0.818430
vt 0.194774 0.838860
vt 0.207401 0.812320
vt 0.207643 0.814783
vt 0.204486 0.846831
vt 0.200347 0.847781
vt 0.203769 0.813043
vt 0.207400 0.849921
vt 0.200347 0.814460
vt 0.225911 0.840026
vt 0.221941 0.841536
vt 0.211103 0.849921
vt 0.197268 0.816518
vt 0.224961 0.835886
vt 0.214735 0.849199
vt 0.194650 0.819136
vt 0.227328 0.836605
vt 0.218156 0.847781
vt 0.216990 0.845599
vt 0.228050 0.832972
vt 0.221235 0.845724
vt 0.193543 0.826355
vt 0.192593 0.822215
vt 0.228051 0.829269
vt 0.191176 0.825637
vt 0.225911 0.822215
vt 0.190453 0.829269
vt 0.223854 0.819136
vt 0.190453 0.832972
vt 0.191175 0.836605
vt 0.218157 0.814460
vt 0.194650 0.843105
vt 0.197268 0.845724
vt 0.211103 0.812320
vt 0.195155 0.813929
vt 0.228877 0.841606
vt 0.215719 0.852406
vt 0.192072 0.817012
vt 0.231396 0.833302
vt 0.223372 0.848315
vt 0.189650 0.820637
vt 0.230546 0.824665
vt 0.227328 0.825637
vt 0.226455 0.845232
vt 0.223854 0.843105
vt 0.187981 0.824665
vt 0.187131 0.833302
vt 0.226455 0.817012
vt 0.187981 0.837578
vt 0.223372 0.813929
vt 0.221235 0.816518
vt 0.192592 0.840026
vt 0.192072 0.845232
vt 0.214735 0.813043
vt 0.219747 0.811506
vt 0.195154 0.848315
vt 0.215720 0.809838
vt 0.207084 0.808987
vt 0.203768 0.849199
vt 0.198779 0.850737
vt 0.202808 0.809838
vt 0.207083 0.853256
vt 0.198780 0.811506
vt 0.188801 0.820179
vt 0.232371 0.828847
vt 0.231396 0.828942
vt 0.223996 0.849066
vt 0.186172 0.828847
vt 0.187131 0.828942
vt 0.229742 0.820179
vt 0.228877 0.820637
vt 0.187059 0.837861
vt 0.227214 0.816396
vt 0.189650 0.841606
vt 0.220213 0.810650
vt 0.188800 0.842065
vt 0.216009 0.808908
vt 0.194546 0.849066
vt 0.211444 0.808987
vt 0.198329 0.851594
vt 0.202807 0.852406
vt 0.202533 0.808908
vt 0.202533 0.853336
vt 0.198330 0.810650
vt 0.229741 0.842065
vt 0.211546 0.854224
vt 0.211443 0.853256
vt 0.194546 0.813178
vt 0.230545 0.837578
vt 0.231483 0.837861
vt 0.220213 0.851594
vt 0.219747 0.850737
vt 0.232370 0.833397
vt 0.262324 0.782752
vt 0.264477 0.784920
vt 0.262299 0.784954
vt 0.135427 0.883488
vt 0.134397 0.881450
vt 0.135980 0.883034
vt 0.132197 0.899725
vt 0.134397 0.899113
vt 0.132534 0.900357
vt 0.116492 0.891331
vt 0.116216 0.893598
vt 0.128198 0.879625
vt 0.126029 0.878912
vt 0.128269 0.878912
vt 0.137806 0.891331
vt 0.138082 0.893598
vt 0.137396 0.893390
vt 0.122101 0.899725
vt 0.123832 0.901214
vt 0.121763 0.900357
vt 0.120356 0.882004
vt 0.118317 0.883034
vt 0.119901 0.881450
vt 0.136593 0.885233
vt 0.137225 0.884896
vt 0.130257 0.900529
vt 0.130465 0.901214
vt 0.115779 0.889161
vt 0.116492 0.889232
vt 0.130257 0.880034
vt 0.130465 0.879349
vt 0.136593 0.895329
vt 0.137225 0.895667
vt 0.120356 0.898559
vt 0.118317 0.897529
vt 0.118871 0.897075
vt 0.119901 0.899113
vt 0.122101 0.880837
vt 0.121763 0.880206
vt 0.138082 0.886965
vt 0.137396 0.887173
vt 0.128269 0.901651
vt 0.128198 0.900938
vt 0.116216 0.886965
vt 0.116902 0.887173
vt 0.132534 0.880206
vt 0.132197 0.880837
vt 0.135427 0.897075
vt 0.135980 0.897529
vt 0.117705 0.895329
vt 0.117073 0.895667
vt 0.123832 0.879348
vt 0.124040 0.880034
vt 0.138519 0.889162
vt 0.137806 0.889232
vt 0.126099 0.900938
vt 0.126029 0.901651
vt 0.117073 0.884896
vt 0.117705 0.885233
vt 0.133942 0.882004
vt 0.133942 0.898559
vt 0.116902 0.893390
vt 0.126099 0.879625
vt 0.265438 0.857450
vt 0.263176 0.859622
vt 0.263275 0.857526
vt 0.138519 0.891401
vt 0.118871 0.883488
vt 0.124040 0.900529
vt 0.262324 0.787193
vt 0.264502 0.787189
vt 0.262798 0.873643
vt 0.260598 0.875911
vt 0.260628 0.873677
vt 0.259706 0.805696
vt 0.261964 0.807906
vt 0.259792 0.807882
vt 0.262769 0.871404
vt 0.260598 0.871409
vt 0.259933 0.809932
vt 0.262107 0.809983
vt 0.263309 0.855301
vt 0.265471 0.855254
vt 0.262399 0.789384
vt 0.264578 0.789407
vt 0.265438 0.853014
vt 0.263275 0.853033
vt 0.262522 0.791440
vt 0.264702 0.791491
vt 0.260511 0.869194
vt 0.262682 0.869217
vt 0.262299 0.811841
vt 0.260123 0.811767
vt 0.260368 0.867117
vt 0.262541 0.867168
vt 0.264967 0.862963
vt 0.263015 0.861508
vt 0.265181 0.861380
vt 0.265340 0.850818
vt 0.263176 0.850808
vt 0.262686 0.793285
vt 0.264869 0.793359
vt 0.265181 0.848749
vt 0.263015 0.848712
vt 0.260123 0.795657
vt 0.262107 0.797161
vt 0.259933 0.797275
vt 0.260175 0.865259
vt 0.262351 0.865333
vt 0.262686 0.777185
vt 0.264702 0.778677
vt 0.262522 0.778791
vt 0.262798 0.846825
vt 0.264967 0.846886
vt 0.261964 0.799074
vt 0.259792 0.799164
vt 0.262351 0.881442
vt 0.260368 0.879939
vt 0.262541 0.879825
vt 0.259706 0.801251
vt 0.261876 0.801189
vt 0.264578 0.780581
vt 0.262399 0.780671
vt 0.264502 0.782689
vt 0.260511 0.878026
vt 0.262682 0.877936
vt 0.261846 0.803423
vt 0.259676 0.803457
vt 0.262769 0.875848
vt 0.261876 0.805691
vt 0.265340 0.859519
vt 0.151370 0.786235
vt 0.150078 0.788987
vt 0.149566 0.786413
vt 0.173096 0.779645
vt 0.173237 0.776608
vt 0.174695 0.778790
vt 0.149566 0.783788
vt 0.151370 0.783966
vt 0.175699 0.781214
vt 0.173964 0.781741
vt 0.150078 0.781214
vt 0.151813 0.781741
vt 0.176211 0.783788
vt 0.174407 0.783966
vt 0.151082 0.778790
vt 0.152681 0.779645
vt 0.176211 0.786413
vt 0.174407 0.786235
vt 0.152540 0.776608
vt 0.153942 0.777758
vt 0.173964 0.788460
vt 0.175699 0.788987
vt 0.154396 0.774752
vt 0.155546 0.776154
vt 0.174695 0.791411
vt 0.173096 0.790556
vt 0.156578 0.773294
vt 0.157433 0.774893
vt 0.171835 0.792443
vt 0.173237 0.793593
vt 0.159529 0.774025
vt 0.159002 0.772290
vt 0.171381 0.795449
vt 0.170231 0.794047
vt 0.161754 0.773583
vt 0.161576 0.771778
vt 0.159529 0.796176
vt 0.156578 0.796907
vt 0.157433 0.795308
vt 0.169199 0.796907
vt 0.168344 0.795308
vt 0.164023 0.773583
vt 0.164201 0.771778
vt 0.155546 0.794047
vt 0.154396 0.795449
vt 0.166248 0.796176
vt 0.166775 0.797911
vt 0.166248 0.774025
vt 0.166775 0.772290
vt 0.152540 0.793593
vt 0.153942 0.792443
vt 0.164023 0.796619
vt 0.164201 0.798423
vt 0.169199 0.773294
vt 0.168344 0.774893
vt 0.151082 0.791411
vt 0.152681 0.790556
vt 0.161576 0.798423
vt 0.161754 0.796619
vt 0.170231 0.776154
vt 0.171381 0.774752
vt 0.151813 0.788460
vt 0.159002 0.797911
vt 0.171835 0.777758
vt 0.148542 0.777432
vt 0.179078 0.786695
vt 0.150314 0.774781
vt 0.178455 0.789823
vt 0.152569 0.772526
vt 0.177235 0.792769
vt 0.155220 0.770754
vt 0.175463 0.795420
vt 0.158166 0.769534
vt 0.173208 0.797675
vt 0.161294 0.768912
vt 0.158166 0.800667
vt 0.155220 0.799447
vt 0.170557 0.799447
vt 0.164483 0.768912
vt 0.152569 0.797675
vt 0.167611 0.800667
vt 0.167611 0.769534
vt 0.150314 0.795420
vt 0.164483 0.801290
vt 0.170557 0.770754
vt 0.148542 0.792769
vt 0.161294 0.801290
vt 0.173208 0.772526
vt 0.147322 0.789823
vt 0.175463 0.774781
vt 0.146700 0.786695
vt 0.177235 0.777432
vt 0.146700 0.783506
vt 0.178455 0.780378
vt 0.147322 0.780378
vt 0.179078 0.783506
vt 0.150820 0.770395
vt 0.153921 0.768323
vt 0.179666 0.794068
vt 0.177594 0.797169
vt 0.157366 0.766896
vt 0.174957 0.799806
vt 0.161024 0.766168
vt 0.157366 0.803305
vt 0.153921 0.801878
vt 0.171856 0.801878
vt 0.164753 0.766168
vt 0.150820 0.799806
vt 0.168411 0.803305
vt 0.168411 0.766896
vt 0.148183 0.797169
vt 0.164753 0.804033
vt 0.171856 0.768323
vt 0.146111 0.794068
vt 0.161024 0.804033
vt 0.174957 0.770395
vt 0.144684 0.790623
vt 0.177594 0.773032
vt 0.143956 0.786965
vt 0.179666 0.776133
vt 0.143956 0.783236
vt 0.181093 0.779578
vt 0.144684 0.779578
vt 0.181821 0.783236
vt 0.146111 0.776133
vt 0.181821 0.786965
vt 0.148183 0.773032
vt 0.181093 0.790623
vt 0.160669 0.762561
vt 0.165108 0.762561
vt 0.152212 0.805075
vt 0.148520 0.802608
vt 0.169463 0.806774
vt 0.169463 0.763427
vt 0.145381 0.799469
vt 0.165109 0.807640
vt 0.173565 0.765126
vt 0.142914 0.795777
vt 0.160669 0.807640
vt 0.177257 0.767593
vt 0.141215 0.791675
vt 0.156314 0.806774
vt 0.180396 0.770732
vt 0.140349 0.787320
vt 0.182863 0.774424
vt 0.140349 0.782881
vt 0.184562 0.778526
vt 0.141215 0.778526
vt 0.185428 0.782881
vt 0.142914 0.774424
vt 0.185428 0.787320
vt 0.145381 0.770732
vt 0.184562 0.791675
vt 0.148520 0.767593
vt 0.182863 0.795777
vt 0.152212 0.765126
vt 0.180396 0.799469
vt 0.156314 0.763427
vt 0.177257 0.802608
vt 0.173565 0.805075
vt 0.173917 0.764467
vt 0.177731 0.767015
vt 0.140500 0.791892
vt 0.160595 0.808384
vt 0.156097 0.807489
vt 0.180974 0.770258
vt 0.183522 0.774072
vt 0.185277 0.778309
vt 0.140500 0.778309
vt 0.186172 0.782807
vt 0.142255 0.774072
vt 0.186172 0.787394
vt 0.144803 0.770259
vt 0.185277 0.791892
vt 0.148046 0.767015
vt 0.183522 0.796129
vt 0.151860 0.764467
vt 0.180974 0.799943
vt 0.156097 0.762712
vt 0.177731 0.803186
vt 0.151860 0.805734
vt 0.173917 0.805734
vt 0.148046 0.803186
vt 0.169680 0.807489
vt 0.169680 0.762712
vt 0.144803 0.799943
vt 0.165182 0.808384
vt 0.142255 0.796129
vt 0.152495 0.820956
vt 0.164055 0.825400
vt 0.152555 0.825505
vt 0.152319 0.816513
vt 0.163995 0.820815
vt 0.152032 0.812349
vt 0.163817 0.816338
vt 0.151647 0.808621
vt 0.163528 0.812140
vt 0.257467 0.814197
vt 0.245562 0.817471
vt 0.246001 0.814229
vt 0.257033 0.817413
vt 0.245237 0.821283
vt 0.256709 0.821196
vt 0.245036 0.825519
vt 0.256443 0.829861
vt 0.256510 0.825399
vt 0.245036 0.834603
vt 0.244968 0.830017
vt 0.256510 0.834411
vt 0.245237 0.839101
vt 0.256709 0.838874
vt 0.245562 0.843338
vt 0.257033 0.843079
vt 0.246001 0.847151
vt 0.176077 0.811690
vt 0.164970 0.808384
vt 0.176463 0.808403
vt 0.175791 0.815528
vt 0.164581 0.811697
vt 0.175614 0.819769
vt 0.164292 0.815565
vt 0.175555 0.824250
vt 0.164115 0.819839
vt 0.175614 0.828800
vt 0.164055 0.824355
vt 0.175791 0.833242
vt 0.164115 0.828940
vt 0.176077 0.837407
vt 0.164292 0.833418
vt 0.164581 0.837615
vt 0.232803 0.810908
vt 0.243986 0.814197
vt 0.232469 0.814170
vt 0.233051 0.807089
vt 0.244323 0.810908
vt 0.233204 0.802861
vt 0.244573 0.807059
vt 0.244779 0.798288
vt 0.244727 0.802798
vt 0.233256 0.798386
vt 0.244727 0.793702
vt 0.233204 0.793836
vt 0.244573 0.789217
vt 0.233051 0.789386
vt 0.244323 0.785005
vt 0.232803 0.785207
vt 0.243986 0.781228
vt 0.151647 0.841353
vt 0.163528 0.838059
vt 0.163140 0.841372
vt 0.152032 0.838065
vt 0.163817 0.834191
vt 0.152319 0.834228
vt 0.163995 0.829917
vt 0.152495 0.829986
vt 0.281004 0.874813
vt 0.274488 0.876589
vt 0.274637 0.874844
vt 0.274729 0.872905
vt 0.281097 0.872849
vt 0.274760 0.870847
vt 0.281128 0.870764
vt 0.281097 0.868639
vt 0.274729 0.868748
vt 0.274637 0.866689
vt 0.281004 0.866553
vt 0.280853 0.864589
vt 0.274488 0.864750
vt 0.274287 0.863004
vt 0.280650 0.862822
vt 0.267719 0.790787
vt 0.274098 0.790806
vt 0.274231 0.789013
vt 0.267851 0.789017
vt 0.267933 0.787061
vt 0.274314 0.787032
vt 0.267960 0.784993
vt 0.274342 0.784938
vt 0.267933 0.782895
vt 0.274314 0.782813
vt 0.274231 0.780737
vt 0.267851 0.780846
vt 0.267719 0.778924
vt 0.274098 0.778791
vt 0.273917 0.777050
vt 0.267541 0.777205
vt 0.257679 0.885207
vt 0.264224 0.883724
vt 0.264070 0.885229
vt 0.257563 0.886991
vt 0.263955 0.886991
vt 0.263885 0.888941
vt 0.257492 0.888966
vt 0.263861 0.891006
vt 0.257467 0.891057
vt 0.257492 0.893183
vt 0.263885 0.893105
vt 0.257563 0.895262
vt 0.263955 0.895157
vt 0.257679 0.897214
vt 0.264070 0.897085
vt 0.257835 0.898965
vt 0.264224 0.898814
vt 0.265895 0.878675
vt 0.272093 0.880229
vt 0.265715 0.880210
vt 0.265581 0.882003
vt 0.271961 0.881999
vt 0.271880 0.883956
vt 0.265499 0.883985
vt 0.271852 0.886023
vt 0.265471 0.886078
vt 0.271880 0.888121
vt 0.265499 0.888204
vt 0.271961 0.890171
vt 0.265581 0.890279
vt 0.265715 0.892225
vt 0.272093 0.892092
vt 0.265895 0.893966
vt 0.272271 0.893811
vt 0.280650 0.878083
vt 0.280853 0.876580
vt 0.267323 0.776404
vt 0.254476 0.880121
vt 0.277709 0.792342
vt 0.265369 0.776732
vt 0.257467 0.839898
vt 0.187556 0.872147
vt 0.204094 0.855608
vt 0.186639 0.862838
vt 0.192573 0.855608
vt 0.207779 0.874139
vt 0.199531 0.878549
vt 0.209110 0.860625
vt 0.210027 0.869934
vt 0.186172 0.867584
vt 0.179081 0.819745
vt 0.176494 0.836637
vt 0.178987 0.812581
vt 0.176945 0.843196
vt 0.259258 0.778126
vt 0.258012 0.848940
vt 0.259436 0.762723
vt 0.176740 0.827538
vt 0.258012 0.831568
vt 0.178835 0.824042
vt 0.232370 0.782644
vt 0.186172 0.787195
vt 0.223996 0.766975
vt 0.188801 0.795862
vt 0.206996 0.761818
vt 0.231483 0.791657
vt 0.216009 0.807133
vt 0.191328 0.770193
vt 0.262299 0.811831
vt 0.267541 0.777050
vt 0.260175 0.830516
vt 0.150732 0.808384
vt 0.257088 0.747989
vt 0.152562 0.874360
vt 0.244968 0.847441
vt 0.232469 0.895360
vt 0.281182 0.777059
vt 0.246494 0.880107
vt 0.269397 0.845756
vt 0.265950 0.878495
vt 0.257106 0.880121
vt 0.278984 0.760731
vt 0.265815 0.830198
vt 0.210494 0.889513
vt 0.187556 0.896472
vt 0.204094 0.879933
vt 0.186639 0.887163
vt 0.192573 0.879933
vt 0.207779 0.898464
vt 0.209110 0.884950
vt 0.210027 0.894259
vt 0.257503 0.877061
vt 0.183553 0.819230
vt 0.181637 0.829987
vt 0.259258 0.795522
vt 0.258012 0.883683
vt 0.183799 0.810132
vt 0.258012 0.866311
vt 0.181485 0.841448
vt 0.187059 0.731615
vt 0.232370 0.736078
vt 0.227214 0.753079
vt 0.223996 0.720409
vt 0.191328 0.753080
vt 0.206996 0.715252
vt 0.231483 0.745091
vt 0.216009 0.760567
vt 0.191328 0.723627
vt 0.262798 0.830506
vt 0.260123 0.778262
vt 0.265471 0.863112
vt 0.257088 0.813966
vt 0.140154 0.874360
vt 0.232469 0.814486
vt 0.267541 0.807596
vt 0.272750 0.878675
vt 0.246070 0.880144
vt 0.268860 0.775971
vt 0.267769 0.829870
vt 0.275831 0.792345
vt 0.277597 0.814197
vt 0.265950 0.846512
vt 0.176524 0.851590
vt 0.117362 0.867947
vt 0.110961 0.877527
vt 0.110962 0.855971
vt 0.093507 0.863201
vt 0.099441 0.855971
vt 0.095754 0.874502
vt 0.114647 0.874502
vt 0.106399 0.878912
vt 0.093040 0.867947
vt 0.114647 0.858996
vt 0.184381 0.854558
vt 0.179144 0.819230
vt 0.184287 0.847393
vt 0.179596 0.825790
vt 0.259631 0.831568
vt 0.260034 0.818445
vt 0.176942 0.860592
vt 0.179390 0.810132
vt 0.176942 0.843196
vt 0.259631 0.814197
vt 0.184135 0.858854
vt 0.138351 0.824747
vt 0.134081 0.846211
vt 0.130864 0.813541
vt 0.095668 0.842428
vt 0.122877 0.809271
vt 0.109401 0.809271
vt 0.118414 0.854587
vt 0.101414 0.813541
vt 0.264869 0.811808
vt 0.262798 0.848940
vt 0.265368 0.830516
vt 0.260176 0.847887
vt 0.243863 0.715252
vt 0.233502 0.880107
vt 0.176463 0.874123
vt 0.244779 0.748450
vt 0.267484 0.862079
vt 0.276063 0.814238
vt 0.274287 0.862859
vt 0.274284 0.862077
vt 0.267860 0.846189
vt 0.277106 0.760734
vt 0.277687 0.830516
vt 0.266053 0.862822
vt 0.140623 0.880762
vt 0.147852 0.898218
vt 0.163561 0.887721
vt 0.157160 0.897301
vt 0.157161 0.875745
vt 0.145640 0.875745
vt 0.141953 0.894276
vt 0.160846 0.894276
vt 0.160846 0.878770
vt 0.257115 0.806336
vt 0.179144 0.854043
vt 0.186046 0.829987
vt 0.259631 0.866311
vt 0.260034 0.853188
vt 0.257506 0.812917
vt 0.179390 0.844944
vt 0.257506 0.795522
vt 0.259631 0.848940
vt 0.185894 0.841448
vt 0.257196 0.799288
vt 0.187059 0.824384
vt 0.231483 0.824384
vt 0.227213 0.845849
vt 0.186172 0.833397
vt 0.223996 0.813178
vt 0.191328 0.845849
vt 0.206996 0.854224
vt 0.216009 0.853336
vt 0.191329 0.816396
vt 0.262798 0.863112
vt 0.264869 0.777050
vt 0.260175 0.881578
vt 0.163140 0.808384
vt 0.257467 0.846862
vt 0.176463 0.841134
vt 0.232469 0.781459
vt 0.267541 0.792304
vt 0.257835 0.883683
vt 0.272271 0.878712
vt 0.274287 0.878073
s 1
f 4/1/1 6/2/2 5/3/3
f 9/4/4 11/5/5 10/6/6
f 14/7/7 16/8/8 15/9/9
f 17/10/10 31/11/11 18/12/12
f 19/13/13 4/1/1 5/3/3
f 21/14/14 22/15/15 13/16/16
f 12/17/17 9/18/4 30/19/18
f 31/11/11 15/9/9 32/20/19
f 17/10/10 18/12/12 33/21/20
f 21/22/14 12/17/17 29/23/21
f 37/24/22 36/25/23 38/26/24
f 9/18/4 332/27/25 39/28/26
f 36/25/23 40/29/27 38/26/24
f 42/30/28 44/31/29 43/32/30
f 44/31/29 42/30/28 45/33/31
f 45/33/31 42/30/28 1/34/32
f 3/35/33 50/36/34 49/37/35
f 50/36/34 5/38/3 6/39/2
f 2/40/36 49/37/35 45/33/31
f 45/33/31 49/37/35 24/41/37
f 10/42/6 11/43/5 52/44/38
f 51/45/39 52/44/38 17/10/10
f 52/44/38 31/11/11 17/10/10
f 13/46/16 22/47/15 53/48/40
f 53/48/40 14/7/7 31/11/11
f 57/49/41 29/23/21 30/19/18
f 40/29/27 58/50/42 56/51/43
f 55/52/44 30/19/18 39/28/26
f 35/53/45 38/26/24 57/54/41
f 33/21/20 4/1/1 19/13/13
f 18/12/12 32/20/19 6/2/2
f 32/20/19 15/9/9 23/55/46
f 7/56/47 16/8/8 62/57/48
f 27/58/49 26/59/50 35/53/45
f 64/60/51 74/61/52 68/62/53
f 64/60/51 63/63/54 74/61/52
f 90/64/55 89/65/56 92/66/57
f 84/67/58 87/68/59 86/69/60
f 96/70/61 80/71/62 97/72/63
f 80/71/62 81/73/64 97/72/63
f 93/74/65 90/64/55 91/75/66
f 104/76/67 93/74/65 94/77/68
f 104/76/67 94/77/68 105/78/69
f 87/79/59 102/80/70 101/81/71
f 109/82/72 111/83/73 110/84/74
f 81/85/64 113/86/75 112/87/76
f 112/87/76 113/86/75 77/88/77
f 77/88/77 113/86/75 114/89/78
f 113/86/75 81/85/64 100/90/79
f 115/91/80 93/74/65 104/76/67
f 116/92/81 115/91/80 86/69/60
f 116/92/81 90/64/55 93/74/65
f 119/93/82 103/94/83 107/95/84
f 101/81/71 102/80/70 120/96/85
f 106/97/86 120/98/85 121/99/87
f 121/100/87 120/96/85 102/80/70
f 71/101/88 121/99/87 119/102/82
f 122/103/89 111/104/73 612/105/90
f 94/77/68 80/71/62 96/70/61
f 95/106/91 79/107/92 80/71/62
f 95/106/91 91/75/66 99/108/93
f 82/109/94 92/66/57 126/110/95
f 106/97/86 72/111/96 128/112/97
f 131/113/98 578/114/99 127/115/100
f 71/101/88 129/116/101 73/117/102
f 141/118/103 140/119/104 142/120/105
f 140/121/104 143/122/106 144/123/107
f 145/124/108 104/76/67 105/78/69
f 140/125/104 144/126/107 142/127/105
f 150/128/109 138/129/110 151/130/111
f 138/129/110 139/131/112 151/130/111
f 140/132/104 156/133/113 155/134/114
f 145/124/108 146/135/115 157/136/116
f 147/137/117 148/138/118 159/139/119
f 147/137/117 145/124/108 157/136/116
f 143/140/106 155/134/114 107/95/84
f 140/132/104 141/141/103 156/133/113
f 143/140/106 140/132/104 155/134/114
f 78/142/120 135/143/121 163/144/122
f 163/144/122 164/145/123 97/146/63
f 153/147/124 164/145/123 163/144/122
f 165/148/125 163/144/122 135/143/121
f 136/149/126 166/150/127 167/151/128
f 162/152/129 136/149/126 168/153/130
f 139/154/112 168/153/130 167/151/128
f 167/151/128 168/153/130 136/149/126
f 162/152/129 168/153/130 165/148/125
f 165/148/125 168/153/130 139/154/112
f 144/155/107 171/156/131 170/157/132
f 145/124/108 147/137/117 171/156/131
f 149/158/133 115/91/80 171/156/131
f 171/156/131 115/91/80 145/124/108
f 115/91/80 104/76/67 145/124/108
f 170/157/132 195/159/134 142/160/105
f 84/67/58 85/161/135 149/158/133
f 160/162/136 173/163/137 172/164/138
f 173/165/137 156/133/113 161/166/139
f 107/95/84 155/134/114 118/167/140
f 160/162/136 154/168/141 173/163/137
f 174/169/142 155/134/114 156/133/113
f 701/170/143 164/171/123 620/172/144
f 159/139/119 138/129/110 150/128/109
f 159/139/119 148/138/118 138/129/110
f 157/136/116 146/135/115 152/173/145
f 176/174/146 153/175/124 152/173/145
f 124/176/147 105/78/69 96/70/61
f 178/177/148 132/178/149 133/179/150
f 133/179/150 71/101/88 154/168/141
f 133/179/150 154/168/141 160/162/136
f 189/180/151 195/181/134 190/182/152
f 186/183/153 190/184/152 188/185/154
f 196/186/155 184/187/156 197/188/157
f 198/189/158 199/190/159 183/191/160
f 141/141/103 189/192/151 161/166/139
f 193/193/161 194/194/162 206/195/163
f 193/193/161 203/196/164 204/197/165
f 187/198/166 207/199/167 202/200/168
f 189/192/151 186/201/153 202/200/168
f 187/198/166 208/202/169 207/199/167
f 166/150/127 209/203/170 167/151/128
f 209/203/170 210/204/171 151/205/111
f 209/203/170 166/150/127 181/206/172
f 182/207/173 211/208/174 213/209/175
f 214/210/176 182/207/173 212/211/177
f 215/212/178 212/211/177 184/213/156
f 181/206/172 214/210/176 215/212/178
f 215/212/178 183/214/160 199/215/159
f 216/216/179 193/193/161 205/217/180
f 188/218/154 190/219/152 216/216/179
f 203/196/164 193/193/161 216/216/179
f 216/216/179 170/157/132 158/220/181
f 268/221/182 192/222/183 188/218/154
f 217/223/184 200/224/185 207/225/167
f 201/226/186 219/227/187 172/228/138
f 172/164/138 219/229/187 200/224/185
f 200/224/185 219/229/187 207/225/167
f 206/195/163 184/187/156 196/186/155
f 194/194/162 183/191/160 184/187/156
f 194/194/162 204/197/165 183/191/160
f 206/195/163 194/194/162 184/187/156
f 204/197/165 191/230/188 198/189/158
f 206/195/163 237/231/189 238/232/190
f 185/233/191 159/139/119 150/128/109
f 220/234/192 210/235/171 629/236/193
f 224/237/194 160/162/136 200/224/185
f 239/238/195 242/239/196 243/240/197
f 245/241/198 247/242/199 246/243/200
f 242/239/196 248/244/201 192/222/183
f 239/238/195 243/240/197 241/245/202
f 253/246/203 228/247/204 217/223/184
f 256/248/205 244/249/206 247/242/199
f 257/250/207 245/241/198 246/243/200
f 256/248/205 205/217/180 244/249/206
f 245/241/198 256/248/205 247/242/199
f 248/251/201 254/252/208 208/202/169
f 239/253/195 240/254/209 255/255/210
f 242/256/196 239/253/195 254/257/208
f 211/208/174 260/258/211 213/209/175
f 213/259/175 260/260/211 261/261/212
f 252/262/213 261/261/212 260/260/211
f 260/258/211 211/208/174 232/263/214
f 233/264/215 263/265/216 262/266/217
f 262/266/217 263/265/216 250/267/218
f 236/268/219 265/269/220 262/266/217
f 264/270/221 265/269/220 266/271/222
f 266/271/222 265/269/220 235/272/223
f 264/273/221 266/274/222 260/275/211
f 260/275/211 266/274/222 252/276/213
f 241/245/202 243/240/197 267/277/224
f 256/248/205 245/241/198 267/277/224
f 267/277/224 307/278/225 294/279/226
f 248/244/201 187/280/166 192/222/183
f 270/281/227 255/255/210 259/282/228
f 208/202/169 254/252/208 218/283/229
f 217/223/184 218/284/229 271/285/230
f 271/286/230 218/283/229 254/252/208
f 217/223/184 271/285/230 270/287/227
f 270/281/227 271/288/230 254/257/208
f 274/289/231 197/188/157 261/261/212
f 258/290/232 236/291/219 249/292/233
f 246/243/200 247/242/199 235/293/223
f 247/242/199 244/249/206 251/294/234
f 237/231/189 206/195/163 196/186/155
f 274/295/231 261/296/212 638/297/235
f 298/298/236 275/299/237 227/300/238
f 217/223/184 228/247/204 276/301/239
f 706/302/240 275/299/237 298/298/236
f 227/300/238 228/247/204 253/246/203
f 217/223/184 278/303/241 200/224/185
f 698/304/242 706/302/240 298/298/236
f 283/305/243 282/306/244 284/307/245
f 21/308/14 286/309/246 287/310/247
f 286/311/246 288/312/248 289/313/249
f 257/250/207 258/290/232 290/314/250
f 62/57/48 283/305/243 43/315/30
f 288/316/248 297/317/251 259/282/228
f 288/316/248 299/318/252 297/317/251
f 286/319/246 300/320/253 299/318/252
f 301/321/254 290/314/250 293/322/255
f 14/7/7 291/323/256 292/324/257
f 291/323/256 301/321/254 293/322/255
f 36/25/23 298/298/236 40/29/27
f 286/319/246 21/22/14 300/320/253
f 263/265/216 303/325/258 250/267/218
f 303/325/258 263/265/216 304/326/259
f 304/326/259 263/265/216 233/264/215
f 41/327/260 42/30/28 305/328/261
f 302/329/262 305/328/261 306/330/263
f 306/330/263 305/328/261 284/331/245
f 305/328/261 302/329/262 41/327/260
f 304/326/259 306/330/263 296/332/264
f 289/333/249 307/278/225 53/48/40
f 53/48/40 307/278/225 291/323/256
f 301/321/254 291/323/256 307/278/225
f 289/333/249 294/279/226 307/278/225
f 53/48/40 22/47/15 287/334/247
f 58/335/42 300/320/253 25/336/265
f 269/337/266 298/298/236 253/246/203
f 269/338/266 259/282/228 297/317/251
f 269/338/266 297/317/251 299/318/252
f 298/298/236 308/339/267 58/50/42
f 309/340/268 303/341/258 645/342/269
f 16/8/8 283/305/243 62/57/48
f 292/324/257 293/322/255 282/306/244
f 293/322/255 290/314/250 295/343/270
f 318/344/271 317/345/272 319/346/273
f 326/347/274 17/10/10 34/348/275
f 322/349/276 323/350/277 327/351/278
f 328/352/279 331/353/280 330/354/281
f 324/355/282 325/356/283 323/357/277
f 333/358/284 318/344/271 334/359/285
f 324/360/282 339/361/286 337/362/287
f 324/360/282 322/363/276 340/364/288
f 328/352/279 326/347/274 341/365/289
f 317/345/272 336/366/290 319/346/273
f 329/367/291 330/354/281 343/368/292
f 322/363/276 344/369/293 340/364/288
f 46/370/294 345/371/295 47/372/296
f 345/373/295 346/374/297 20/375/298
f 336/366/290 346/374/297 345/373/295
f 345/371/295 46/370/294 314/376/299
f 316/377/300 348/378/301 350/379/302
f 315/380/303 349/381/304 351/382/305
f 351/382/305 349/381/304 319/383/273
f 349/381/304 315/380/303 316/377/300
f 315/380/303 351/382/305 347/384/306
f 347/385/306 351/386/305 319/346/273
f 352/387/307 353/388/308 329/367/291
f 323/357/277 325/356/283 353/388/308
f 353/388/308 326/347/274 328/352/279
f 325/356/283 10/42/6 51/45/39
f 329/367/291 342/389/309 352/387/307
f 338/390/310 356/391/311 354/392/312
f 354/393/312 356/394/311 340/364/288
f 338/390/310 355/395/313 356/391/311
f 356/394/311 355/396/313 339/361/286
f 54/397/314 39/28/26 337/398/287
f 356/394/311 339/361/286 340/364/288
f 330/354/281 318/344/271 333/358/284
f 330/354/281 331/353/280 317/345/272
f 331/353/280 341/365/289 335/399/315
f 19/13/13 20/375/298 357/400/316
f 178/177/148 361/401/317 127/115/100
f 363/402/318 362/403/319 64/60/51
f 369/404/320 368/405/321 370/406/322
f 375/407/323 377/408/324 376/409/325
f 379/410/326 369/404/320 380/411/327
f 378/412/328 327/413/278 374/414/329
f 322/363/276 378/415/328 344/369/293
f 378/415/328 371/416/330 385/417/331
f 371/416/330 387/418/332 386/419/333
f 390/420/334 376/409/325 391/421/335
f 388/422/336 342/389/309 343/368/292
f 392/423/337 277/424/338 384/425/339
f 372/426/340 394/427/341 387/418/332
f 350/428/302 395/429/342 334/359/285
f 395/430/342 350/379/302 396/431/343
f 396/431/343 350/379/302 348/378/301
f 367/432/344 397/433/345 399/434/346
f 365/435/347 366/436/348 400/437/349
f 400/437/349 370/438/322 382/439/350
f 388/422/336 375/407/323 402/440/351
f 374/441/329 327/442/278 402/440/351
f 402/440/351 342/389/309 388/422/336
f 401/443/352 426/444/353 373/445/354
f 344/369/293 385/417/331 354/393/312
f 404/446/355 385/417/331 386/419/333
f 393/447/356 354/392/312 404/448/355
f 404/446/355 354/393/312 385/417/331
f 384/425/339 404/448/355 403/449/357
f 403/450/357 404/446/355 387/418/332
f 404/446/355 386/419/333 387/418/332
f 407/451/358 334/359/285 395/429/342
f 376/409/325 369/404/320 379/410/326
f 376/409/325 377/408/324 368/405/321
f 377/408/324 389/452/359 381/453/360
f 391/421/335 416/454/361 455/455/362
f 359/456/363 343/368/292 333/358/284
f 407/457/358 395/458/342 660/459/364
f 383/460/365 338/390/310 393/447/356
f 414/461/366 413/462/367 415/463/368
f 418/464/369 417/465/370 419/466/371
f 417/312/370 420/467/372 421/468/373
f 423/469/374 425/470/375 424/471/376
f 427/472/377 414/461/366 428/473/378
f 414/461/366 415/463/368 428/473/378
f 432/474/379 439/475/380 431/476/381
f 420/477/372 434/478/382 433/479/383
f 417/480/370 435/481/384 434/478/382
f 413/462/367 430/482/385 415/463/368
f 436/483/386 390/420/334 422/484/387
f 423/469/374 436/483/386 425/470/375
f 397/433/345 441/485/388 399/434/346
f 399/434/346 441/485/388 442/486/389
f 441/485/388 397/433/345 443/487/390
f 444/488/391 446/489/392 445/490/393
f 412/491/394 445/490/393 448/492/395
f 448/492/395 445/490/393 415/493/368
f 447/494/396 448/492/395 441/485/388
f 449/495/397 423/469/374 437/496/398
f 421/497/373 450/498/399 449/495/397
f 436/483/386 423/469/374 450/498/399
f 426/444/353 401/443/352 450/498/399
f 437/496/398 451/499/400 449/495/397
f 420/477/372 372/426/340 426/500/353
f 432/474/379 453/501/401 452/502/402
f 431/476/381 403/449/357 433/503/383
f 431/476/381 433/503/383 454/504/403
f 431/476/381 454/504/403 453/501/401
f 453/505/401 454/506/403 434/478/382
f 460/507/404 380/411/327 442/508/389
f 424/471/376 414/461/366 427/472/377
f 424/471/376 425/470/375 413/462/367
f 425/470/375 422/484/387 429/509/405
f 460/510/404 459/511/406 667/512/407
f 461/513/408 440/514/409 485/515/410
f 462/516/411 461/513/408 485/515/410
f 485/515/410 439/475/380 432/474/379
f 463/517/412 462/516/411 485/515/410
f 464/518/413 463/517/412 485/515/410
f 475/519/414 437/496/398 438/520/415
f 478/521/416 479/522/417 474/523/418
f 480/524/419 469/525/420 481/526/421
f 478/527/416 484/528/422 435/481/384
f 478/529/416 471/530/423 486/531/424
f 471/530/423 487/532/425 486/531/424
f 476/533/426 475/519/414 488/534/427
f 489/535/428 476/533/426 477/536/429
f 506/537/430 485/515/410 491/538/431
f 471/530/423 472/539/432 487/532/425
f 446/540/392 493/541/433 428/473/378
f 493/542/433 446/543/392 466/544/434
f 466/545/434 446/489/392 444/488/391
f 467/546/435 494/547/436 496/548/437
f 497/549/438 467/546/435 495/550/439
f 498/551/440 470/552/441 483/553/442
f 466/545/434 497/554/438 498/555/440
f 466/545/434 498/555/440 483/556/442
f 499/557/443 476/533/426 489/535/428
f 474/523/418 479/522/417 451/499/400
f 451/499/400 475/519/414 476/533/426
f 479/522/417 419/466/371 451/499/400
f 451/499/400 437/496/398 475/519/414
f 489/535/428 551/558/444 499/557/443
f 499/557/443 551/558/444 473/559/445
f 478/521/416 418/464/369 419/466/371
f 500/560/446 487/532/425 492/561/447
f 484/528/422 501/562/448 452/563/402
f 501/564/448 485/515/410 432/474/379
f 452/563/402 435/481/384 484/528/422
f 501/562/448 484/528/422 486/565/424
f 491/538/431 485/515/410 500/566/446
f 501/567/448 486/531/424 487/532/425
f 502/568/449 493/569/433 675/570/450
f 490/571/451 469/525/420 480/524/419
f 477/536/429 468/572/452 469/525/420
f 477/536/429 488/534/427 468/572/452
f 490/571/451 515/573/453 516/574/454
f 457/575/455 438/520/415 427/472/377
f 505/576/456 485/515/410 506/537/430
f 505/576/456 464/518/413 485/515/410
f 517/577/457 519/578/458 518/579/459
f 521/580/460 489/535/428 490/571/451
f 524/581/461 523/582/462 525/583/463
f 526/584/464 527/585/465 519/578/458
f 528/586/466 513/587/467 529/588/468
f 513/587/467 514/589/469 529/588/468
f 472/539/432 526/584/464 532/590/470
f 533/591/471 491/538/431 535/592/472
f 520/593/473 536/594/474 532/590/470
f 520/593/473 517/577/457 536/594/474
f 523/582/462 521/580/460 522/595/475
f 524/581/461 525/583/463 538/596/476
f 581/597/477 534/598/478 535/592/472
f 543/599/479 544/600/480 481/601/421
f 543/599/479 494/547/436 510/602/481
f 542/603/482 511/604/483 548/605/484
f 529/606/468 514/607/469 548/605/484
f 546/608/485 548/605/484 511/604/483
f 510/602/481 542/603/482 547/609/486
f 543/599/479 547/609/486 531/610/487
f 519/611/458 550/612/488 549/613/489
f 527/614/465 551/558/444 550/612/488
f 551/558/444 521/580/460 523/582/462
f 551/558/444 489/535/428 521/580/460
f 472/615/432 473/616/445 527/617/465
f 535/592/472 553/618/490 552/619/491
f 552/620/491 553/621/490 539/622/492
f 535/592/472 491/538/431 554/623/493
f 554/624/493 532/590/470 536/594/474
f 556/625/494 481/526/421 544/626/480
f 538/596/476 513/587/467 528/586/466
f 538/596/476 525/583/463 513/587/467
f 537/627/495 522/595/475 530/628/496
f 693/629/497 686/630/498 683/631/499
f 538/596/476 564/632/500 565/633/501
f 515/573/453 490/571/451 480/524/419
f 556/634/494 544/635/480 683/636/499
f 557/637/502 540/638/503 581/597/477
f 562/639/504 561/640/505 563/641/506
f 569/642/507 524/581/461 538/596/476
f 98/643/508 566/644/509 117/645/510
f 568/646/511 573/647/512 574/648/513
f 566/649/509 568/5/511 567/650/514
f 126/110/95 562/639/504 110/84/74
f 562/639/504 563/641/506 110/84/74
f 573/647/512 577/651/515 539/622/492
f 569/642/507 570/652/516 580/653/517
f 89/65/56 571/654/518 572/655/519
f 566/656/509 101/81/71 579/657/520
f 568/646/511 579/657/520 577/651/515
f 582/658/521 583/659/522 546/608/485
f 546/608/485 583/659/522 584/660/523
f 576/661/524 584/660/523 583/659/522
f 169/662/525 75/663/526 108/664/527
f 585/665/528 587/666/529 586/667/530
f 586/667/530 587/666/529 563/668/506
f 110/669/74 563/668/506 587/666/529
f 587/666/529 585/665/528 169/662/525
f 588/670/531 586/667/530 583/659/522
f 583/659/522 586/667/530 576/661/524
f 589/671/532 571/654/518 89/65/56
f 574/672/513 518/673/459 549/613/489
f 517/577/457 518/579/459 574/648/513
f 106/97/86 578/114/99 590/674/533
f 120/96/85 590/675/533 101/81/71
f 578/114/99 581/597/477 591/676/534
f 578/114/99 591/676/534 590/674/533
f 590/675/533 591/677/534 579/657/520
f 92/66/57 562/639/504 126/110/95
f 580/653/517 570/652/516 575/678/535
f 564/632/500 538/596/476 528/586/466
f 592/679/536 584/680/523 691/681/537
f 131/113/98 557/637/502 578/114/99
f 557/637/502 581/597/477 578/114/99
f 636/682/538 646/683/539 642/684/540
f 662/685/541 661/686/542 668/687/543
f 665/688/544 676/689/545 673/690/546
f 674/691/547 684/692/548 680/693/549
f 410/694/550 64/60/51 408/695/551
f 122/696/89 110/84/74 111/83/73
f 133/179/150 129/116/101 71/101/88
f 693/697/497 531/698/487 530/628/496
f 533/591/471 541/699/552 491/538/431
f 222/700/553 199/190/159 198/189/158
f 509/701/554 508/702/555 505/576/456
f 406/703/556 382/704/350 381/453/360
f 177/705/557 229/706/558 133/179/150
f 379/410/326 380/411/327 460/507/404
f 695/707/559 509/701/554 557/637/502
f 130/708/560 132/178/149 178/177/148
f 502/709/449 428/473/378 493/541/433
f 508/702/555 704/710/561 505/576/456
f 362/403/319 696/711/562 64/60/51
f 273/712/563 258/290/232 249/292/233
f 697/713/564 459/714/406 442/508/389
f 258/290/232 273/712/563 285/715/565
f 357/400/316 20/375/298 346/374/297
f 196/186/155 197/188/157 274/289/231
f 697/713/564 430/482/385 429/509/405
f 699/716/566 252/262/213 251/294/234
f 438/520/415 457/575/455 458/717/567
f 249/292/233 250/718/218 309/719/268
f 309/719/268 250/718/218 303/720/258
f 320/721/568 34/348/275 19/13/13
f 341/365/289 34/348/275 321/722/569
f 463/517/412 411/723/570 462/516/411
f 700/724/571 576/725/524 575/678/535
f 312/726/572 298/298/236 63/63/54
f 34/348/275 320/721/568 321/722/569
f 488/534/427 438/520/415 458/717/567
f 701/727/143 97/72/63 164/728/123
f 105/78/69 124/176/147 125/729/573
f 357/730/316 346/731/297 651/732/574
f 230/733/575 177/705/557 224/237/194
f 427/472/377 428/473/378 502/709/449
f 62/57/48 43/315/30 59/734/576
f 59/734/576 43/315/30 44/735/29
f 61/736/577 24/737/37 23/55/46
f 702/738/578 100/739/79 99/108/93
f 96/70/61 97/72/63 701/727/143
f 389/452/359 343/368/292 360/740/579
f 229/706/558 178/177/148 133/179/150
f 528/586/466 529/588/468 592/741/536
f 343/368/292 359/456/363 360/740/579
f 504/742/580 483/553/442 482/743/581
f 92/66/57 82/109/94 83/744/582
f 311/745/583 296/746/264 295/343/270
f 312/726/572 313/747/584 298/298/236
f 705/748/585 336/366/290 335/399/315
f 276/301/239 278/303/241 217/223/184
f 159/139/119 185/233/191 703/749/586
f 480/524/419 481/526/421 556/625/494
f 200/224/185 278/303/241 224/237/194
f 592/741/536 529/588/468 584/750/523
f 333/358/284 334/359/285 407/451/358
f 410/694/550 363/402/318 64/60/51
f 71/101/88 72/111/96 106/97/86
f 150/128/109 151/130/111 220/751/192
f 416/454/361 391/421/335 379/410/326
f 220/751/192 151/130/111 210/752/171
f 126/110/95 110/84/74 122/696/89
f 26/59/50 28/753/587 38/26/24
f 16/8/8 7/56/47 8/754/588
f 560/755/589 508/756/555 509/757/554
f 509/758/554 695/759/559 559/760/590
f 225/761/591 230/762/575 698/763/242
f 711/764/592 411/765/570 463/766/412
f 66/767/593 312/768/572 713/769/594
f 712/770/595 279/771/596 280/772/597
f 313/747/584 712/770/595 280/772/597
f 134/773/598 131/774/98 361/775/317
f 364/776/599 710/777/600 696/711/562
f 312/778/572 69/779/601 313/780/584
f 708/781/602 560/782/589 509/783/554
f 70/784/603 65/785/604 713/786/594
f 409/787/605 363/788/318 410/789/550
f 67/790/606 69/791/601 66/792/593
f 66/793/593 69/794/601 312/795/572
f 713/796/594 63/63/54 64/60/51
f 12/797/17 13/798/16 11/799/5
f 9/800/4 10/42/6 332/801/25
f 12/802/17 11/803/5 9/804/4
f 19/13/13 5/3/3 20/375/298
f 21/805/14 13/806/16 12/807/17
f 23/55/46 24/737/37 6/2/2
f 17/10/10 33/21/20 34/348/275
f 14/7/7 15/9/9 31/11/11
f 31/11/11 32/20/19 18/12/12
f 21/22/14 29/23/21 25/336/265
f 9/18/4 39/28/26 30/19/18
f 12/17/17 30/19/18 29/23/21
f 1/34/32 42/30/28 41/327/260
f 44/31/29 45/33/31 24/41/37
f 45/33/31 1/34/32 2/40/36
f 46/370/294 47/372/296 3/35/33
f 47/372/296 20/808/298 5/38/3
f 3/35/33 49/37/35 48/809/607
f 50/36/34 6/39/2 49/37/35
f 5/38/3 50/36/34 47/372/296
f 50/36/34 3/35/33 47/372/296
f 48/809/607 49/37/35 2/40/36
f 49/37/35 6/39/2 24/41/37
f 10/42/6 52/44/38 51/45/39
f 52/44/38 11/43/5 13/46/16
f 13/46/16 53/48/40 52/44/38
f 53/48/40 31/11/11 52/44/38
f 35/53/45 55/810/44 54/811/314
f 55/52/44 39/28/26 54/397/314
f 29/23/21 56/812/43 25/336/265
f 40/29/27 56/51/43 38/26/24
f 58/335/42 25/336/265 56/812/43
f 38/26/24 56/51/43 57/54/41
f 56/812/43 29/23/21 57/49/41
f 35/53/45 57/54/41 55/810/44
f 57/49/41 30/19/18 55/52/44
f 33/21/20 19/13/13 34/348/275
f 18/12/12 6/2/2 4/1/1
f 18/12/12 4/1/1 33/21/20
f 32/20/19 23/55/46 6/2/2
f 15/9/9 8/754/588 60/813/608
f 298/298/236 36/25/23 63/63/54
f 64/60/51 27/58/49 35/53/45
f 713/796/594 64/60/51 70/814/603
f 71/101/88 73/117/102 72/111/96
f 79/107/92 81/73/64 80/71/62
f 84/815/58 86/816/60 85/817/135
f 87/68/59 88/818/609 86/69/60
f 90/64/55 92/66/57 91/75/66
f 93/74/65 95/106/91 94/77/68
f 98/643/508 88/818/609 87/68/59
f 99/108/93 100/739/79 79/107/92
f 84/819/58 103/94/83 87/820/59
f 93/74/65 91/75/66 95/106/91
f 79/107/92 100/739/79 81/73/64
f 87/79/59 101/81/71 98/821/508
f 87/820/59 103/94/83 102/822/70
f 84/819/58 107/95/84 103/94/83
f 75/663/526 109/823/72 108/664/527
f 109/823/72 110/669/74 108/664/527
f 111/83/73 109/82/72 100/739/79
f 109/823/72 75/663/526 76/824/610
f 81/85/64 112/87/76 97/146/63
f 112/87/76 77/88/77 78/142/120
f 77/88/77 114/89/78 76/825/610
f 113/826/75 100/827/79 114/828/78
f 76/824/610 114/829/78 109/823/72
f 114/829/78 100/830/79 109/823/72
f 86/69/60 115/91/80 85/161/135
f 93/74/65 115/91/80 116/92/81
f 116/92/81 86/69/60 88/818/609
f 117/645/510 116/92/81 88/818/609
f 116/92/81 89/65/56 90/64/55
f 98/643/508 117/645/510 88/818/609
f 71/101/88 119/102/82 118/831/140
f 119/93/82 107/95/84 118/167/140
f 121/832/87 102/822/70 103/94/83
f 106/97/86 121/99/87 71/101/88
f 121/832/87 103/94/83 119/93/82
f 94/77/68 96/70/61 105/78/69
f 95/106/91 80/71/62 94/77/68
f 95/106/91 99/108/93 79/107/92
f 91/75/66 83/744/582 123/833/611
f 123/833/611 99/108/93 91/75/66
f 106/97/86 128/112/97 127/115/100
f 127/115/100 130/708/560 178/177/148
f 578/114/99 106/97/86 127/115/100
f 137/834/612 139/131/112 138/129/110
f 145/124/108 105/78/69 146/135/115
f 141/835/103 142/836/105 195/837/134
f 143/838/106 149/839/133 144/840/107
f 152/173/145 153/175/124 137/834/612
f 143/140/106 107/95/84 84/819/58
f 147/137/117 159/139/119 158/220/181
f 137/834/612 153/175/124 139/131/112
f 147/137/117 157/136/116 148/138/118
f 141/141/103 161/166/139 156/133/113
f 78/142/120 163/144/122 112/87/76
f 163/144/122 97/146/63 112/87/76
f 153/147/124 163/144/122 165/148/125
f 139/154/112 167/151/128 151/205/111
f 165/148/125 139/154/112 153/147/124
f 162/152/129 165/148/125 135/143/121
f 170/157/132 147/137/117 158/220/181
f 144/155/107 170/157/132 142/160/105
f 171/156/131 147/137/117 170/157/132
f 149/158/133 171/156/131 144/155/107
f 85/161/135 115/91/80 149/158/133
f 84/67/58 149/158/133 143/841/106
f 173/165/137 161/166/139 172/228/138
f 71/101/88 118/831/140 154/168/141
f 154/168/141 118/831/140 174/842/142
f 118/167/140 155/134/114 174/169/142
f 154/168/141 174/842/142 173/163/137
f 174/169/142 156/133/113 173/165/137
f 148/138/118 137/834/612 138/129/110
f 157/136/116 137/834/612 148/138/118
f 157/136/116 152/173/145 137/834/612
f 176/843/146 620/844/144 164/845/123
f 177/705/557 133/179/150 160/162/136
f 186/846/153 188/218/154 187/280/166
f 189/847/151 190/848/152 186/849/153
f 158/220/181 159/139/119 191/230/188
f 187/280/166 188/218/154 192/222/183
f 203/196/164 191/230/188 204/197/165
f 193/193/161 206/195/163 205/217/180
f 158/220/181 191/230/188 203/196/164
f 193/193/161 204/197/165 194/194/162
f 189/192/151 201/226/186 161/166/139
f 187/198/166 202/200/168 186/201/153
f 189/192/151 202/200/168 201/226/186
f 209/203/170 151/205/111 167/151/128
f 210/204/171 209/203/170 199/215/159
f 182/207/173 213/209/175 212/211/177
f 213/209/175 197/850/157 212/211/177
f 214/210/176 212/211/177 215/212/178
f 215/212/178 184/213/156 183/214/160
f 184/213/156 212/211/177 197/850/157
f 181/206/172 215/212/178 209/203/170
f 215/212/178 199/215/159 209/203/170
f 195/159/134 216/216/179 190/219/152
f 195/159/134 170/157/132 216/216/179
f 216/216/179 158/220/181 203/196/164
f 205/217/180 268/221/182 216/216/179
f 268/221/182 188/218/154 216/216/179
f 141/851/103 195/852/134 189/853/151
f 217/223/184 207/225/167 218/284/229
f 218/283/229 207/199/167 208/202/169
f 201/226/186 172/228/138 161/166/139
f 172/164/138 200/224/185 160/162/136
f 219/227/187 201/226/186 202/200/168
f 219/227/187 202/200/168 207/199/167
f 204/197/165 198/189/158 183/191/160
f 222/854/553 629/236/193 210/235/171
f 206/195/163 238/232/190 244/249/206
f 222/700/553 210/752/171 199/190/159
f 220/234/192 629/236/193 628/855/613
f 230/733/575 224/237/194 223/856/614
f 177/705/557 160/162/136 224/237/194
f 239/238/195 241/245/202 240/857/209
f 205/217/180 206/195/163 244/249/206
f 240/858/209 241/859/202 294/860/226
f 242/239/196 192/222/183 243/240/197
f 249/292/233 236/291/219 250/718/218
f 251/294/234 252/262/213 235/293/223
f 248/251/201 208/202/169 187/198/166
f 242/861/196 254/252/208 248/251/201
f 239/253/195 255/255/210 254/257/208
f 257/250/207 246/243/200 258/290/232
f 240/254/209 259/282/228 255/255/210
f 213/259/175 261/261/212 197/188/157
f 233/264/215 262/266/217 234/862/615
f 262/266/217 250/267/218 236/268/219
f 234/862/615 265/269/220 264/270/221
f 265/863/220 236/291/219 235/293/223
f 265/269/220 234/862/615 262/266/217
f 266/864/222 235/293/223 252/262/213
f 264/270/221 260/865/211 232/866/214
f 267/277/224 245/241/198 257/250/207
f 256/248/205 267/277/224 268/221/182
f 267/277/224 243/240/197 268/221/182
f 192/222/183 268/221/182 243/240/197
f 268/221/182 205/217/180 256/248/205
f 257/250/207 307/278/225 267/277/224
f 267/277/224 294/279/226 241/245/202
f 253/246/203 270/287/227 269/337/266
f 270/281/227 259/282/228 269/338/266
f 217/223/184 270/287/227 253/246/203
f 270/281/227 254/257/208 255/255/210
f 246/243/200 235/293/223 236/291/219
f 246/243/200 236/291/219 258/290/232
f 247/242/199 251/294/234 235/293/223
f 699/867/566 638/868/235 261/869/212
f 244/249/206 238/232/190 272/870/616
f 298/298/236 227/300/238 253/246/203
f 698/304/242 298/298/236 280/772/597
f 21/14/14 287/871/247 22/15/15
f 291/323/256 293/322/255 292/324/257
f 288/872/248 294/873/226 289/874/249
f 286/875/246 289/876/249 287/877/247
f 295/343/270 296/746/264 282/306/244
f 283/305/243 284/307/245 43/315/30
f 288/316/248 259/282/228 240/254/209
f 14/7/7 292/324/257 16/8/8
f 282/306/244 296/746/264 284/307/245
f 257/250/207 290/314/250 301/321/254
f 286/319/246 299/318/252 288/316/248
f 21/22/14 25/336/265 300/320/253
f 303/325/258 304/326/259 296/332/264
f 304/326/259 233/264/215 281/878/617
f 42/30/28 43/32/30 305/328/261
f 284/331/245 305/328/261 43/32/30
f 302/329/262 306/330/263 281/878/617
f 306/330/263 284/331/245 296/332/264
f 281/878/617 306/330/263 304/326/259
f 53/48/40 291/323/256 14/7/7
f 289/333/249 53/48/40 287/334/247
f 307/278/225 257/250/207 301/321/254
f 240/879/209 294/880/226 288/881/248
f 298/298/236 269/337/266 308/339/267
f 269/338/266 299/318/252 308/882/267
f 298/298/236 58/50/42 40/29/27
f 308/882/267 300/320/253 58/335/42
f 308/882/267 299/318/252 300/320/253
f 292/324/257 282/306/244 283/305/243
f 292/324/257 283/305/243 16/8/8
f 293/322/255 295/343/270 282/306/244
f 311/883/583 645/884/269 303/885/258
f 311/745/583 303/720/258 296/746/264
f 328/352/279 330/354/281 329/367/291
f 332/801/25 325/356/283 324/355/282
f 324/355/282 323/357/277 322/886/276
f 332/801/25 10/42/6 325/356/283
f 335/399/315 336/366/290 317/345/272
f 318/344/271 319/346/273 334/359/285
f 332/27/25 337/398/287 39/28/26
f 324/887/282 337/398/287 332/27/25
f 324/360/282 340/364/288 339/361/286
f 328/352/279 341/365/289 331/353/280
f 329/367/291 343/368/292 342/389/309
f 326/347/274 34/348/275 341/365/289
f 345/371/295 20/808/298 47/372/296
f 336/888/290 345/371/295 347/889/306
f 345/371/295 314/376/299 347/889/306
f 316/377/300 350/379/302 349/381/304
f 350/379/302 334/890/285 349/381/304
f 319/346/273 349/891/304 334/359/285
f 315/380/303 347/384/306 314/892/299
f 347/385/306 319/346/273 336/366/290
f 323/357/277 353/388/308 352/387/307
f 353/388/308 328/352/279 329/367/291
f 325/356/283 51/45/39 353/388/308
f 51/45/39 326/347/274 353/388/308
f 51/45/39 17/10/10 326/347/274
f 352/387/307 327/442/278 323/357/277
f 338/390/310 354/392/312 393/447/356
f 354/393/312 340/364/288 344/369/293
f 337/398/287 355/893/313 54/397/314
f 355/395/313 35/53/45 54/811/314
f 35/53/45 355/395/313 338/390/310
f 355/396/313 337/362/287 339/361/286
f 330/354/281 333/358/284 343/368/292
f 330/354/281 317/345/272 318/344/271
f 331/353/280 335/399/315 317/345/272
f 705/894/585 651/895/574 346/896/297
f 64/60/51 35/53/45 338/390/310
f 371/416/330 373/897/354 372/426/340
f 371/416/330 374/898/329 373/897/354
f 372/426/340 373/897/354 426/500/353
f 378/899/328 374/900/329 371/901/330
f 381/453/360 382/704/350 368/405/321
f 369/404/320 370/406/322 380/411/327
f 383/460/365 384/425/339 277/424/338
f 388/422/336 389/452/359 377/408/324
f 375/407/323 376/409/325 390/420/334
f 368/405/321 382/704/350 370/406/322
f 388/422/336 343/368/292 389/452/359
f 388/422/336 377/408/324 375/407/323
f 392/423/337 384/425/339 431/476/381
f 378/415/328 385/417/331 344/369/293
f 372/426/340 387/418/332 371/416/330
f 371/416/330 386/419/333 385/417/331
f 393/447/356 384/425/339 383/460/365
f 395/430/342 396/431/343 382/439/350
f 396/431/343 348/378/301 365/435/347
f 367/432/344 399/434/346 398/902/618
f 399/434/346 380/903/327 398/902/618
f 366/436/348 398/902/618 400/437/349
f 398/902/618 370/438/322 400/437/349
f 370/438/322 398/902/618 380/903/327
f 398/902/618 366/436/348 367/432/344
f 365/435/347 400/437/349 396/431/343
f 400/437/349 382/439/350 396/431/343
f 401/443/352 375/407/323 390/420/334
f 373/445/354 402/440/351 401/443/352
f 402/440/351 375/407/323 401/443/352
f 402/440/351 373/445/354 374/441/329
f 327/442/278 352/387/307 402/440/351
f 352/387/307 342/389/309 402/440/351
f 322/904/276 327/905/278 378/906/328
f 384/425/339 403/449/357 431/476/381
f 403/450/357 387/418/332 394/427/341
f 393/447/356 404/448/355 384/425/339
f 376/409/325 379/410/326 391/421/335
f 376/409/325 368/405/321 369/404/320
f 377/408/324 381/453/360 368/405/321
f 406/907/556 660/908/364 395/909/342
f 391/421/335 455/455/362 422/484/387
f 406/703/556 395/429/342 382/704/350
f 64/60/51 338/390/310 383/460/365
f 64/60/51 383/460/365 408/695/551
f 410/694/550 408/695/551 411/723/570
f 390/420/334 391/421/335 422/484/387
f 420/477/372 426/500/353 421/910/373
f 417/911/370 421/912/373 419/913/371
f 429/509/405 430/482/385 413/462/367
f 420/477/372 394/427/341 372/426/340
f 436/483/386 422/484/387 425/470/375
f 423/469/374 424/471/376 437/496/398
f 437/496/398 424/471/376 438/520/415
f 420/477/372 433/479/383 394/427/341
f 418/914/369 435/481/384 417/480/370
f 417/480/370 434/478/382 420/477/372
f 399/434/346 442/486/389 380/903/327
f 442/486/389 441/485/388 430/915/385
f 444/488/391 445/490/393 412/491/394
f 446/489/392 428/916/378 445/490/393
f 412/491/394 448/492/395 447/494/396
f 415/463/368 445/917/393 428/473/378
f 448/918/395 415/463/368 430/482/385
f 447/494/396 441/485/388 443/487/390
f 448/492/395 430/915/385 441/485/388
f 421/497/373 449/495/397 419/466/371
f 450/498/399 423/469/374 449/495/397
f 426/444/353 450/498/399 421/497/373
f 450/498/399 390/420/334 436/483/386
f 401/443/352 390/420/334 450/498/399
f 451/499/400 419/466/371 449/495/397
f 453/505/401 435/481/384 452/563/402
f 403/450/357 394/427/341 433/479/383
f 454/506/403 433/479/383 434/478/382
f 431/476/381 453/501/401 432/474/379
f 453/505/401 434/478/382 435/481/384
f 460/507/404 442/508/389 459/714/406
f 424/471/376 427/472/377 438/520/415
f 424/471/376 413/462/367 414/461/366
f 425/470/375 429/509/405 413/462/367
f 440/514/409 439/475/380 485/515/410
f 468/572/452 470/552/441 469/525/420
f 471/919/423 473/920/445 472/921/432
f 478/521/416 474/523/418 471/922/423
f 471/923/423 474/924/418 473/925/445
f 482/743/581 483/553/442 468/572/452
f 469/525/420 470/552/441 481/526/421
f 478/527/416 435/481/384 418/914/369
f 478/527/416 486/565/424 484/528/422
f 489/535/428 477/536/429 490/571/451
f 468/572/452 483/553/442 470/552/441
f 475/519/414 438/520/415 488/534/427
f 476/533/426 488/534/427 477/536/429
f 472/539/432 492/561/447 487/532/425
f 493/926/433 466/545/434 483/556/442
f 467/546/435 496/548/437 495/550/439
f 496/548/437 481/601/421 495/550/439
f 497/549/438 495/550/439 498/927/440
f 495/550/439 470/928/441 498/927/440
f 470/552/441 495/929/439 481/526/421
f 474/523/418 499/557/443 473/559/445
f 474/523/418 451/499/400 499/557/443
f 451/499/400 476/533/426 499/557/443
f 478/521/416 419/466/371 479/522/417
f 491/538/431 500/566/446 492/930/447
f 501/564/448 432/474/379 452/502/402
f 485/515/410 501/564/448 500/566/446
f 501/567/448 487/532/425 500/560/446
f 477/536/429 469/525/420 490/571/451
f 488/534/427 482/743/581 468/572/452
f 490/571/451 516/574/454 522/595/475
f 504/931/580 675/869/450 493/868/433
f 512/932/619 514/589/469 513/587/467
f 521/580/460 490/571/451 522/595/475
f 526/584/464 519/578/458 520/593/473
f 520/593/473 519/578/458 517/577/457
f 530/628/496 531/698/487 512/932/619
f 472/539/432 532/590/470 492/561/447
f 533/591/471 535/592/472 534/598/478
f 520/593/473 532/590/470 526/584/464
f 523/582/462 522/595/475 537/627/495
f 512/932/619 531/698/487 514/589/469
f 523/582/462 537/627/495 525/583/463
f 517/577/457 539/622/492 536/594/474
f 494/547/436 543/599/479 496/548/437
f 543/599/479 481/601/421 496/548/437
f 544/626/480 543/933/479 531/698/487
f 545/934/620 546/608/485 511/604/483
f 542/603/482 548/605/484 547/609/486
f 548/605/484 514/607/469 547/609/486
f 529/606/468 548/605/484 546/608/485
f 547/609/486 514/607/469 531/610/487
f 510/602/481 547/609/486 543/599/479
f 519/611/458 549/613/489 518/673/459
f 550/612/488 524/581/461 549/613/489
f 550/612/488 523/582/462 524/581/461
f 527/614/465 550/612/488 519/611/458
f 551/558/444 523/582/462 550/612/488
f 473/559/445 551/558/444 527/614/465
f 472/935/432 527/936/465 526/937/464
f 535/592/472 552/619/491 581/597/477
f 532/590/470 554/624/493 492/561/447
f 554/623/493 491/538/431 492/930/447
f 535/592/472 554/623/493 553/618/490
f 554/624/493 536/594/474 553/621/490
f 553/621/490 536/594/474 539/622/492
f 555/938/621 530/628/496 522/595/475
f 525/583/463 512/932/619 513/587/467
f 537/627/495 512/932/619 525/583/463
f 537/627/495 530/628/496 512/932/619
f 693/629/497 683/631/499 544/939/480
f 538/596/476 565/633/501 570/652/516
f 556/634/494 683/636/499 682/940/622
f 509/701/554 558/941/623 557/637/502
f 540/638/503 534/598/478 581/597/477
f 566/942/509 567/943/514 117/184/510
f 569/642/507 538/596/476 570/652/516
f 568/646/511 574/648/513 567/944/514
f 575/678/535 576/725/524 561/640/505
f 573/647/512 539/622/492 517/577/457
f 568/646/511 577/651/515 573/647/512
f 566/656/509 579/657/520 568/646/511
f 569/642/507 580/653/517 571/654/518
f 89/65/56 572/655/519 92/66/57
f 561/640/505 576/725/524 563/641/506
f 571/654/518 580/653/517 572/655/519
f 98/821/508 101/81/71 566/656/509
f 582/658/521 546/608/485 545/934/620
f 546/608/485 584/660/523 529/606/468
f 110/669/74 587/666/529 108/664/527
f 587/666/529 169/662/525 108/664/527
f 585/665/528 586/667/530 588/670/531
f 586/667/530 563/668/506 576/661/524
f 588/670/531 583/659/522 582/658/521
f 567/945/514 589/671/532 117/645/510
f 571/654/518 589/671/532 549/613/489
f 589/671/532 567/945/514 549/613/489
f 574/672/513 549/613/489 567/945/514
f 549/613/489 569/642/507 571/654/518
f 549/613/489 524/581/461 569/642/507
f 89/65/56 116/92/81 589/671/532
f 116/92/81 117/645/510 589/671/532
f 517/577/457 574/648/513 573/647/512
f 106/97/86 590/674/533 120/98/85
f 577/651/515 591/677/534 552/620/491
f 591/676/534 581/597/477 552/619/491
f 591/677/534 577/651/515 579/657/520
f 552/620/491 539/622/492 577/651/515
f 590/675/533 579/657/520 101/81/71
f 572/655/519 561/640/505 562/639/504
f 580/653/517 561/640/505 572/655/519
f 572/655/519 562/639/504 92/66/57
f 580/653/517 575/678/535 561/640/505
f 700/946/571 691/681/537 584/680/523
f 570/652/516 565/633/501 593/947/624
f 592/679/536 691/681/537 689/948/625
f 131/113/98 127/115/100 361/401/317
f 625/949/626 624/950/627 630/951/628
f 624/950/627 626/952/629 630/951/628
f 641/953/630 642/684/540 646/683/539
f 649/954/631 644/955/632 652/956/633
f 644/955/632 643/957/634 652/956/633
f 661/686/542 663/958/635 668/687/543
f 671/959/636 673/960/546 676/961/545
f 678/962/637 677/963/638 685/964/639
f 677/963/638 679/965/640 685/964/639
f 679/966/640 680/693/549 684/692/548
f 603/967/641 621/968/642 692/969/643
f 621/968/642 687/970/644 692/969/643
f 37/24/22 38/26/24 28/753/587
f 694/971/645 557/637/502 131/113/98
f 506/537/430 491/538/431 541/699/552
f 223/856/614 706/302/240 230/733/575
f 702/972/578 612/973/90 111/974/73
f 70/814/603 64/60/51 696/711/562
f 411/723/570 408/695/551 462/516/411
f 697/713/564 442/508/389 430/482/385
f 258/290/232 285/715/565 290/314/250
f 60/813/608 23/55/46 15/9/9
f 706/302/240 698/304/242 230/733/575
f 695/707/559 557/637/502 694/971/645
f 341/365/289 321/722/569 358/975/646
f 358/975/646 335/399/315 341/365/289
f 61/736/577 44/735/29 24/737/37
f 63/63/54 713/796/594 312/726/572
f 68/62/53 27/58/49 64/60/51
f 488/534/427 458/717/567 503/976/647
f 503/976/647 482/743/581 488/534/427
f 505/576/456 558/941/623 509/701/554
f 290/314/250 285/715/565 310/977/648
f 310/977/648 295/343/270 290/314/250
f 280/772/597 298/298/236 313/747/584
f 105/78/69 125/729/573 146/135/115
f 702/738/578 111/83/73 100/739/79
f 146/135/115 125/729/573 175/978/649
f 175/978/649 152/173/145 146/135/115
f 392/423/337 431/476/381 439/475/380
f 504/742/580 493/541/433 483/553/442
f 705/748/585 346/374/297 336/366/290
f 389/452/359 360/740/579 405/979/650
f 176/174/146 164/728/123 153/175/124
f 92/66/57 83/744/582 91/75/66
f 405/979/650 381/453/360 389/452/359
f 522/595/475 516/574/454 555/938/621
f 693/697/497 544/626/480 531/698/487
f 191/230/188 703/749/586 221/980/651
f 221/980/651 198/189/158 191/230/188
f 159/139/119 703/749/586 191/230/188
f 272/870/616 251/294/234 244/249/206
f 704/710/561 464/518/413 505/576/456
f 456/981/652 429/509/405 422/484/387
f 593/947/624 575/678/535 570/652/516
f 700/724/571 584/750/523 576/725/524
f 699/716/566 261/261/212 252/262/213
f 422/484/387 455/455/362 456/981/652
f 697/982/564 667/512/407 459/511/406
f 26/59/50 38/26/24 35/53/45
f 16/8/8 8/754/588 15/9/9
f 707/983/653 694/984/645 131/985/98
f 230/986/575 225/987/591 226/988/654
f 177/989/557 179/990/655 229/991/558
f 178/992/148 709/993/656 361/994/317
f 508/995/555 507/996/657 704/997/561
f 710/777/600 70/814/603 696/711/562
f 362/998/319 364/999/599 696/1000/562
f 177/1001/557 230/1002/575 231/1003/658
f 709/1004/656 178/177/148 180/1005/659
f 711/1006/592 463/1007/412 465/1008/660
f 509/783/554 559/1009/590 708/781/602
f 66/1010/593 713/1011/594 65/1012/604
f 464/1013/413 465/1014/660 463/1015/412
f 231/1001/658 230/986/575 226/988/654
f 180/1005/659 178/177/148 229/706/558
f 280/1016/597 279/1017/596 698/1018/242
f 508/1019/555 560/1020/589 507/1021/657
f 232/866/214 736/1022/661 264/270/221
f 3/35/33 718/1023/662 46/370/294
f 315/380/303 741/1024/663 316/377/300
f 136/149/126 727/1025/664 166/150/127
f 316/377/300 742/1026/665 348/378/301
f 77/88/77 723/1027/666 78/142/120
f 264/270/221 735/1028/667 234/862/615
f 348/378/301 743/1029/668 365/435/347
f 585/665/528 728/1030/669 169/662/525
f 48/809/607 716/1031/670 3/35/33
f 466/545/434 754/1032/671 497/554/438
f 443/487/390 750/1033/672 447/494/396
f 397/433/345 748/1034/673 443/487/390
f 510/602/481 757/1035/674 542/603/482
f 1/34/32 715/1036/675 2/40/36
f 302/329/262 717/1037/676 41/327/260
f 365/435/347 744/1038/677 366/436/348
f 41/327/260 714/1039/678 1/34/32
f 494/547/436 755/1040/679 510/602/481
f 234/862/615 734/1041/680 233/264/215
f 588/670/531 760/1042/681 585/665/528
f 412/491/394 749/1043/682 444/488/391
f 166/150/127 729/1044/683 181/206/172
f 135/143/121 726/1045/684 162/152/129
f 76/825/610 722/1046/685 77/88/77
f 2/40/36 719/1047/686 48/809/607
f 75/663/526 721/1048/687 76/824/610
f 78/142/120 724/1049/688 135/143/121
f 582/658/521 761/1050/689 588/670/531
f 367/432/344 746/1051/690 397/433/345
f 182/207/173 731/1052/691 211/208/174
f 444/488/391 751/1053/692 466/545/434
f 447/494/396 747/1054/693 412/491/394
f 467/546/435 753/1055/694 494/547/436
f 233/264/215 737/1056/695 281/878/617
f 542/603/482 756/1057/696 511/604/483
f 214/210/176 730/1058/697 182/207/173
f 511/604/483 758/1059/698 545/934/620
f 211/208/174 733/1060/699 232/263/214
f 169/662/525 720/1061/700 75/663/526
f 545/934/620 759/1062/701 582/658/521
f 366/436/348 745/1063/702 367/432/344
f 497/549/438 752/1064/703 467/546/435
f 46/370/294 739/1065/704 314/376/299
f 314/892/299 740/1066/705 315/380/303
f 181/206/172 732/1067/706 214/210/176
f 162/152/129 725/1068/707 136/149/126
f 281/878/617 738/1069/708 302/329/262
f 806/1070/709 850/1071/710 804/1072/711
f 799/1073/712 800/1074/713 801/1075/714
f 781/1076/715 818/1077/716 783/1078/717
f 776/1079/718 827/1080/719 825/1081/720
f 807/1082/721 792/1083/722 809/1084/723
f 789/1085/724 810/1086/725 791/1087/726
f 830/1088/727 773/1089/728 771/1090/729
f 815/1091/730 784/1092/731 817/1093/732
f 797/1094/733 802/1095/734 799/1073/712
f 779/1096/735 820/1097/736 781/1076/715
f 778/1098/737 825/1081/720 823/1099/738
f 805/1100/739 794/1101/740 807/1082/721
f 814/1102/741 789/1085/724 787/1103/742
f 770/1104/743 769/1105/744 831/1106/745
f 769/1105/744 830/1088/727 771/1090/729
f 788/1107/746 815/1091/730 813/1108/747
f 806/1109/709 797/1094/733 795/1110/748
f 777/1111/749 822/1112/750 779/1096/735
f 821/1113/751 778/1098/737 823/1099/738
f 798/1114/752 805/1100/739 803/1115/753
f 816/1116/754 787/1103/742 785/1117/755
f 829/1118/756 770/1104/743 831/1106/745
f 811/1119/757 788/1107/746 813/1108/747
f 793/1120/758 806/1109/709 795/1110/748
f 826/1121/759 777/1111/749 775/1122/760
f 782/1123/761 821/1113/751 819/1124/762
f 801/1075/714 798/1114/752 803/1115/753
f 783/1078/717 816/1116/754 785/1117/755
f 774/1125/763 829/1118/756 827/1080/719
f 809/1084/723 790/1126/764 811/1119/757
f 772/1127/765 833/1128/766 770/1129/743
f 810/1086/725 793/1120/758 791/1087/726
f 784/1092/731 819/1124/762 817/1093/732
f 828/1130/767 775/1122/760 773/1089/728
f 852/1131/768 806/1070/709 808/1132/769
f 843/1133/770 788/1134/746 790/1135/764
f 861/1136/771 824/1137/772 826/1138/759
f 792/1139/722 843/1133/770 790/1135/764
f 862/1140/773 826/1138/759 828/1141/767
f 774/1142/763 834/1143/774 772/1127/765
f 853/1144/775 808/1132/769 810/1145/725
f 776/1146/718 835/1147/776 774/1142/763
f 812/1148/777 853/1144/775 810/1145/725
f 794/1149/740 844/1150/778 792/1139/722
f 830/1151/727 862/1140/773 828/1141/767
f 846/1152/779 794/1149/740 796/1153/780
f 864/1154/781 830/1155/727 832/1156/782
f 778/1157/737 836/1158/783 776/1146/718
f 814/1159/741 854/1160/784 812/1148/777
f 780/1161/785 837/1162/786 778/1157/737
f 816/1163/754 855/1164/787 814/1165/741
f 847/1166/788 796/1153/780 798/1167/752
f 848/1168/789 798/1169/752 800/1170/713
f 839/1171/790 780/1161/785 782/1172/761
f 857/1173/791 816/1163/754 818/1174/716
f 784/1175/731 839/1176/790 782/1177/761
f 858/1178/792 818/1174/716 820/1179/736
f 802/1180/734 848/1168/789 800/1170/713
f 804/1072/711 849/1181/793 802/1180/734
f 841/1182/794 784/1175/731 786/1183/795
f 822/1184/750 858/1178/792 820/1179/736
f 788/1134/746 841/1182/794 786/1183/795
f 824/1137/772 859/1185/796 822/1184/750
f 770/1129/743 864/1154/781 832/1156/782
f 870/1186/797 837/1187/786 838/1188/798
f 852/1189/768 883/1190/799 851/1191/800
f 871/1192/801 838/1188/798 839/1193/790
f 885/1194/802 852/1189/768 853/1195/775
f 872/1196/803 839/1193/790 840/1197/804
f 854/1198/784 885/1194/802 853/1195/775
f 841/1199/794 872/1196/803 840/1197/804
f 887/1200/805 854/1198/784 855/1201/787
f 874/1202/806 841/1199/794 842/1203/807
f 888/1204/808 855/1201/787 856/1205/809
f 843/1206/770 874/1202/806 842/1203/807
f 857/1207/791 888/1204/808 856/1205/809
f 844/1208/778 875/1209/810 843/1206/770
f 890/1210/811 857/1207/791 858/1211/792
f 845/1212/812 876/1213/813 844/1208/778
f 891/1214/814 858/1211/792 859/1215/796
f 878/1216/815 845/1212/812 846/1217/779
f 865/1218/816 864/1219/781 833/1220/766
f 892/1221/817 859/1215/796 860/1222/818
f 879/1223/819 846/1217/779 847/1224/788
f 866/1225/820 833/1220/766 834/1226/774
f 861/1227/771 892/1221/817 860/1222/818
f 848/1228/789 879/1223/819 847/1224/788
f 835/1229/776 866/1225/820 834/1226/774
f 894/1230/821 861/1227/771 862/1231/773
f 849/1232/793 880/1233/822 848/1228/789
f 836/1234/783 867/1235/823 835/1229/776
f 863/1236/824 894/1230/821 862/1231/773
f 882/1237/825 849/1232/793 850/1238/710
f 869/1239/826 836/1234/783 837/1187/786
f 896/1240/827 863/1236/824 864/1219/781
f 883/1190/799 850/1238/710 851/1191/800
f 905/1241/828 872/1196/803 873/1242/829
f 919/1243/830 886/1244/831 887/1200/805
f 874/1202/806 905/1241/828 873/1242/829
f 920/1245/832 887/1200/805 888/1204/808
f 875/1209/810 906/1246/833 874/1202/806
f 889/1247/834 920/1245/832 888/1204/808
f 876/1213/813 907/1248/835 875/1209/810
f 890/1210/811 921/1249/836 889/1247/834
f 909/1250/837 876/1213/813 877/1251/838
f 923/1252/839 890/1210/811 891/1214/814
f 910/1253/840 877/1251/838 878/1216/815
f 897/1254/841 896/1240/827 865/1218/816
f 892/1221/817 923/1252/839 891/1214/814
f 879/1223/819 910/1253/840 878/1216/815
f 898/1255/842 865/1218/816 866/1225/820
f 893/1256/843 924/1257/844 892/1221/817
f 912/1258/845 879/1223/819 880/1233/822
f 899/1259/846 866/1225/820 867/1235/823
f 894/1230/821 925/1260/847 893/1256/843
f 881/1261/848 912/1258/845 880/1233/822
f 900/1262/849 867/1235/823 868/1263/850
f 927/1264/851 894/1230/821 895/1265/852
f 882/1237/825 913/1266/853 881/1261/848
f 901/1267/854 868/1263/850 869/1239/826
f 896/1240/827 927/1264/851 895/1265/852
f 915/1268/855 882/1237/825 883/1190/799
f 870/1186/797 901/1267/854 869/1239/826
f 916/1269/856 883/1190/799 884/1270/857
f 871/1192/801 902/1271/858 870/1186/797
f 917/1272/859 884/1270/857 885/1194/802
f 904/1273/860 871/1192/801 872/1196/803
f 886/1244/831 917/1272/859 885/1194/802
f 908/1274/861 939/1275/862 907/1248/835
f 954/1276/863 921/1249/836 922/1277/864
f 941/1278/865 908/1274/861 909/1250/837
f 955/1279/866 922/1277/864 923/1252/839
f 942/1280/867 909/1250/837 910/1253/840
f 929/1281/868 928/1282/869 897/1254/841
f 956/1283/870 923/1252/839 924/1257/844
f 943/1284/871 910/1253/840 911/1285/872
f 898/1255/842 929/1281/868 897/1254/841
f 957/1286/873 924/1257/844 925/1260/847
f 944/1287/874 911/1285/872 912/1258/845
f 899/1259/846 930/1288/875 898/1255/842
f 958/1289/876 925/1260/847 926/1290/877
f 913/1266/853 944/1287/874 912/1258/845
f 900/1262/849 931/1291/878 899/1259/846
f 959/1292/879 926/1290/877 927/1264/851
f 914/1293/880 945/1294/881 913/1266/853
f 901/1267/854 932/1295/882 900/1262/849
f 928/1282/869 959/1292/879 927/1264/851
f 915/1268/855 946/1296/883 914/1293/880
f 934/1297/884 901/1267/854 902/1271/858
f 916/1269/856 947/1298/885 915/1268/855
f 935/1299/886 902/1271/858 903/1300/887
f 917/1272/859 948/1301/888 916/1269/856
f 904/1273/860 935/1299/886 903/1300/887
f 918/1302/889 949/1303/890 917/1272/859
f 937/1304/891 904/1273/860 905/1241/828
f 951/1305/892 918/1302/889 919/1243/830
f 906/1246/833 937/1304/891 905/1241/828
f 952/1306/893 919/1243/830 920/1245/832
f 939/1275/862 906/1246/833 907/1248/835
f 921/1249/836 952/1306/893 920/1245/832
f 975/1307/894 942/1280/867 943/1284/871
f 962/1308/895 929/1281/868 930/1288/875
f 989/1309/896 956/1283/870 957/1286/873
f 976/1310/897 943/1284/871 944/1287/874
f 963/1311/898 930/1288/875 931/1291/878
f 990/1312/899 957/1286/873 958/1289/876
f 945/1294/881 976/1310/897 944/1287/874
f 964/1313/900 931/1291/878 932/1295/882
f 991/1314/901 958/1289/876 959/1292/879
f 946/1296/883 977/1315/902 945/1294/881
f 933/1316/903 964/1313/900 932/1295/882
f 960/1317/904 991/1314/901 959/1292/879
f 947/1298/885 978/1318/905 946/1296/883
f 966/1319/906 933/1316/903 934/1297/884
f 980/1320/907 947/1298/885 948/1301/888
f 967/1321/908 934/1297/884 935/1299/886
f 949/1303/890 980/1320/907 948/1301/888
f 968/1322/909 935/1299/886 936/1323/910
f 950/1324/911 981/1325/912 949/1303/890
f 969/1326/913 936/1323/910 937/1304/891
f 983/1327/914 950/1324/911 951/1305/892
f 938/1328/915 969/1326/913 937/1304/891
f 984/1329/916 951/1305/892 952/1306/893
f 939/1275/862 970/1330/917 938/1328/915
f 953/1331/918 984/1329/916 952/1306/893
f 972/1332/919 939/1275/862 940/1333/920
f 954/1276/863 985/1334/921 953/1331/918
f 973/1335/922 940/1333/920 941/1278/865
f 955/1279/866 986/1336/923 954/1276/863
f 942/1280/867 973/1335/922 941/1278/865
f 961/1337/924 960/1317/904 929/1281/868
f 988/1338/925 955/1279/866 956/1283/870
f 978/1318/905 1009/1339/926 977/1315/902
f 997/1340/927 964/1313/900 965/1341/928
f 1024/1342/929 991/1314/901 992/1343/930
f 979/1344/931 1010/1345/932 978/1318/905
f 998/1346/933 965/1341/928 966/1319/906
f 980/1320/907 1011/1347/934 979/1344/931
f 999/1348/935 966/1319/906 967/1321/908
f 1013/1349/936 980/1320/907 981/1325/912
f 968/1322/909 999/1348/935 967/1321/908
f 982/1350/937 1013/1349/936 981/1325/912
f 1001/1351/938 968/1322/909 969/1326/913
f 1015/1352/939 982/1350/937 983/1327/914
f 1002/1353/940 969/1326/913 970/1330/917
f 1016/1354/941 983/1327/914 984/1329/916
f 1003/1355/942 970/1330/917 971/1356/943
f 1017/1357/944 984/1329/916 985/1334/921
f 972/1332/919 1003/1355/942 971/1356/943
f 986/1336/923 1017/1357/944 985/1334/921
f 1005/1358/945 972/1332/919 973/1335/922
f 987/1359/946 1018/1360/947 986/1336/923
f 1006/1361/948 973/1335/922 974/1362/949
f 993/1363/950 992/1343/930 961/1337/924
f 988/1338/925 1019/1364/951 987/1359/946
f 975/1307/894 1006/1361/948 974/1362/949
f 962/1308/895 993/1363/950 961/1337/924
f 989/1309/896 1020/1365/952 988/1338/925
f 976/1310/897 1007/1366/953 975/1307/894
f 995/1367/954 962/1308/895 963/1311/898
f 1022/1368/955 989/1309/896 990/1312/899
f 1009/1339/926 976/1310/897 977/1315/902
f 964/1313/900 995/1367/954 963/1311/898
f 1023/1369/956 990/1312/899 991/1314/901
f 1060/1370/957 1107/1371/958 1062/1372/959
f 1057/1373/960 1058/1374/961 1055/1375/962
f 1037/1376/963 1074/1377/964 1076/1378/965
f 1083/1379/966 1032/1380/967 1081/1381/968
f 1063/1382/969 1048/1383/970 1050/1384/971
f 1045/1385/972 1066/1386/973 1068/1387/974
f 1029/1388/975 1086/1389/976 1027/1390/977
f 1071/1391/978 1040/1392/979 1042/1393/980
f 1055/1375/962 1060/1394/957 1053/1395/981
f 1035/1396/982 1076/1378/965 1078/1397/983
f 1079/1398/984 1032/1380/967 1034/1399/985
f 1061/1400/986 1050/1384/971 1052/1401/987
f 1043/1402/988 1068/1387/974 1070/1403/989
f 1087/1404/990 1088/1405/991 1026/1406/992
f 1027/1390/977 1088/1405/991 1025/1407/993
f 1069/1408/994 1042/1393/980 1044/1409/995
f 1053/1395/981 1062/1410/959 1051/1411/996
f 1035/1396/982 1080/1412/997 1033/1413/998
f 1077/1414/999 1034/1399/985 1036/1415/1000
f 1061/1400/986 1054/1416/1001 1059/1417/1002
f 1041/1418/1003 1070/1403/989 1072/1419/1004
f 1087/1404/990 1028/1420/1005 1085/1421/1006
f 1069/1408/994 1046/1422/1007 1067/1423/1008
f 1051/1411/996 1064/1424/1009 1049/1425/1010
f 1031/1426/1011 1080/1412/997 1082/1427/1012
f 1075/1428/1013 1036/1415/1000 1038/1429/1014
f 1057/1373/960 1054/1416/1001 1056/1430/1015
f 1039/1431/1016 1072/1419/1004 1074/1377/964
f 1083/1379/966 1028/1420/1005 1030/1432/1017
f 1065/1433/1018 1046/1422/1007 1048/1383/970
f 1028/1434/1005 1089/1435/1019 1090/1436/1020
f 1049/1425/1010 1066/1386/973 1047/1437/1021
f 1073/1438/1022 1038/1429/1014 1040/1392/979
f 1029/1388/975 1082/1427/1012 1084/1439/1023
f 1064/1440/1009 1107/1371/958 1108/1441/1024
f 1046/1442/1007 1098/1443/1025 1099/1444/1026
f 1082/1445/1012 1116/1446/1027 1117/1447/1028
f 1046/1442/1007 1100/1448/1029 1048/1449/970
f 1082/1445/1012 1118/1450/1030 1084/1451/1023
f 1030/1452/1017 1090/1436/1020 1091/1453/1031
f 1064/1440/1009 1109/1454/1032 1066/1455/973
f 1032/1456/967 1091/1453/1031 1092/1457/1033
f 1066/1455/973 1110/1458/1034 1068/1459/974
f 1050/1460/971 1100/1448/1029 1101/1461/1035
f 1086/1462/976 1118/1450/1030 1119/1463/1036
f 1052/1464/987 1101/1461/1035 1102/1465/1037
f 1086/1466/976 1120/1467/1038 1088/1468/991
f 1034/1469/985 1092/1457/1033 1093/1470/1039
f 1070/1471/989 1110/1458/1034 1111/1472/1040
f 1036/1473/1000 1093/1470/1039 1094/1474/1041
f 1070/1475/989 1112/1476/1042 1072/1477/1004
f 1052/1464/987 1103/1478/1043 1054/1479/1001
f 1054/1480/1001 1104/1481/1044 1056/1482/1015
f 1036/1473/1000 1095/1483/1045 1038/1484/1014
f 1072/1477/1004 1113/1485/1046 1074/1486/964
f 1038/1487/1014 1096/1488/1047 1040/1489/979
f 1074/1486/964 1114/1490/1048 1076/1491/965
f 1056/1482/1015 1105/1492/1049 1058/1493/961
f 1060/1370/957 1105/1492/1049 1106/1494/1050
f 1042/1495/980 1096/1488/1047 1097/1496/1051
f 1076/1491/965 1115/1497/1052 1078/1498/983
f 1044/1499/995 1097/1496/1051 1098/1443/1025
f 1078/1498/983 1116/1446/1027 1080/1500/997
f 1088/1468/991 1089/1435/1019 1026/1501/992
f 1093/1502/1039 1126/1503/1053 1094/1504/1041
f 1108/1505/1024 1139/1506/1054 1140/1507/1055
f 1095/1508/1045 1126/1503/1053 1127/1509/1056
f 1108/1505/1024 1141/1510/1057 1109/1511/1032
f 1096/1512/1047 1127/1509/1056 1128/1513/1058
f 1109/1511/1032 1142/1514/1059 1110/1515/1034
f 1096/1512/1047 1129/1516/1060 1097/1517/1051
f 1110/1515/1034 1143/1518/1061 1111/1519/1040
f 1097/1517/1051 1130/1520/1062 1098/1521/1025
f 1111/1519/1040 1144/1522/1063 1112/1523/1042
f 1098/1521/1025 1131/1524/1064 1099/1525/1026
f 1112/1523/1042 1145/1526/1065 1113/1527/1046
f 1099/1525/1026 1132/1528/1066 1100/1529/1029
f 1113/1527/1046 1146/1530/1067 1114/1531/1048
f 1101/1532/1035 1132/1528/1066 1133/1533/1068
f 1114/1531/1048 1147/1534/1069 1115/1535/1052
f 1102/1536/1037 1133/1533/1068 1134/1537/1070
f 1120/1538/1038 1121/1539/1071 1089/1540/1019
f 1116/1541/1027 1147/1534/1069 1148/1542/1072
f 1102/1536/1037 1135/1543/1073 1103/1544/1043
f 1090/1545/1020 1121/1539/1071 1122/1546/1074
f 1117/1547/1028 1148/1542/1072 1149/1548/1075
f 1103/1544/1043 1136/1549/1076 1104/1550/1044
f 1090/1545/1020 1123/1551/1077 1091/1552/1031
f 1117/1547/1028 1150/1553/1078 1118/1554/1030
f 1105/1555/1049 1136/1549/1076 1137/1556/1079
f 1092/1557/1033 1123/1551/1077 1124/1558/1080
f 1118/1554/1030 1151/1559/1081 1119/1560/1036
f 1106/1561/1050 1137/1556/1079 1138/1562/1082
f 1092/1557/1033 1125/1563/1083 1093/1502/1039
f 1120/1538/1038 1151/1559/1081 1152/1564/1084
f 1107/1565/958 1138/1562/1082 1139/1506/1054
f 1129/1516/1060 1160/1566/1085 1161/1567/1086
f 1143/1518/1061 1174/1568/1087 1175/1569/1088
f 1130/1520/1062 1161/1567/1086 1162/1570/1089
f 1144/1522/1063 1175/1569/1088 1176/1571/1090
f 1130/1520/1062 1163/1572/1091 1131/1524/1064
f 1144/1522/1063 1177/1573/1092 1145/1526/1065
f 1131/1524/1064 1164/1574/1093 1132/1528/1066
f 1146/1530/1067 1177/1573/1092 1178/1575/1094
f 1133/1533/1068 1164/1574/1093 1165/1576/1095
f 1146/1530/1067 1179/1577/1096 1147/1534/1069
f 1133/1533/1068 1166/1578/1097 1134/1537/1070
f 1152/1564/1084 1153/1579/1098 1121/1539/1071
f 1147/1534/1069 1180/1580/1099 1148/1542/1072
f 1134/1537/1070 1167/1581/1100 1135/1543/1073
f 1122/1546/1074 1153/1579/1098 1154/1582/1101
f 1149/1548/1075 1180/1580/1099 1181/1583/1102
f 1135/1543/1073 1168/1584/1103 1136/1549/1076
f 1122/1546/1074 1155/1585/1104 1123/1551/1077
f 1150/1553/1078 1181/1583/1102 1182/1586/1105
f 1137/1556/1079 1168/1584/1103 1169/1587/1106
f 1124/1558/1080 1155/1585/1104 1156/1588/1107
f 1151/1559/1081 1182/1586/1105 1183/1589/1108
f 1138/1562/1082 1169/1587/1106 1170/1590/1109
f 1125/1563/1083 1156/1588/1107 1157/1591/1110
f 1151/1559/1081 1184/1592/1111 1152/1564/1084
f 1139/1506/1054 1170/1590/1109 1171/1593/1112
f 1125/1563/1083 1158/1594/1113 1126/1503/1053
f 1139/1506/1054 1172/1595/1114 1140/1507/1055
f 1126/1503/1053 1159/1596/1115 1127/1509/1056
f 1141/1510/1057 1172/1595/1114 1173/1597/1116
f 1128/1513/1058 1159/1596/1115 1160/1566/1085
f 1141/1510/1057 1174/1568/1087 1142/1514/1059
f 1164/1574/1093 1195/1598/1117 1196/1599/1118
f 1178/1575/1094 1209/1600/1119 1210/1601/1120
f 1165/1576/1095 1196/1599/1118 1197/1602/1121
f 1179/1577/1096 1210/1601/1120 1211/1603/1122
f 1165/1576/1095 1198/1604/1123 1166/1578/1097
f 1153/1579/1098 1216/1605/1124 1185/1606/1125
f 1179/1577/1096 1212/1607/1126 1180/1580/1099
f 1166/1578/1097 1199/1608/1127 1167/1581/1100
f 1154/1582/1101 1185/1606/1125 1186/1609/1128
f 1181/1583/1102 1212/1607/1126 1213/1610/1129
f 1167/1581/1100 1200/1611/1130 1168/1584/1103
f 1155/1585/1104 1186/1609/1128 1187/1612/1131
f 1181/1583/1102 1214/1613/1132 1182/1586/1105
f 1169/1587/1106 1200/1611/1130 1201/1614/1133
f 1155/1585/1104 1188/1615/1134 1156/1588/1107
f 1182/1586/1105 1215/1616/1135 1183/1589/1108
f 1170/1590/1109 1201/1614/1133 1202/1617/1136
f 1157/1591/1110 1188/1615/1134 1189/1618/1137
f 1183/1589/1108 1216/1605/1124 1184/1592/1111
f 1170/1590/1109 1203/1619/1138 1171/1593/1112
f 1158/1594/1113 1189/1618/1137 1190/1620/1139
f 1171/1593/1112 1204/1621/1140 1172/1595/1114
f 1158/1594/1113 1191/1622/1141 1159/1596/1115
f 1173/1597/1116 1204/1621/1140 1205/1623/1142
f 1160/1566/1085 1191/1622/1141 1192/1624/1143
f 1174/1568/1087 1205/1623/1142 1206/1625/1144
f 1161/1567/1086 1192/1624/1143 1193/1626/1145
f 1174/1568/1087 1207/1627/1146 1175/1569/1088
f 1162/1570/1089 1193/1626/1145 1194/1628/1147
f 1175/1569/1088 1208/1629/1148 1176/1571/1090
f 1163/1572/1091 1194/1628/1147 1195/1598/1117
f 1177/1573/1092 1208/1629/1148 1209/1600/1119
f 1199/1608/1127 1230/1630/1149 1231/1631/1150
f 1186/1609/1128 1217/1632/1151 1218/1633/1152
f 1212/1607/1126 1245/1634/1153 1213/1610/1129
f 1199/1608/1127 1232/1635/1154 1200/1611/1130
f 1187/1612/1131 1218/1633/1152 1219/1636/1155
f 1213/1610/1129 1246/1637/1156 1214/1613/1132
f 1201/1614/1133 1232/1635/1154 1233/1638/1157
f 1188/1615/1134 1219/1636/1155 1220/1639/1158
f 1214/1613/1132 1247/1640/1159 1215/1616/1135
f 1202/1617/1136 1233/1638/1157 1234/1641/1160
f 1188/1615/1134 1221/1642/1161 1189/1618/1137
f 1215/1616/1135 1248/1643/1162 1216/1605/1124
f 1202/1617/1136 1235/1644/1163 1203/1619/1138
f 1190/1620/1139 1221/1642/1161 1222/1645/1164
f 1203/1619/1138 1236/1646/1165 1204/1621/1140
f 1190/1620/1139 1223/1647/1166 1191/1622/1141
f 1204/1621/1140 1237/1648/1167 1205/1623/1142
f 1191/1622/1141 1224/1649/1168 1192/1624/1143
f 1206/1625/1144 1237/1648/1167 1238/1650/1169
f 1192/1624/1143 1225/1651/1170 1193/1626/1145
f 1206/1625/1144 1239/1652/1171 1207/1627/1146
f 1193/1626/1145 1226/1653/1172 1194/1628/1147
f 1207/1627/1146 1240/1654/1173 1208/1629/1148
f 1194/1628/1147 1227/1655/1174 1195/1598/1117
f 1209/1600/1119 1240/1654/1173 1241/1656/1175
f 1195/1598/1117 1228/1657/1176 1196/1599/1118
f 1210/1601/1120 1241/1656/1175 1242/1658/1177
f 1196/1599/1118 1229/1659/1178 1197/1602/1121
f 1210/1601/1120 1243/1660/1179 1211/1603/1122
f 1198/1604/1123 1229/1659/1178 1230/1630/1149
f 1185/1606/1125 1248/1643/1162 1217/1632/1151
f 1211/1603/1122 1244/1661/1180 1212/1607/1126
f 1234/1641/1160 1265/1662/1181 1266/1663/1182
f 1221/1642/1161 1252/1664/1183 1253/1665/1184
f 1248/1643/1162 1279/1666/1185 1280/1667/1186
f 1234/1641/1160 1267/1668/1187 1235/1644/1163
f 1221/1642/1161 1254/1669/1188 1222/1645/1164
f 1235/1644/1163 1268/1670/1189 1236/1646/1165
f 1222/1645/1164 1255/1671/1190 1223/1647/1166
f 1237/1648/1167 1268/1670/1189 1269/1672/1191
f 1224/1649/1168 1255/1671/1190 1256/1673/1192
f 1238/1650/1169 1269/1672/1191 1270/1674/1193
f 1224/1649/1168 1257/1675/1194 1225/1651/1170
f 1238/1650/1169 1271/1676/1195 1239/1652/1171
f 1226/1653/1172 1257/1675/1194 1258/1677/1196
f 1240/1654/1173 1271/1676/1195 1272/1678/1197
f 1227/1655/1174 1258/1677/1196 1259/1679/1198
f 1241/1656/1175 1272/1678/1197 1273/1680/1199
f 1227/1655/1174 1260/1681/1200 1228/1657/1176
f 1242/1658/1177 1273/1680/1199 1274/1682/1201
f 1229/1659/1178 1260/1681/1200 1261/1683/1202
f 1243/1660/1179 1274/1682/1201 1275/1684/1203
f 1229/1659/1178 1262/1685/1204 1230/1630/1149
f 1248/1643/1162 1249/1686/1205 1217/1632/1151
f 1244/1661/1180 1275/1684/1203 1276/1687/1206
f 1230/1630/1149 1263/1688/1207 1231/1631/1150
f 1218/1633/1152 1249/1686/1205 1250/1689/1208
f 1245/1634/1153 1276/1687/1206 1277/1690/1209
f 1231/1631/1150 1264/1691/1210 1232/1635/1154
f 1219/1636/1155 1250/1689/1208 1251/1692/1211
f 1245/1634/1153 1278/1693/1212 1246/1637/1156
f 1233/1638/1157 1264/1691/1210 1265/1662/1181
f 1220/1639/1158 1251/1692/1211 1252/1664/1183
f 1247/1640/1159 1278/1693/1212 1279/1666/1185
f 1003/1694/942 1260/1695/1200 1259/1696/1198
f 1005/1697/945 1260/1695/1200 1004/1698/1213
f 1006/1699/948 1261/1700/1202 1005/1697/945
f 1007/1701/953 1262/1702/1204 1006/1699/948
f 1008/1703/1214 1263/1704/1207 1007/1705/953
f 1009/1706/926 1264/1707/1210 1008/1703/1214
f 1009/1706/926 1266/1708/1182 1265/1709/1181
f 1010/1710/932 1267/1711/1187 1266/1708/1182
f 1012/1712/1215 1267/1711/1187 1011/1713/934
f 1013/1714/936 1268/1715/1189 1012/1712/1215
f 1014/1716/1216 1269/1717/1191 1013/1714/936
f 1014/1716/1216 1271/1718/1195 1270/1719/1193
f 1016/1720/941 1271/1721/1195 1015/1722/939
f 1017/1723/944 1272/1724/1197 1016/1720/941
f 1017/1723/944 1274/1725/1201 1273/1726/1199
f 1019/1727/951 1274/1725/1201 1018/1728/947
f 1020/1729/952 1275/1730/1203 1019/1727/951
f 1021/1731/1217 1276/1732/1206 1020/1729/952
f 1022/1733/955 1277/1734/1209 1021/1731/1217
f 1023/1735/956 1278/1736/1212 1022/1733/955
f 1024/1737/929 1279/1738/1185 1023/1739/956
f 1024/1737/929 1249/1740/1205 1280/1741/1186
f 994/1742/1218 1249/1740/1205 993/1743/950
f 994/1742/1218 1251/1744/1211 1250/1745/1208
f 995/1746/954 1252/1747/1183 1251/1744/1211
f 997/1748/927 1252/1747/1183 996/1749/1219
f 998/1750/933 1253/1751/1184 997/1748/927
f 998/1750/933 1255/1752/1190 1254/1753/1188
f 999/1754/935 1256/1755/1192 1255/1756/1190
f 1001/1757/938 1256/1755/1192 1000/1758/1220
f 1002/1759/940 1257/1760/1194 1001/1757/938
f 1002/1759/940 1259/1696/1198 1258/1761/1196
f 769/1762/744 1087/1763/990 831/1764/745
f 831/1764/745 1085/1765/1006 829/1766/756
f 829/1766/756 1083/1767/966 827/1768/719
f 827/1768/719 1081/1769/968 825/1770/720
f 823/1771/738 1081/1769/968 1079/1772/984
f 823/1771/738 1077/1773/999 821/1774/751
f 821/1774/751 1075/1775/1013 819/1776/762
f 819/1777/762 1073/1778/1022 817/1779/732
f 815/1780/730 1073/1778/1022 1071/1781/978
f 813/1782/747 1071/1781/978 1069/1783/994
f 811/1784/757 1069/1783/994 1067/1785/1008
f 809/1786/723 1067/1785/1008 1065/1787/1018
f 809/1786/723 1063/1788/969 807/1789/721
f 807/1789/721 1061/1790/986 805/1791/739
f 803/1792/753 1061/1790/986 1059/1793/1002
f 803/1794/753 1057/1795/960 801/1796/714
f 801/1796/714 1055/1797/962 799/1798/712
f 797/1799/733 1055/1797/962 1053/1800/981
f 795/1801/748 1053/1800/981 1051/1802/996
f 793/1803/758 1051/1802/996 1049/1804/1010
f 793/1803/758 1047/1805/1021 791/1806/726
f 791/1806/726 1045/1807/972 789/1808/724
f 789/1808/724 1043/1809/988 787/1810/742
f 785/1811/755 1043/1812/988 1041/1813/1003
f 783/1814/717 1041/1813/1003 1039/1815/1016
f 783/1814/717 1037/1816/963 781/1817/715
f 779/1818/735 1037/1816/963 1035/1819/982
f 777/1820/749 1035/1819/982 1033/1821/998
f 777/1820/749 1031/1822/1011 775/1823/760
f 775/1823/760 1029/1824/975 773/1825/728
f 773/1825/728 1027/1826/977 771/1827/729
f 771/1828/729 1025/1829/993 769/1762/744
f 1284/1830/1 1286/1831/2 1285/1832/3
f 1289/1833/4 1291/1834/5 1290/1835/6
f 1294/1836/7 1296/1837/8 1295/1838/9
f 1297/1839/10 1311/1840/11 1298/1841/12
f 1299/1842/13 1284/1830/1 1285/1832/3
f 1301/1843/14 1302/1844/1221 1293/1845/16
f 1292/1846/17 1289/1847/4 1310/1848/18
f 1311/1840/11 1295/1838/9 1312/1849/19
f 1297/1839/10 1298/1841/12 1313/1850/20
f 1301/1851/14 1292/1846/17 1309/1852/21
f 1317/1853/22 1316/1854/23 1318/1855/24
f 1289/1847/4 1612/1856/25 1319/1857/26
f 1316/1854/23 1320/1858/27 1318/1855/24
f 1322/1859/1222 1324/1860/29 1323/1861/1223
f 1324/1860/29 1322/1859/1222 1325/1862/1224
f 1325/1862/1224 1322/1859/1222 1281/1863/32
f 1283/1864/33 1330/1865/34 1329/1866/35
f 1330/1865/34 1285/1867/3 1286/1868/2
f 1282/1869/1225 1329/1866/35 1325/1862/1224
f 1325/1862/1224 1329/1866/35 1304/1870/37
f 1290/1871/6 1291/1872/5 1332/1873/38
f 1331/1874/39 1332/1873/38 1297/1839/10
f 1332/1873/38 1311/1840/11 1297/1839/10
f 1293/1875/16 1302/1876/1221 1333/1877/1226
f 1333/1877/1226 1294/1836/7 1311/1840/11
f 1337/1878/1227 1309/1852/21 1310/1848/18
f 1320/1858/27 1338/1879/42 1336/1880/43
f 1335/1881/1228 1310/1848/18 1319/1857/26
f 1315/1882/45 1318/1855/24 1337/1883/1227
f 1313/1850/20 1284/1830/1 1299/1842/13
f 1298/1841/12 1312/1849/19 1286/1831/2
f 1312/1849/19 1295/1838/9 1303/1884/46
f 1287/1885/1229 1296/1837/8 1342/1886/48
f 1307/1887/49 1306/1888/50 1315/1882/45
f 1344/1889/51 1354/1890/1230 1348/1891/53
f 1344/1889/51 1343/1892/54 1354/1890/1230
f 1370/1893/55 1369/1894/56 1372/1895/57
f 1364/1896/58 1367/1897/59 1366/1898/60
f 1376/1899/61 1360/1900/62 1377/1901/1231
f 1360/1900/62 1361/1902/64 1377/1901/1231
f 1373/1903/65 1370/1893/55 1371/1904/66
f 1384/1905/67 1373/1903/65 1374/1906/68
f 1384/1905/67 1374/1906/68 1385/1907/69
f 1367/1908/59 1382/1909/70 1381/1910/71
f 1389/1911/72 1391/1912/73 1390/1913/74
f 1361/1914/64 1393/1915/1232 1392/1916/1233
f 1392/1916/1233 1393/1915/1232 1357/1917/77
f 1357/1917/77 1393/1915/1232 1394/1918/78
f 1393/1915/1232 1361/1914/64 1380/1919/79
f 1395/1920/80 1373/1903/65 1384/1905/67
f 1396/1921/81 1395/1920/80 1366/1898/60
f 1396/1921/81 1370/1893/55 1373/1903/65
f 1399/1922/82 1383/1923/83 1387/1924/84
f 1381/1910/71 1382/1909/70 1400/1925/85
f 1386/1926/86 1400/1927/85 1401/1928/87
f 1401/1929/87 1400/1925/85 1382/1909/70
f 1351/1930/88 1401/1928/87 1399/1931/82
f 1402/1932/89 1391/103/73 1892/1933/1234
f 1374/1906/68 1360/1900/62 1376/1899/61
f 1375/1934/91 1359/1935/92 1360/1900/62
f 1375/1934/91 1371/1904/66 1379/1936/93
f 1362/1937/94 1372/1895/57 1406/1938/95
f 1386/1926/86 1352/1939/96 1408/1940/97
f 1411/1941/98 1858/1942/99 1407/1943/100
f 1351/1930/88 1409/1944/1235 1353/1945/102
f 1421/1946/103 1420/1947/104 1422/1948/105
f 1420/1949/104 1423/1950/106 1424/1951/107
f 1425/1952/108 1384/1905/67 1385/1907/69
f 1420/1953/104 1424/414/107 1422/1954/105
f 1430/1955/109 1418/1956/110 1431/1957/111
f 1418/1956/110 1419/1958/112 1431/1957/111
f 1420/1959/104 1436/1960/1236 1435/1961/114
f 1425/1952/108 1426/1962/115 1437/1963/116
f 1427/1964/1237 1428/1965/118 1439/1966/119
f 1427/1964/1237 1425/1952/108 1437/1963/116
f 1423/1967/106 1435/1961/114 1387/1924/84
f 1420/1959/104 1421/1968/103 1436/1960/1236
f 1423/1967/106 1420/1959/104 1435/1961/114
f 1358/1969/1238 1415/1970/121 1443/1971/122
f 1443/1971/122 1444/1972/123 1377/1973/1231
f 1433/1974/124 1444/1972/123 1443/1971/122
f 1445/1975/125 1443/1971/122 1415/1970/121
f 1416/1976/126 1446/1977/127 1447/1978/128
f 1442/1979/1239 1416/1976/126 1448/1980/130
f 1419/1981/112 1448/1980/130 1447/1978/128
f 1447/1978/128 1448/1980/130 1416/1976/126
f 1442/1979/1239 1448/1980/130 1445/1975/125
f 1445/1975/125 1448/1980/130 1419/1981/112
f 1424/1982/107 1451/1983/131 1450/1984/132
f 1425/1952/108 1427/1964/1237 1451/1983/131
f 1429/1985/133 1395/1920/80 1451/1983/131
f 1451/1983/131 1395/1920/80 1425/1952/108
f 1395/1920/80 1384/1905/67 1425/1952/108
f 1450/1984/132 1475/1986/134 1422/1987/105
f 1364/1896/58 1365/1988/135 1429/1985/133
f 1440/1989/136 1453/1990/137 1452/1991/1240
f 1453/1992/137 1436/1960/1236 1441/1993/1241
f 1387/1924/84 1435/1961/114 1398/1994/1242
f 1440/1989/136 1434/1995/141 1453/1990/137
f 1454/1996/142 1435/1961/114 1436/1960/1236
f 1981/1997/143 1444/1998/123 1900/1999/144
f 1439/1966/119 1418/1956/110 1430/1955/109
f 1439/1966/119 1428/1965/118 1418/1956/110
f 1437/1963/116 1426/1962/115 1432/2000/145
f 1456/2001/146 1433/2002/124 1432/2000/145
f 1404/2003/1243 1385/1907/69 1376/1899/61
f 1458/2004/148 1412/2005/149 1413/2006/150
f 1413/2006/150 1351/1930/88 1434/1995/141
f 1413/2006/150 1434/1995/141 1440/1989/136
f 1469/2007/151 1475/2008/134 1470/2009/1244
f 1466/2010/1245 1470/2011/1244 1468/2012/1246
f 1476/2013/155 1464/2014/1247 1477/2015/1248
f 1478/2016/158 1479/2017/1249 1463/2018/1250
f 1421/1968/103 1469/2019/151 1441/1993/1241
f 1473/2020/1251 1474/2021/162 1486/2022/1252
f 1473/2020/1251 1483/2023/164 1484/2024/165
f 1467/2025/166 1487/2026/1253 1482/2027/168
f 1469/2019/151 1466/2028/1245 1482/2027/168
f 1467/2025/166 1488/2029/1254 1487/2026/1253
f 1446/1977/127 1489/2030/1255 1447/1978/128
f 1489/2030/1255 1490/2031/1256 1431/2032/111
f 1489/2030/1255 1446/1977/127 1461/2033/172
f 1462/2034/1257 1491/2035/174 1493/2036/1258
f 1494/2037/1259 1462/2034/1257 1492/2038/177
f 1495/2039/178 1492/2038/177 1464/2040/1247
f 1461/2033/172 1494/2037/1259 1495/2039/178
f 1495/2039/178 1463/2041/1250 1479/2042/1249
f 1496/2043/179 1473/2020/1251 1485/2044/180
f 1468/2045/1246 1470/2046/1244 1496/2043/179
f 1483/2023/164 1473/2020/1251 1496/2043/179
f 1496/2043/179 1450/1984/132 1438/2047/181
f 1548/2048/182 1472/2049/183 1468/2045/1246
f 1497/2050/1260 1480/2051/185 1487/2052/1253
f 1481/2053/1261 1499/2054/187 1452/2055/1240
f 1452/1991/1240 1499/2056/187 1480/2051/185
f 1480/2051/185 1499/2056/187 1487/2052/1253
f 1486/2022/1252 1464/2014/1247 1476/2013/155
f 1474/2021/162 1463/2018/1250 1464/2014/1247
f 1474/2021/162 1484/2024/165 1463/2018/1250
f 1486/2022/1252 1474/2021/162 1464/2014/1247
f 1484/2024/165 1471/2057/1262 1478/2016/158
f 1486/2022/1252 1517/2058/189 1518/2059/190
f 1465/2060/191 1439/1966/119 1430/1955/109
f 1500/2061/1263 1490/2062/1256 1909/2063/1264
f 1504/2064/194 1440/1989/136 1480/2051/185
f 1519/2065/195 1522/2066/1265 1523/2067/1266
f 1525/2068/198 1527/2069/199 1526/2070/200
f 1522/2066/1265 1528/2071/201 1472/2049/183
f 1519/2065/195 1523/2067/1266 1521/2072/202
f 1533/2073/1267 1508/2074/204 1497/2050/1260
f 1536/2075/205 1524/2076/206 1527/2069/199
f 1537/2077/207 1525/2068/198 1526/2070/200
f 1536/2075/205 1485/2044/180 1524/2076/206
f 1525/2068/198 1536/2075/205 1527/2069/199
f 1528/2078/201 1534/2079/1268 1488/2029/1254
f 1519/2080/195 1520/2081/1269 1535/2082/1270
f 1522/2083/1265 1519/2080/195 1534/2084/1268
f 1491/2035/174 1540/2085/211 1493/2036/1258
f 1493/2086/1258 1540/2087/211 1541/2088/1271
f 1532/2089/213 1541/2088/1271 1540/2087/211
f 1540/2085/211 1491/2035/174 1512/2090/1272
f 1513/2091/215 1543/2092/1273 1542/2093/1274
f 1542/2093/1274 1543/2092/1273 1530/2094/218
f 1516/2095/219 1545/2096/220 1542/2093/1274
f 1544/2097/221 1545/2096/220 1546/2098/222
f 1546/2098/222 1545/2096/220 1515/2099/1275
f 1544/2100/221 1546/2101/222 1540/2102/211
f 1540/2102/211 1546/2101/222 1532/2103/213
f 1521/2072/202 1523/2067/1266 1547/2104/224
f 1536/2075/205 1525/2068/198 1547/2104/224
f 1547/2104/224 1587/2105/225 1574/2106/226
f 1528/2071/201 1467/2107/166 1472/2049/183
f 1550/2108/227 1535/2082/1270 1539/2109/228
f 1488/2029/1254 1534/2079/1268 1498/2110/1276
f 1497/2050/1260 1498/2111/1276 1551/2112/1277
f 1551/2113/1277 1498/2110/1276 1534/2079/1268
f 1497/2050/1260 1551/2112/1277 1550/2114/227
f 1550/2108/227 1551/2115/1277 1534/2084/1268
f 1554/2116/1278 1477/2015/1248 1541/2088/1271
f 1538/2117/232 1516/2118/219 1529/2119/233
f 1526/2070/200 1527/2069/199 1515/2120/1275
f 1527/2069/199 1524/2076/206 1531/2121/234
f 1517/2058/189 1486/2022/1252 1476/2013/155
f 1554/2122/1278 1541/2123/1271 1918/2124/1279
f 1578/2125/236 1555/2126/237 1507/2127/238
f 1497/2050/1260 1508/2074/204 1556/2128/239
f 1986/2129/240 1555/2126/237 1578/2125/236
f 1507/2127/238 1508/2074/204 1533/2073/1267
f 1497/2050/1260 1558/2130/241 1480/2051/185
f 1978/2131/242 1986/2129/240 1578/2125/236
f 1563/2132/243 1562/2133/244 1564/2134/1280
f 1301/935/14 1566/2135/246 1567/2136/1281
f 1566/2137/246 1568/2138/248 1569/2139/249
f 1537/2077/207 1538/2117/232 1570/2140/1282
f 1342/1886/48 1563/2132/243 1323/2141/1223
f 1568/2142/248 1577/2143/251 1539/2109/228
f 1568/2142/248 1579/2144/252 1577/2143/251
f 1566/2145/246 1580/2146/253 1579/2144/252
f 1581/2147/254 1570/2140/1282 1573/2148/255
f 1294/1836/7 1571/2149/256 1572/2150/1283
f 1571/2149/256 1581/2147/254 1573/2148/255
f 1316/1854/23 1578/2125/236 1320/1858/27
f 1566/2145/246 1301/1851/14 1580/2146/253
f 1543/2092/1273 1583/2151/1284 1530/2094/218
f 1583/2151/1284 1543/2092/1273 1584/2152/1285
f 1584/2152/1285 1543/2092/1273 1513/2091/215
f 1321/2153/260 1322/1859/1222 1585/2154/261
f 1582/2155/1286 1585/2154/261 1586/2156/1287
f 1586/2156/1287 1585/2154/261 1564/2157/1280
f 1585/2154/261 1582/2155/1286 1321/2153/260
f 1584/2152/1285 1586/2156/1287 1576/2158/264
f 1569/2159/249 1587/2105/225 1333/1877/1226
f 1333/1877/1226 1587/2105/225 1571/2149/256
f 1581/2147/254 1571/2149/256 1587/2105/225
f 1569/2159/249 1574/2106/226 1587/2105/225
f 1333/1877/1226 1302/1876/1221 1567/2160/1281
f 1338/2161/42 1580/2146/253 1305/2162/265
f 1549/2163/266 1578/2125/236 1533/2073/1267
f 1549/2164/266 1539/2109/228 1577/2143/251
f 1549/2164/266 1577/2143/251 1579/2144/252
f 1578/2125/236 1588/2165/267 1338/1879/42
f 1589/2166/1288 1583/2167/1284 1925/2168/1289
f 1296/1837/8 1563/2132/243 1342/1886/48
f 1572/2150/1283 1573/2148/255 1562/2133/244
f 1573/2148/255 1570/2140/1282 1575/2169/1290
f 1598/2170/271 1597/2171/272 1599/2172/273
f 1606/2173/274 1297/1839/10 1314/2174/275
f 1602/2175/276 1603/2176/277 1607/2177/278
f 1608/2178/279 1611/2179/280 1610/2180/281
f 1604/2181/282 1605/2182/283 1603/2183/277
f 1613/2184/284 1598/2170/271 1614/2185/285
f 1604/2186/282 1619/2187/286 1617/2188/287
f 1604/2186/282 1602/2189/276 1620/2190/1291
f 1608/2178/279 1606/2173/274 1621/2191/289
f 1597/2171/272 1616/2192/290 1599/2172/273
f 1609/2193/291 1610/2180/281 1623/2194/292
f 1602/2189/276 1624/2195/293 1620/2190/1291
f 1326/2196/294 1625/2197/295 1327/2198/296
f 1625/2199/295 1626/2200/297 1300/2201/298
f 1616/2192/290 1626/2200/297 1625/2199/295
f 1625/2197/295 1326/2196/294 1594/2202/299
f 1596/2203/300 1628/2204/301 1630/2205/302
f 1595/2206/303 1629/2207/304 1631/2208/305
f 1631/2208/305 1629/2207/304 1599/2209/273
f 1629/2207/304 1595/2206/303 1596/2203/300
f 1595/2206/303 1631/2208/305 1627/2210/1292
f 1627/2211/1292 1631/2212/305 1599/2172/273
f 1632/2213/307 1633/2214/308 1609/2193/291
f 1603/2183/277 1605/2182/283 1633/2214/308
f 1633/2214/308 1606/2173/274 1608/2178/279
f 1605/2182/283 1290/1871/6 1331/1874/39
f 1609/2193/291 1622/2215/309 1632/2213/307
f 1618/2216/310 1636/2217/311 1634/2218/1293
f 1634/2219/1293 1636/2220/311 1620/2190/1291
f 1618/2216/310 1635/2221/313 1636/2217/311
f 1636/2220/311 1635/2222/313 1619/2187/286
f 1334/2223/314 1319/1857/26 1617/2224/287
f 1636/2220/311 1619/2187/286 1620/2190/1291
f 1610/2180/281 1598/2170/271 1613/2184/284
f 1610/2180/281 1611/2179/280 1597/2171/272
f 1611/2179/280 1621/2191/289 1615/2225/315
f 1299/1842/13 1300/2201/298 1637/2226/316
f 1458/2004/148 1641/2227/317 1407/1943/100
f 1643/2228/318 1642/2229/319 1344/1889/51
f 1649/2230/320 1648/2231/321 1650/2232/1294
f 1655/2233/323 1657/2234/324 1656/2235/325
f 1659/2236/1295 1649/2230/320 1660/2237/327
f 1658/2238/328 1607/2239/278 1654/2240/329
f 1602/2189/276 1658/2241/328 1624/2195/293
f 1658/2241/328 1651/2242/1296 1665/2243/331
f 1651/2242/1296 1667/2244/332 1666/2245/1297
f 1670/2246/1298 1656/2235/325 1671/2247/335
f 1668/2248/336 1622/2215/309 1623/2194/292
f 1672/2249/337 1557/2250/1299 1664/2251/1300
f 1652/2252/1301 1674/2253/1302 1667/2244/332
f 1630/2254/302 1675/2255/1303 1614/2185/285
f 1675/2256/1303 1630/2205/302 1676/2257/343
f 1676/2257/343 1630/2205/302 1628/2204/301
f 1647/2258/344 1677/2259/1304 1679/2260/1305
f 1645/2261/347 1646/2262/348 1680/2263/349
f 1680/2263/349 1650/2264/1294 1662/2265/350
f 1668/2248/336 1655/2233/323 1682/2266/351
f 1654/2267/329 1607/2268/278 1682/2266/351
f 1682/2266/351 1622/2215/309 1668/2248/336
f 1681/2269/352 1706/2270/353 1653/2271/354
f 1624/2195/293 1665/2243/331 1634/2219/1293
f 1684/2272/1306 1665/2243/331 1666/2245/1297
f 1673/2273/356 1634/2218/1293 1684/2274/1306
f 1684/2272/1306 1634/2219/1293 1665/2243/331
f 1664/2251/1300 1684/2274/1306 1683/2275/357
f 1683/2276/357 1684/2272/1306 1667/2244/332
f 1684/2272/1306 1666/2245/1297 1667/2244/332
f 1687/2277/1307 1614/2185/285 1675/2255/1303
f 1656/2235/325 1649/2230/320 1659/2236/1295
f 1656/2235/325 1657/2234/324 1648/2231/321
f 1657/2234/324 1669/2278/359 1661/2279/360
f 1671/2247/335 1696/2280/361 1735/2281/362
f 1639/2282/363 1623/2194/292 1613/2184/284
f 1687/2283/1307 1675/2284/1303 1940/2285/1308
f 1663/2286/365 1618/2216/310 1673/2273/356
f 1694/2287/366 1693/2288/367 1695/2289/368
f 1698/2290/369 1697/2291/1309 1699/2292/371
f 1697/2138/1309 1700/2293/372 1701/2294/1310
f 1703/2295/374 1705/2296/375 1704/2297/376
f 1707/2298/1311 1694/2287/366 1708/2299/1312
f 1694/2287/366 1695/2289/368 1708/2299/1312
f 1712/2300/379 1719/2301/380 1711/2302/381
f 1700/2303/372 1714/2304/382 1713/2305/1313
f 1697/2306/1309 1715/2307/384 1714/2304/382
f 1693/2288/367 1710/2308/1314 1695/2289/368
f 1716/2309/386 1670/2246/1298 1702/2310/387
f 1703/2295/374 1716/2309/386 1705/2296/375
f 1677/2259/1304 1721/2311/388 1679/2260/1305
f 1679/2260/1305 1721/2311/388 1722/2312/389
f 1721/2311/388 1677/2259/1304 1723/2313/390
f 1724/2314/1315 1726/2315/1316 1725/2316/393
f 1692/2317/394 1725/2316/393 1728/2318/395
f 1728/2318/395 1725/2316/393 1695/2319/368
f 1727/2320/1317 1728/2318/395 1721/2311/388
f 1729/2321/397 1703/2295/374 1717/2322/398
f 1701/2323/1310 1730/2324/399 1729/2321/397
f 1716/2309/386 1703/2295/374 1730/2324/399
f 1706/2270/353 1681/2269/352 1730/2324/399
f 1717/2322/398 1731/2325/400 1729/2321/397
f 1700/2303/372 1652/2252/1301 1706/2326/353
f 1712/2300/379 1733/2327/401 1732/2328/402
f 1711/2302/381 1683/2275/357 1713/2329/1313
f 1711/2302/381 1713/2329/1313 1734/2330/1318
f 1711/2302/381 1734/2330/1318 1733/2327/401
f 1733/2331/401 1734/2332/1318 1714/2304/382
f 1740/2333/404 1660/2237/327 1722/2334/389
f 1704/2297/376 1694/2287/366 1707/2298/1311
f 1704/2297/376 1705/2296/375 1693/2288/367
f 1705/2296/375 1702/2310/387 1709/2335/1319
f 1740/2336/404 1739/2337/1320 1947/2338/1321
f 1741/2339/408 1720/2340/409 1765/2341/410
f 1742/2342/411 1741/2339/408 1765/2341/410
f 1765/2341/410 1719/2301/380 1712/2300/379
f 1743/2343/1322 1742/2342/411 1765/2341/410
f 1744/2344/413 1743/2343/1322 1765/2341/410
f 1755/2345/414 1717/2322/398 1718/2346/415
f 1758/2347/416 1759/2348/417 1754/2349/418
f 1760/2350/419 1749/2351/420 1761/2352/1323
f 1758/2353/416 1764/2354/1324 1715/2307/384
f 1758/2355/416 1751/2356/423 1766/2357/1325
f 1751/2356/423 1767/2358/1326 1766/2357/1325
f 1756/2359/426 1755/2345/414 1768/2360/1327
f 1769/2361/428 1756/2359/426 1757/2362/1328
f 1786/2363/430 1765/2341/410 1771/2364/1329
f 1751/2356/423 1752/2365/432 1767/2358/1326
f 1726/2366/1316 1773/2367/1330 1708/2299/1312
f 1773/2368/1330 1726/127/1316 1746/2369/1331
f 1746/2370/1331 1726/2315/1316 1724/2314/1315
f 1747/2371/435 1774/2372/436 1776/2373/1332
f 1777/2374/438 1747/2371/435 1775/2375/439
f 1778/2376/440 1750/2377/441 1763/2378/442
f 1746/2370/1331 1777/2379/438 1778/2380/440
f 1746/2370/1331 1778/2380/440 1763/2381/442
f 1779/2382/443 1756/2359/426 1769/2361/428
f 1754/2349/418 1759/2348/417 1731/2325/400
f 1731/2325/400 1755/2345/414 1756/2359/426
f 1759/2348/417 1699/2292/371 1731/2325/400
f 1731/2325/400 1717/2322/398 1755/2345/414
f 1769/2361/428 1831/2383/1333 1779/2382/443
f 1779/2382/443 1831/2383/1333 1753/2384/445
f 1758/2347/416 1698/2290/369 1699/2292/371
f 1780/2385/446 1767/2358/1326 1772/2386/447
f 1764/2354/1324 1781/2387/448 1732/2388/402
f 1781/2389/448 1765/2341/410 1712/2300/379
f 1732/2388/402 1715/2307/384 1764/2354/1324
f 1781/2387/448 1764/2354/1324 1766/2390/1325
f 1771/2364/1329 1765/2341/410 1780/2391/446
f 1781/2392/448 1766/2357/1325 1767/2358/1326
f 1782/2393/1334 1773/2394/1330 1955/2395/1335
f 1770/2396/1336 1749/2351/420 1760/2350/419
f 1757/2362/1328 1748/2397/452 1749/2351/420
f 1757/2362/1328 1768/2360/1327 1748/2397/452
f 1770/2396/1336 1795/2398/453 1796/2399/454
f 1737/2400/1337 1718/2346/415 1707/2298/1311
f 1785/2401/456 1765/2341/410 1786/2363/430
f 1785/2401/456 1744/2344/413 1765/2341/410
f 1797/2402/457 1799/2403/458 1798/2404/459
f 1801/2405/1338 1769/2361/428 1770/2396/1336
f 1804/2406/461 1803/2407/462 1805/2408/1339
f 1806/2409/464 1807/2410/465 1799/2403/458
f 1808/2411/466 1793/2412/1340 1809/2413/1341
f 1793/2412/1340 1794/2414/1342 1809/2413/1341
f 1752/2365/432 1806/2409/464 1812/2415/470
f 1813/2416/471 1771/2364/1329 1815/2417/472
f 1800/2418/473 1816/2419/474 1812/2415/470
f 1800/2418/473 1797/2402/457 1816/2419/474
f 1803/2407/462 1801/2405/1338 1802/2420/475
f 1804/2406/461 1805/2408/1339 1818/2421/476
f 1861/2422/1343 1814/2423/478 1815/2417/472
f 1823/2424/1344 1824/2425/1345 1761/2426/1323
f 1823/2424/1344 1774/2372/436 1790/2427/481
f 1822/2428/1346 1791/2429/483 1828/2430/484
f 1809/2431/1341 1794/2432/1342 1828/2430/484
f 1826/2433/1347 1828/2430/484 1791/2429/483
f 1790/2427/481 1822/2428/1346 1827/2434/486
f 1823/2424/1344 1827/2434/486 1811/2435/487
f 1799/2436/458 1830/2437/488 1829/2438/489
f 1807/2439/465 1831/2383/1333 1830/2437/488
f 1831/2383/1333 1801/2405/1338 1803/2407/462
f 1831/2383/1333 1769/2361/428 1801/2405/1338
f 1752/2440/432 1753/2441/445 1807/2442/465
f 1815/2417/472 1833/2443/1348 1832/2444/1349
f 1832/2445/1349 1833/2446/1348 1819/2447/492
f 1815/2417/472 1771/2364/1329 1834/2448/493
f 1834/2449/493 1812/2415/470 1816/2419/474
f 1836/2450/494 1761/2352/1323 1824/2451/1345
f 1818/2421/476 1793/2412/1340 1808/2411/466
f 1818/2421/476 1805/2408/1339 1793/2412/1340
f 1817/2452/495 1802/2420/475 1810/2453/496
f 1973/2454/497 1966/2455/498 1963/2456/1350
f 1818/2421/476 1844/2457/1351 1845/2458/1352
f 1795/2398/453 1770/2396/1336 1760/2350/419
f 1836/2459/494 1824/2460/1345 1963/2461/1350
f 1837/2462/502 1820/2463/503 1861/2422/1343
f 1842/2464/504 1841/2465/505 1843/2466/506
f 1849/2467/507 1804/2406/461 1818/2421/476
f 1378/2468/508 1846/2469/509 1397/2470/1353
f 1848/2471/511 1853/2472/512 1854/2473/513
f 1846/2474/509 1848/2475/511 1847/2476/514
f 1406/1938/95 1842/2464/504 1390/1913/74
f 1842/2464/504 1843/2466/506 1390/1913/74
f 1853/2472/512 1857/2477/1354 1819/2447/492
f 1849/2467/507 1850/2478/516 1860/2479/517
f 1369/1894/56 1851/2480/518 1852/2481/519
f 1846/2482/509 1381/1910/71 1859/2483/520
f 1848/2471/511 1859/2483/520 1857/2477/1354
f 1862/2484/521 1863/2485/522 1826/2433/1347
f 1826/2433/1347 1863/2485/522 1864/2486/1355
f 1856/2487/524 1864/2486/1355 1863/2485/522
f 1449/2488/525 1355/2489/526 1388/2490/527
f 1865/2491/528 1867/2492/1356 1866/2493/530
f 1866/2493/530 1867/2492/1356 1843/2494/506
f 1390/2495/74 1843/2494/506 1867/2492/1356
f 1867/2492/1356 1865/2491/528 1449/2488/525
f 1868/2496/531 1866/2493/530 1863/2485/522
f 1863/2485/522 1866/2493/530 1856/2487/524
f 1869/2497/532 1851/2480/518 1369/1894/56
f 1854/2498/513 1798/2499/459 1829/2438/489
f 1797/2402/457 1798/2404/459 1854/2473/513
f 1386/1926/86 1858/1942/99 1870/2500/1357
f 1400/1925/85 1870/2501/1357 1381/1910/71
f 1858/1942/99 1861/2422/1343 1871/2502/534
f 1858/1942/99 1871/2502/534 1870/2500/1357
f 1870/2501/1357 1871/2503/534 1859/2483/520
f 1372/1895/57 1842/2464/504 1406/1938/95
f 1860/2479/517 1850/2478/516 1855/2504/535
f 1844/2457/1351 1818/2421/476 1808/2411/466
f 1872/2505/1358 1864/2506/1355 1971/2507/1359
f 1411/1941/98 1837/2462/502 1858/1942/99
f 1837/2462/502 1861/2422/1343 1858/1942/99
f 1916/2508/1360 1926/2509/1361 1922/2510/1362
f 1942/2511/1363 1941/2512/1364 1948/2513/543
f 1945/690/1365 1956/2514/1366 1953/2515/1367
f 1954/2516/1368 1964/2517/1369 1960/2518/1370
f 1690/2519/550 1344/1889/51 1688/2520/551
f 1402/2521/89 1390/1913/74 1391/1912/73
f 1413/2006/150 1409/1944/1235 1351/1930/88
f 1973/2522/497 1811/2523/487 1810/2453/496
f 1813/2416/471 1821/2524/552 1771/2364/1329
f 1502/2525/1371 1479/2017/1249 1478/2016/158
f 1789/2526/1372 1788/2527/1373 1785/2401/456
f 1686/2528/1374 1662/2529/350 1661/2279/360
f 1457/2530/557 1509/2531/558 1413/2006/150
f 1659/2236/1295 1660/2237/327 1740/2333/404
f 1975/2532/559 1789/2526/1372 1837/2462/502
f 1410/2533/560 1412/2005/149 1458/2004/148
f 1782/2534/1334 1708/2299/1312 1773/2367/1330
f 1788/2527/1373 1984/2535/561 1785/2401/456
f 1642/2229/319 1976/2536/562 1344/1889/51
f 1553/2537/1375 1538/2117/232 1529/2119/233
f 1977/2538/564 1739/2539/1320 1722/2334/389
f 1538/2117/232 1553/2537/1375 1565/2540/1376
f 1637/2226/316 1300/2201/298 1626/2200/297
f 1476/2013/155 1477/2015/1248 1554/2116/1278
f 1977/2538/564 1710/2308/1314 1709/2335/1319
f 1979/2541/566 1532/2089/213 1531/2121/234
f 1718/2346/415 1737/2400/1337 1738/2542/567
f 1529/2119/233 1530/2543/218 1589/2544/1288
f 1589/2544/1288 1530/2543/218 1583/2545/1284
f 1600/2546/1377 1314/2174/275 1299/1842/13
f 1621/2191/289 1314/2174/275 1601/2547/569
f 1743/2343/1322 1691/2548/1378 1742/2342/411
f 1980/2549/571 1856/2550/524 1855/2504/535
f 1592/2551/572 1578/2125/236 1343/1892/54
f 1314/2174/275 1600/2546/1377 1601/2547/569
f 1768/2360/1327 1718/2346/415 1738/2542/567
f 1981/2552/143 1377/1901/1231 1444/2553/123
f 1385/1907/69 1404/2003/1243 1405/2554/573
f 1637/2555/316 1626/2556/297 1931/2557/1379
f 1510/2558/575 1457/2530/557 1504/2064/194
f 1707/2298/1311 1708/2299/1312 1782/2534/1334
f 1342/1886/48 1323/2141/1223 1339/2559/576
f 1339/2559/576 1323/2141/1223 1324/2560/29
f 1341/2561/577 1304/2562/37 1303/1884/46
f 1982/2563/578 1380/2564/79 1379/1936/93
f 1376/1899/61 1377/1901/1231 1981/2552/143
f 1669/2278/359 1623/2194/292 1640/2565/1380
f 1509/2531/558 1458/2004/148 1413/2006/150
f 1808/2411/466 1809/2413/1341 1872/2566/1358
f 1623/2194/292 1639/2282/363 1640/2565/1380
f 1784/2567/580 1763/2378/442 1762/2568/581
f 1372/1895/57 1362/1937/94 1363/2569/582
f 1591/2570/1381 1576/2571/264 1575/2169/1290
f 1592/2551/572 1593/2572/584 1578/2125/236
f 1985/2573/585 1616/2192/290 1615/2225/315
f 1556/2128/239 1558/2130/241 1497/2050/1260
f 1439/1966/119 1465/2060/191 1983/2574/586
f 1760/2350/419 1761/2352/1323 1836/2450/494
f 1480/2051/185 1558/2130/241 1504/2064/194
f 1872/2566/1358 1809/2413/1341 1864/2575/1355
f 1613/2184/284 1614/2185/285 1687/2277/1307
f 1690/2519/550 1643/2228/318 1344/1889/51
f 1351/1930/88 1352/1939/96 1386/1926/86
f 1430/1955/109 1431/1957/111 1500/2576/1263
f 1696/2280/361 1671/2247/335 1659/2236/1295
f 1500/2576/1263 1431/1957/111 1490/2577/1256
f 1406/1938/95 1390/1913/74 1402/2521/89
f 1306/1888/50 1308/2578/1382 1318/1855/24
f 1296/1837/8 1287/1885/1229 1288/2579/1383
f 1840/2580/1384 1788/2581/1373 1789/2582/1372
f 1789/2583/1372 1975/2584/559 1839/2585/1385
f 1505/2586/1386 1510/2587/575 1978/2588/242
f 1991/2589/1387 1691/2590/1378 1743/765/1322
f 1346/2591/1388 1592/2592/572 1993/2593/594
f 1992/2594/1389 1559/2595/1390 1560/2596/1391
f 1593/2572/584 1992/2594/1389 1560/2596/1391
f 1414/2597/598 1411/2598/98 1641/2599/317
f 1644/2600/1392 1990/2601/600 1976/2536/562
f 1592/2602/572 1349/2603/1393 1593/2604/584
f 1988/2605/1394 1840/1009/1384 1789/2606/1372
f 1350/786/603 1345/2607/1395 1993/2608/594
f 1689/2609/1396 1643/2610/318 1690/2611/550
f 1347/2612/1397 1349/2613/1393 1346/2614/1388
f 1346/2615/1388 1349/793/1393 1592/2616/572
f 1993/2617/594 1343/1892/54 1344/1889/51
f 1292/2618/17 1293/2619/16 1291/2620/5
f 1289/2621/4 1290/1871/6 1612/2622/25
f 1292/2623/17 1291/2624/5 1289/2625/4
f 1299/1842/13 1285/1832/3 1300/2201/298
f 1301/2626/14 1293/2627/16 1292/2628/17
f 1303/1884/46 1304/2562/37 1286/1831/2
f 1297/1839/10 1313/1850/20 1314/2174/275
f 1294/1836/7 1295/1838/9 1311/1840/11
f 1311/1840/11 1312/1849/19 1298/1841/12
f 1301/1851/14 1309/1852/21 1305/2162/265
f 1289/1847/4 1319/1857/26 1310/1848/18
f 1292/1846/17 1310/1848/18 1309/1852/21
f 1281/1863/32 1322/1859/1222 1321/2153/260
f 1324/1860/29 1325/1862/1224 1304/1870/37
f 1325/1862/1224 1281/1863/32 1282/1869/1225
f 1326/2196/294 1327/2198/296 1283/1864/33
f 1327/2198/296 1300/2629/298 1285/1867/3
f 1283/1864/33 1329/1866/35 1328/2630/607
f 1330/1865/34 1286/1868/2 1329/1866/35
f 1285/1867/3 1330/1865/34 1327/2198/296
f 1330/1865/34 1283/1864/33 1327/2198/296
f 1328/2630/607 1329/1866/35 1282/1869/1225
f 1329/1866/35 1286/1868/2 1304/1870/37
f 1290/1871/6 1332/1873/38 1331/1874/39
f 1332/1873/38 1291/1872/5 1293/1875/16
f 1293/1875/16 1333/1877/1226 1332/1873/38
f 1333/1877/1226 1311/1840/11 1332/1873/38
f 1315/1882/45 1335/2631/1228 1334/2632/314
f 1335/1881/1228 1319/1857/26 1334/2223/314
f 1309/1852/21 1336/2633/43 1305/2162/265
f 1320/1858/27 1336/1880/43 1318/1855/24
f 1338/2161/42 1305/2162/265 1336/2633/43
f 1318/1855/24 1336/1880/43 1337/1883/1227
f 1336/2633/43 1309/1852/21 1337/1878/1227
f 1315/1882/45 1337/1883/1227 1335/2631/1228
f 1337/1878/1227 1310/1848/18 1335/1881/1228
f 1313/1850/20 1299/1842/13 1314/2174/275
f 1298/1841/12 1286/1831/2 1284/1830/1
f 1298/1841/12 1284/1830/1 1313/1850/20
f 1312/1849/19 1303/1884/46 1286/1831/2
f 1295/1838/9 1288/2579/1383 1340/2634/1398
f 1578/2125/236 1316/1854/23 1343/1892/54
f 1344/1889/51 1307/1887/49 1315/1882/45
f 1993/2617/594 1344/1889/51 1350/2635/603
f 1351/1930/88 1353/1945/102 1352/1939/96
f 1359/1935/92 1361/1902/64 1360/1900/62
f 1364/2636/58 1366/2637/60 1365/2638/135
f 1367/1897/59 1368/2639/609 1366/1898/60
f 1370/1893/55 1372/1895/57 1371/1904/66
f 1373/1903/65 1375/1934/91 1374/1906/68
f 1378/2468/508 1368/2639/609 1367/1897/59
f 1379/1936/93 1380/2564/79 1359/1935/92
f 1364/2640/58 1383/1923/83 1367/2641/59
f 1373/1903/65 1371/1904/66 1375/1934/91
f 1359/1935/92 1380/2564/79 1361/1902/64
f 1367/1908/59 1381/1910/71 1378/2642/508
f 1367/2641/59 1383/1923/83 1382/2643/70
f 1364/2640/58 1387/1924/84 1383/1923/83
f 1355/2489/526 1389/2644/72 1388/2490/527
f 1389/2644/72 1390/2495/74 1388/2490/527
f 1391/1912/73 1389/1911/72 1380/2564/79
f 1389/2644/72 1355/2489/526 1356/2645/610
f 1361/1914/64 1392/1916/1233 1377/1973/1231
f 1392/1916/1233 1357/1917/77 1358/1969/1238
f 1357/1917/77 1394/1918/78 1356/2646/610
f 1393/827/1232 1380/2647/79 1394/2648/78
f 1356/2645/610 1394/2649/78 1389/2644/72
f 1394/2649/78 1380/2650/79 1389/2644/72
f 1366/1898/60 1395/1920/80 1365/1988/135
f 1373/1903/65 1395/1920/80 1396/1921/81
f 1396/1921/81 1366/1898/60 1368/2639/609
f 1397/2470/1353 1396/1921/81 1368/2639/609
f 1396/1921/81 1369/1894/56 1370/1893/55
f 1378/2468/508 1397/2470/1353 1368/2639/609
f 1351/1930/88 1399/1931/82 1398/2651/1242
f 1399/1922/82 1387/1924/84 1398/1994/1242
f 1401/2652/87 1382/2643/70 1383/1923/83
f 1386/1926/86 1401/1928/87 1351/1930/88
f 1401/2652/87 1383/1923/83 1399/1922/82
f 1374/1906/68 1376/1899/61 1385/1907/69
f 1375/1934/91 1360/1900/62 1374/1906/68
f 1375/1934/91 1379/1936/93 1359/1935/92
f 1371/1904/66 1363/2569/582 1403/2653/1399
f 1403/2653/1399 1379/1936/93 1371/1904/66
f 1386/1926/86 1408/1940/97 1407/1943/100
f 1407/1943/100 1410/2533/560 1458/2004/148
f 1858/1942/99 1386/1926/86 1407/1943/100
f 1417/2654/612 1419/1958/112 1418/1956/110
f 1425/1952/108 1385/1907/69 1426/1962/115
f 1421/2655/103 1422/2656/105 1475/2657/134
f 1423/2658/106 1429/2659/133 1424/2660/107
f 1432/2000/145 1433/2002/124 1417/2654/612
f 1423/1967/106 1387/1924/84 1364/2640/58
f 1427/1964/1237 1439/1966/119 1438/2047/181
f 1417/2654/612 1433/2002/124 1419/1958/112
f 1427/1964/1237 1437/1963/116 1428/1965/118
f 1421/1968/103 1441/1993/1241 1436/1960/1236
f 1358/1969/1238 1443/1971/122 1392/1916/1233
f 1443/1971/122 1377/1973/1231 1392/1916/1233
f 1433/1974/124 1443/1971/122 1445/1975/125
f 1419/1981/112 1447/1978/128 1431/2032/111
f 1445/1975/125 1419/1981/112 1433/1974/124
f 1442/1979/1239 1445/1975/125 1415/1970/121
f 1450/1984/132 1427/1964/1237 1438/2047/181
f 1424/1982/107 1450/1984/132 1422/1987/105
f 1451/1983/131 1427/1964/1237 1450/1984/132
f 1429/1985/133 1451/1983/131 1424/1982/107
f 1365/1988/135 1395/1920/80 1429/1985/133
f 1364/1896/58 1429/1985/133 1423/2661/106
f 1453/1992/137 1441/1993/1241 1452/2055/1240
f 1351/1930/88 1398/2651/1242 1434/1995/141
f 1434/1995/141 1398/2651/1242 1454/2662/142
f 1398/1994/1242 1435/1961/114 1454/1996/142
f 1434/1995/141 1454/2662/142 1453/1990/137
f 1454/1996/142 1436/1960/1236 1453/1992/137
f 1428/1965/118 1417/2654/612 1418/1956/110
f 1437/1963/116 1417/2654/612 1428/1965/118
f 1437/1963/116 1432/2000/145 1417/2654/612
f 1456/2663/146 1900/2664/144 1444/2665/123
f 1457/2530/557 1413/2006/150 1440/1989/136
f 1466/2666/1245 1468/2045/1246 1467/2107/166
f 1469/2667/151 1470/2668/1244 1466/2669/1245
f 1438/2047/181 1439/1966/119 1471/2057/1262
f 1467/2107/166 1468/2045/1246 1472/2049/183
f 1483/2023/164 1471/2057/1262 1484/2024/165
f 1473/2020/1251 1486/2022/1252 1485/2044/180
f 1438/2047/181 1471/2057/1262 1483/2023/164
f 1473/2020/1251 1484/2024/165 1474/2021/162
f 1469/2019/151 1481/2053/1261 1441/1993/1241
f 1467/2025/166 1482/2027/168 1466/2028/1245
f 1469/2019/151 1482/2027/168 1481/2053/1261
f 1489/2030/1255 1431/2032/111 1447/1978/128
f 1490/2031/1256 1489/2030/1255 1479/2042/1249
f 1462/2034/1257 1493/2036/1258 1492/2038/177
f 1493/2036/1258 1477/2670/1248 1492/2038/177
f 1494/2037/1259 1492/2038/177 1495/2039/178
f 1495/2039/178 1464/2040/1247 1463/2041/1250
f 1464/2040/1247 1492/2038/177 1477/2670/1248
f 1461/2033/172 1495/2039/178 1489/2030/1255
f 1495/2039/178 1479/2042/1249 1489/2030/1255
f 1475/1986/134 1496/2043/179 1470/2046/1244
f 1475/1986/134 1450/1984/132 1496/2043/179
f 1496/2043/179 1438/2047/181 1483/2023/164
f 1485/2044/180 1548/2048/182 1496/2043/179
f 1548/2048/182 1468/2045/1246 1496/2043/179
f 1421/2671/103 1475/2672/134 1469/2673/151
f 1497/2050/1260 1487/2052/1253 1498/2111/1276
f 1498/2110/1276 1487/2026/1253 1488/2029/1254
f 1481/2053/1261 1452/2055/1240 1441/1993/1241
f 1452/1991/1240 1480/2051/185 1440/1989/136
f 1499/2054/187 1481/2053/1261 1482/2027/168
f 1499/2054/187 1482/2027/168 1487/2026/1253
f 1484/2024/165 1478/2016/158 1463/2018/1250
f 1502/2674/1371 1909/2063/1264 1490/2062/1256
f 1486/2022/1252 1518/2059/190 1524/2076/206
f 1502/2525/1371 1490/2577/1256 1479/2017/1249
f 1500/2061/1263 1909/2063/1264 1908/2675/613
f 1510/2558/575 1504/2064/194 1503/2676/614
f 1457/2530/557 1440/1989/136 1504/2064/194
f 1519/2065/195 1521/2072/202 1520/2677/1269
f 1485/2044/180 1486/2022/1252 1524/2076/206
f 1520/2678/1269 1521/2679/202 1574/2680/226
f 1522/2066/1265 1472/2049/183 1523/2067/1266
f 1529/2119/233 1516/2118/219 1530/2543/218
f 1531/2121/234 1532/2089/213 1515/2120/1275
f 1528/2078/201 1488/2029/1254 1467/2025/166
f 1522/2681/1265 1534/2079/1268 1528/2078/201
f 1519/2080/195 1535/2082/1270 1534/2084/1268
f 1537/2077/207 1526/2070/200 1538/2117/232
f 1520/2081/1269 1539/2109/228 1535/2082/1270
f 1493/2086/1258 1541/2088/1271 1477/2015/1248
f 1513/2091/215 1542/2093/1274 1514/2682/615
f 1542/2093/1274 1530/2094/218 1516/2095/219
f 1514/2682/615 1545/2096/220 1544/2097/221
f 1545/2683/220 1516/2118/219 1515/2120/1275
f 1545/2096/220 1514/2682/615 1542/2093/1274
f 1546/2684/222 1515/2120/1275 1532/2089/213
f 1544/2097/221 1540/2685/211 1512/2686/1272
f 1547/2104/224 1525/2068/198 1537/2077/207
f 1536/2075/205 1547/2104/224 1548/2048/182
f 1547/2104/224 1523/2067/1266 1548/2048/182
f 1472/2049/183 1548/2048/182 1523/2067/1266
f 1548/2048/182 1485/2044/180 1536/2075/205
f 1537/2077/207 1587/2105/225 1547/2104/224
f 1547/2104/224 1574/2106/226 1521/2072/202
f 1533/2073/1267 1550/2114/227 1549/2163/266
f 1550/2108/227 1539/2109/228 1549/2164/266
f 1497/2050/1260 1550/2114/227 1533/2073/1267
f 1550/2108/227 1534/2084/1268 1535/2082/1270
f 1526/2070/200 1515/2120/1275 1516/2118/219
f 1526/2070/200 1516/2118/219 1538/2117/232
f 1527/2069/199 1531/2121/234 1515/2120/1275
f 1979/2687/566 1918/2688/1279 1541/2689/1271
f 1524/2076/206 1518/2059/190 1552/2690/1400
f 1578/2125/236 1507/2127/238 1533/2073/1267
f 1978/2131/242 1578/2125/236 1560/2596/1391
f 1301/1843/14 1567/2691/1281 1302/1844/1221
f 1571/2149/256 1573/2148/255 1572/2150/1283
f 1568/2692/248 1574/2625/226 1569/2693/249
f 1566/2694/246 1569/2695/249 1567/2696/1281
f 1575/2169/1290 1576/2571/264 1562/2133/244
f 1563/2132/243 1564/2134/1280 1323/2141/1223
f 1568/2142/248 1539/2109/228 1520/2081/1269
f 1294/1836/7 1572/2150/1283 1296/1837/8
f 1562/2133/244 1576/2571/264 1564/2134/1280
f 1537/2077/207 1570/2140/1282 1581/2147/254
f 1566/2145/246 1579/2144/252 1568/2142/248
f 1301/1851/14 1305/2162/265 1580/2146/253
f 1583/2151/1284 1584/2152/1285 1576/2158/264
f 1584/2152/1285 1513/2091/215 1561/2697/1401
f 1322/1859/1222 1323/1861/1223 1585/2154/261
f 1564/2157/1280 1585/2154/261 1323/1861/1223
f 1582/2155/1286 1586/2156/1287 1561/2697/1401
f 1586/2156/1287 1564/2157/1280 1576/2158/264
f 1561/2697/1401 1586/2156/1287 1584/2152/1285
f 1333/1877/1226 1571/2149/256 1294/1836/7
f 1569/2159/249 1333/1877/1226 1567/2160/1281
f 1587/2105/225 1537/2077/207 1581/2147/254
f 1520/2698/1269 1574/2699/226 1568/2700/248
f 1578/2125/236 1549/2163/266 1588/2165/267
f 1549/2164/266 1579/2144/252 1588/2701/267
f 1578/2125/236 1338/1879/42 1320/1858/27
f 1588/2701/267 1580/2146/253 1338/2161/42
f 1588/2701/267 1579/2144/252 1580/2146/253
f 1572/2150/1283 1562/2133/244 1563/2132/243
f 1572/2150/1283 1563/2132/243 1296/1837/8
f 1573/2148/255 1575/2169/1290 1562/2133/244
f 1591/2702/1381 1925/845/1289 1583/2703/1284
f 1591/2570/1381 1583/2545/1284 1576/2571/264
f 1608/2178/279 1610/2180/281 1609/2193/291
f 1612/2622/25 1605/2182/283 1604/2181/282
f 1604/2181/282 1603/2183/277 1602/2704/276
f 1612/2622/25 1290/1871/6 1605/2182/283
f 1615/2225/315 1616/2192/290 1597/2171/272
f 1598/2170/271 1599/2172/273 1614/2185/285
f 1612/1856/25 1617/2224/287 1319/1857/26
f 1604/2705/282 1617/2224/287 1612/1856/25
f 1604/2186/282 1620/2190/1291 1619/2187/286
f 1608/2178/279 1621/2191/289 1611/2179/280
f 1609/2193/291 1623/2194/292 1622/2215/309
f 1606/2173/274 1314/2174/275 1621/2191/289
f 1625/2197/295 1300/2629/298 1327/2198/296
f 1616/2706/290 1625/2197/295 1627/2707/1292
f 1625/2197/295 1594/2202/299 1627/2707/1292
f 1596/2203/300 1630/2205/302 1629/2207/304
f 1630/2205/302 1614/2708/285 1629/2207/304
f 1599/2172/273 1629/2709/304 1614/2185/285
f 1595/2206/303 1627/2210/1292 1594/2710/299
f 1627/2211/1292 1599/2172/273 1616/2192/290
f 1603/2183/277 1633/2214/308 1632/2213/307
f 1633/2214/308 1608/2178/279 1609/2193/291
f 1605/2182/283 1331/1874/39 1633/2214/308
f 1331/1874/39 1606/2173/274 1633/2214/308
f 1331/1874/39 1297/1839/10 1606/2173/274
f 1632/2213/307 1607/2268/278 1603/2183/277
f 1618/2216/310 1634/2218/1293 1673/2273/356
f 1634/2219/1293 1620/2190/1291 1624/2195/293
f 1617/2224/287 1635/2711/313 1334/2223/314
f 1635/2221/313 1315/1882/45 1334/2632/314
f 1315/1882/45 1635/2221/313 1618/2216/310
f 1635/2222/313 1617/2188/287 1619/2187/286
f 1610/2180/281 1613/2184/284 1623/2194/292
f 1610/2180/281 1597/2171/272 1598/2170/271
f 1611/2179/280 1615/2225/315 1597/2171/272
f 1985/2712/585 1931/2713/1379 1626/2714/297
f 1344/1889/51 1315/1882/45 1618/2216/310
f 1651/2242/1296 1653/2715/354 1652/2252/1301
f 1651/2242/1296 1654/2716/329 1653/2715/354
f 1652/2252/1301 1653/2715/354 1706/2326/353
f 1658/2717/328 1654/2718/329 1651/2719/1296
f 1661/2279/360 1662/2529/350 1648/2231/321
f 1649/2230/320 1650/2232/1294 1660/2237/327
f 1663/2286/365 1664/2251/1300 1557/2250/1299
f 1668/2248/336 1669/2278/359 1657/2234/324
f 1655/2233/323 1656/2235/325 1670/2246/1298
f 1648/2231/321 1662/2529/350 1650/2232/1294
f 1668/2248/336 1623/2194/292 1669/2278/359
f 1668/2248/336 1657/2234/324 1655/2233/323
f 1672/2249/337 1664/2251/1300 1711/2302/381
f 1658/2241/328 1665/2243/331 1624/2195/293
f 1652/2252/1301 1667/2244/332 1651/2242/1296
f 1651/2242/1296 1666/2245/1297 1665/2243/331
f 1673/2273/356 1664/2251/1300 1663/2286/365
f 1675/2256/1303 1676/2257/343 1662/2265/350
f 1676/2257/343 1628/2204/301 1645/2261/347
f 1647/2258/344 1679/2260/1305 1678/2720/1402
f 1679/2260/1305 1660/2721/327 1678/2720/1402
f 1646/2262/348 1678/2720/1402 1680/2263/349
f 1678/2720/1402 1650/2264/1294 1680/2263/349
f 1650/2264/1294 1678/2720/1402 1660/2721/327
f 1678/2720/1402 1646/2262/348 1647/2258/344
f 1645/2261/347 1680/2263/349 1676/2257/343
f 1680/2263/349 1662/2265/350 1676/2257/343
f 1681/2269/352 1655/2233/323 1670/2246/1298
f 1653/2271/354 1682/2266/351 1681/2269/352
f 1682/2266/351 1655/2233/323 1681/2269/352
f 1682/2266/351 1653/2271/354 1654/2267/329
f 1607/2268/278 1632/2213/307 1682/2266/351
f 1632/2213/307 1622/2215/309 1682/2266/351
f 1602/181/276 1607/2722/278 1658/899/328
f 1664/2251/1300 1683/2275/357 1711/2302/381
f 1683/2276/357 1667/2244/332 1674/2253/1302
f 1673/2273/356 1684/2274/1306 1664/2251/1300
f 1656/2235/325 1659/2236/1295 1671/2247/335
f 1656/2235/325 1648/2231/321 1649/2230/320
f 1657/2234/324 1661/2279/360 1648/2231/321
f 1686/2723/1374 1940/2724/1308 1675/2725/1303
f 1671/2247/335 1735/2281/362 1702/2310/387
f 1686/2528/1374 1675/2255/1303 1662/2529/350
f 1344/1889/51 1618/2216/310 1663/2286/365
f 1344/1889/51 1663/2286/365 1688/2520/551
f 1690/2519/550 1688/2520/551 1691/2548/1378
f 1670/2246/1298 1671/2247/335 1702/2310/387
f 1700/2303/372 1706/2326/353 1701/2726/1310
f 1697/2727/1309 1701/1947/1310 1699/2728/371
f 1709/2335/1319 1710/2308/1314 1693/2288/367
f 1700/2303/372 1674/2253/1302 1652/2252/1301
f 1716/2309/386 1702/2310/387 1705/2296/375
f 1703/2295/374 1704/2297/376 1717/2322/398
f 1717/2322/398 1704/2297/376 1718/2346/415
f 1700/2303/372 1713/2305/1313 1674/2253/1302
f 1698/2729/369 1715/2307/384 1697/2306/1309
f 1697/2306/1309 1714/2304/382 1700/2303/372
f 1679/2260/1305 1722/2312/389 1660/2721/327
f 1722/2312/389 1721/2311/388 1710/2730/1314
f 1724/2314/1315 1725/2316/393 1692/2317/394
f 1726/2315/1316 1708/2731/1312 1725/2316/393
f 1692/2317/394 1728/2318/395 1727/2320/1317
f 1695/2289/368 1725/2732/393 1708/2299/1312
f 1728/2733/395 1695/2289/368 1710/2308/1314
f 1727/2320/1317 1721/2311/388 1723/2313/390
f 1728/2318/395 1710/2730/1314 1721/2311/388
f 1701/2323/1310 1729/2321/397 1699/2292/371
f 1730/2324/399 1703/2295/374 1729/2321/397
f 1706/2270/353 1730/2324/399 1701/2323/1310
f 1730/2324/399 1670/2246/1298 1716/2309/386
f 1681/2269/352 1670/2246/1298 1730/2324/399
f 1731/2325/400 1699/2292/371 1729/2321/397
f 1733/2331/401 1715/2307/384 1732/2388/402
f 1683/2276/357 1674/2253/1302 1713/2305/1313
f 1734/2332/1318 1713/2305/1313 1714/2304/382
f 1711/2302/381 1733/2327/401 1712/2300/379
f 1733/2331/401 1714/2304/382 1715/2307/384
f 1740/2333/404 1722/2334/389 1739/2539/1320
f 1704/2297/376 1707/2298/1311 1718/2346/415
f 1704/2297/376 1693/2288/367 1694/2287/366
f 1705/2296/375 1709/2335/1319 1693/2288/367
f 1720/2340/409 1719/2301/380 1765/2341/410
f 1748/2397/452 1750/2377/441 1749/2351/420
f 1751/2734/423 1753/2735/445 1752/2736/432
f 1758/2347/416 1754/2349/418 1751/2737/423
f 1751/2738/423 1754/2739/418 1753/2740/445
f 1762/2568/581 1763/2378/442 1748/2397/452
f 1749/2351/420 1750/2377/441 1761/2352/1323
f 1758/2353/416 1715/2307/384 1698/2729/369
f 1758/2353/416 1766/2390/1325 1764/2354/1324
f 1769/2361/428 1757/2362/1328 1770/2396/1336
f 1748/2397/452 1763/2378/442 1750/2377/441
f 1755/2345/414 1718/2346/415 1768/2360/1327
f 1756/2359/426 1768/2360/1327 1757/2362/1328
f 1752/2365/432 1772/2386/447 1767/2358/1326
f 1773/2741/1330 1746/2370/1331 1763/2381/442
f 1747/2371/435 1776/2373/1332 1775/2375/439
f 1776/2373/1332 1761/2426/1323 1775/2375/439
f 1777/2374/438 1775/2375/439 1778/2742/440
f 1775/2375/439 1750/2743/441 1778/2742/440
f 1750/2377/441 1775/2744/439 1761/2352/1323
f 1754/2349/418 1779/2382/443 1753/2384/445
f 1754/2349/418 1731/2325/400 1779/2382/443
f 1731/2325/400 1756/2359/426 1779/2382/443
f 1758/2347/416 1699/2292/371 1759/2348/417
f 1771/2364/1329 1780/2391/446 1772/2745/447
f 1781/2389/448 1712/2300/379 1732/2328/402
f 1765/2341/410 1781/2389/448 1780/2391/446
f 1781/2392/448 1767/2358/1326 1780/2385/446
f 1757/2362/1328 1749/2351/420 1770/2396/1336
f 1768/2360/1327 1762/2568/581 1748/2397/452
f 1770/2396/1336 1796/2399/454 1802/2420/475
f 1784/2746/580 1955/2689/1335 1773/2688/1330
f 1792/2747/619 1794/2414/1342 1793/2412/1340
f 1801/2405/1338 1770/2396/1336 1802/2420/475
f 1806/2409/464 1799/2403/458 1800/2418/473
f 1800/2418/473 1799/2403/458 1797/2402/457
f 1810/2453/496 1811/2523/487 1792/2747/619
f 1752/2365/432 1812/2415/470 1772/2386/447
f 1813/2416/471 1815/2417/472 1814/2423/478
f 1800/2418/473 1812/2415/470 1806/2409/464
f 1803/2407/462 1802/2420/475 1817/2452/495
f 1792/2747/619 1811/2523/487 1794/2414/1342
f 1803/2407/462 1817/2452/495 1805/2408/1339
f 1797/2402/457 1819/2447/492 1816/2419/474
f 1774/2372/436 1823/2424/1344 1776/2373/1332
f 1823/2424/1344 1761/2426/1323 1776/2373/1332
f 1824/2451/1345 1823/2748/1344 1811/2523/487
f 1825/2749/620 1826/2433/1347 1791/2429/483
f 1822/2428/1346 1828/2430/484 1827/2434/486
f 1828/2430/484 1794/2432/1342 1827/2434/486
f 1809/2431/1341 1828/2430/484 1826/2433/1347
f 1827/2434/486 1794/2432/1342 1811/2435/487
f 1790/2427/481 1827/2434/486 1823/2424/1344
f 1799/2436/458 1829/2438/489 1798/2499/459
f 1830/2437/488 1804/2406/461 1829/2438/489
f 1830/2437/488 1803/2407/462 1804/2406/461
f 1807/2439/465 1830/2437/488 1799/2436/458
f 1831/2383/1333 1803/2407/462 1830/2437/488
f 1753/2384/445 1831/2383/1333 1807/2439/465
f 1752/937/432 1807/2750/465 1806/2751/464
f 1815/2417/472 1832/2444/1349 1861/2422/1343
f 1812/2415/470 1834/2449/493 1772/2386/447
f 1834/2448/493 1771/2364/1329 1772/2745/447
f 1815/2417/472 1834/2448/493 1833/2443/1348
f 1834/2449/493 1816/2419/474 1833/2446/1348
f 1833/2446/1348 1816/2419/474 1819/2447/492
f 1835/2752/1403 1810/2453/496 1802/2420/475
f 1805/2408/1339 1792/2747/619 1793/2412/1340
f 1817/2452/495 1792/2747/619 1805/2408/1339
f 1817/2452/495 1810/2453/496 1792/2747/619
f 1973/2454/497 1963/2456/1350 1824/2753/1345
f 1818/2421/476 1845/2458/1352 1850/2478/516
f 1836/2459/494 1963/2461/1350 1962/2754/1404
f 1789/2526/1372 1838/2755/623 1837/2462/502
f 1820/2463/503 1814/2423/478 1861/2422/1343
f 1846/2756/509 1847/2757/514 1397/2758/1353
f 1849/2467/507 1818/2421/476 1850/2478/516
f 1848/2471/511 1854/2473/513 1847/2759/514
f 1855/2504/535 1856/2550/524 1841/2465/505
f 1853/2472/512 1819/2447/492 1797/2402/457
f 1848/2471/511 1857/2477/1354 1853/2472/512
f 1846/2482/509 1859/2483/520 1848/2471/511
f 1849/2467/507 1860/2479/517 1851/2480/518
f 1369/1894/56 1852/2481/519 1372/1895/57
f 1841/2465/505 1856/2550/524 1843/2466/506
f 1851/2480/518 1860/2479/517 1852/2481/519
f 1378/2642/508 1381/1910/71 1846/2482/509
f 1862/2484/521 1826/2433/1347 1825/2749/620
f 1826/2433/1347 1864/2486/1355 1809/2431/1341
f 1390/2495/74 1867/2492/1356 1388/2490/527
f 1867/2492/1356 1449/2488/525 1388/2490/527
f 1865/2491/528 1866/2493/530 1868/2496/531
f 1866/2493/530 1843/2494/506 1856/2487/524
f 1868/2496/531 1863/2485/522 1862/2484/521
f 1847/2760/514 1869/2497/532 1397/2470/1353
f 1851/2480/518 1869/2497/532 1829/2438/489
f 1869/2497/532 1847/2760/514 1829/2438/489
f 1854/2498/513 1829/2438/489 1847/2760/514
f 1829/2438/489 1849/2467/507 1851/2480/518
f 1829/2438/489 1804/2406/461 1849/2467/507
f 1369/1894/56 1396/1921/81 1869/2497/532
f 1396/1921/81 1397/2470/1353 1869/2497/532
f 1797/2402/457 1854/2473/513 1853/2472/512
f 1386/1926/86 1870/2500/1357 1400/1927/85
f 1857/2477/1354 1871/2503/534 1832/2445/1349
f 1871/2502/534 1861/2422/1343 1832/2444/1349
f 1871/2503/534 1857/2477/1354 1859/2483/520
f 1832/2445/1349 1819/2447/492 1857/2477/1354
f 1870/2501/1357 1859/2483/520 1381/1910/71
f 1852/2481/519 1841/2465/505 1842/2464/504
f 1860/2479/517 1841/2465/505 1852/2481/519
f 1852/2481/519 1842/2464/504 1372/1895/57
f 1860/2479/517 1855/2504/535 1841/2465/505
f 1980/2761/571 1971/2507/1359 1864/2506/1355
f 1850/2478/516 1845/2458/1352 1873/2762/1405
f 1872/2505/1358 1971/2507/1359 1969/2763/1406
f 1411/1941/98 1407/1943/100 1641/2227/317
f 1905/2764/626 1904/2765/1407 1910/2766/628
f 1904/2765/1407 1906/2767/1408 1910/2766/628
f 1921/2768/1409 1922/2510/1362 1926/2509/1361
f 1929/2769/631 1924/2770/632 1932/2771/1410
f 1924/2770/632 1923/2772/634 1932/2771/1410
f 1941/2512/1364 1943/2773/1411 1948/2513/543
f 1951/778/1412 1953/2774/1367 1956/2775/1366
f 1958/2776/637 1957/2777/1413 1965/2778/1414
f 1957/2777/1413 1959/2779/640 1965/2778/1414
f 1959/2780/640 1960/2518/1370 1964/2517/1369
f 1883/2781/641 1901/2782/1415 1972/2783/643
f 1901/2782/1415 1967/2784/644 1972/2783/643
f 1317/1853/22 1318/1855/24 1308/2578/1382
f 1974/2785/1416 1837/2462/502 1411/1941/98
f 1786/2363/430 1771/2364/1329 1821/2524/552
f 1503/2676/614 1986/2129/240 1510/2558/575
f 1982/2786/578 1892/2787/1234 1391/2788/73
f 1350/2635/603 1344/1889/51 1976/2536/562
f 1691/2548/1378 1688/2520/551 1742/2342/411
f 1977/2538/564 1722/2334/389 1710/2308/1314
f 1538/2117/232 1565/2540/1376 1570/2140/1282
f 1340/2634/1398 1303/1884/46 1295/1838/9
f 1986/2129/240 1978/2131/242 1510/2558/575
f 1975/2532/559 1837/2462/502 1974/2785/1416
f 1621/2191/289 1601/2547/569 1638/2789/646
f 1638/2789/646 1615/2225/315 1621/2191/289
f 1341/2561/577 1324/2560/29 1304/2562/37
f 1343/1892/54 1993/2617/594 1592/2551/572
f 1348/1891/53 1307/1887/49 1344/1889/51
f 1768/2360/1327 1738/2542/567 1783/2790/647
f 1783/2790/647 1762/2568/581 1768/2360/1327
f 1785/2401/456 1838/2755/623 1789/2526/1372
f 1570/2140/1282 1565/2540/1376 1590/2791/1417
f 1590/2791/1417 1575/2169/1290 1570/2140/1282
f 1560/2596/1391 1578/2125/236 1593/2572/584
f 1385/1907/69 1405/2554/573 1426/1962/115
f 1982/2563/578 1391/1912/73 1380/2564/79
f 1426/1962/115 1405/2554/573 1455/2792/1418
f 1455/2792/1418 1432/2000/145 1426/1962/115
f 1672/2249/337 1711/2302/381 1719/2301/380
f 1784/2567/580 1773/2367/1330 1763/2378/442
f 1985/2573/585 1626/2200/297 1616/2192/290
f 1669/2278/359 1640/2565/1380 1685/2793/1419
f 1456/2001/146 1444/2553/123 1433/2002/124
f 1372/1895/57 1363/2569/582 1371/1904/66
f 1685/2793/1419 1661/2279/360 1669/2278/359
f 1802/2420/475 1796/2399/454 1835/2752/1403
f 1973/2522/497 1824/2451/1345 1811/2523/487
f 1471/2057/1262 1983/2574/586 1501/2794/651
f 1501/2794/651 1478/2016/158 1471/2057/1262
f 1439/1966/119 1983/2574/586 1471/2057/1262
f 1552/2690/1400 1531/2121/234 1524/2076/206
f 1984/2535/561 1744/2344/413 1785/2401/456
f 1736/2795/652 1709/2335/1319 1702/2310/387
f 1873/2762/1405 1855/2504/535 1850/2478/516
f 1980/2549/571 1864/2575/1355 1856/2550/524
f 1979/2541/566 1541/2088/1271 1532/2089/213
f 1702/2310/387 1735/2281/362 1736/2795/652
f 1977/2796/564 1947/2338/1321 1739/2337/1320
f 1306/1888/50 1318/1855/24 1315/1882/45
f 1296/1837/8 1288/2579/1383 1295/1838/9
f 1987/2797/1420 1974/2798/1416 1411/2799/98
f 1510/2800/575 1505/2801/1386 1506/2802/1421
f 1457/2803/557 1459/2804/655 1509/989/558
f 1458/2805/148 1989/2806/1422 1641/763/317
f 1788/2807/1373 1787/2808/1423 1984/2809/561
f 1990/2601/600 1350/2635/603 1976/2536/562
f 1642/2810/319 1644/2811/1392 1976/2812/562
f 1457/2813/557 1510/2814/575 1511/2815/658
f 1989/2816/1422 1458/2004/148 1460/2817/1424
f 1991/2818/1387 1743/2819/1322 1745/2820/1425
f 1789/2606/1372 1839/2821/1385 1988/2605/1394
f 1346/2822/1388 1993/2823/594 1345/2602/1395
f 1744/2824/413 1745/2825/1425 1743/2826/1322
f 1511/987/658 1510/2800/575 1506/2802/1421
f 1460/2817/1424 1458/2004/148 1509/2531/558
f 1560/2827/1391 1559/2828/1390 1978/2593/242
f 1788/2829/1373 1840/2830/1384 1787/2831/1423
f 1512/2686/1272 2016/2832/661 1544/2097/221
f 1283/1864/33 1998/2833/662 1326/2196/294
f 1595/2206/303 2021/2834/663 1596/2203/300
f 1416/1976/126 2007/2835/664 1446/1977/127
f 1596/2203/300 2022/2836/665 1628/2204/301
f 1357/1917/77 2003/2837/666 1358/1969/1238
f 1544/2097/221 2015/2838/667 1514/2682/615
f 1628/2204/301 2023/2839/668 1645/2261/347
f 1865/2491/528 2008/2840/669 1449/2488/525
f 1328/2630/607 1996/2841/670 1283/1864/33
f 1746/2370/1331 2034/2842/671 1777/2379/438
f 1723/2313/390 2030/2843/672 1727/2320/1317
f 1677/2259/1304 2028/2844/673 1723/2313/390
f 1790/2427/481 2037/2845/674 1822/2428/1346
f 1281/1863/32 1995/2846/1426 1282/1869/1225
f 1582/2155/1286 1997/2847/1427 1321/2153/260
f 1645/2261/347 2024/2848/677 1646/2262/348
f 1321/2153/260 1994/2849/678 1281/1863/32
f 1774/2372/436 2035/2850/679 1790/2427/481
f 1514/2682/615 2014/2851/680 1513/2091/215
f 1868/2496/531 2040/2852/681 1865/2491/528
f 1692/2317/394 2029/2853/682 1724/2314/1315
f 1446/1977/127 2009/2854/683 1461/2033/172
f 1415/1970/121 2006/2855/684 1442/1979/1239
f 1356/2646/610 2002/2856/685 1357/1917/77
f 1282/1869/1225 1999/2857/686 1328/2630/607
f 1355/2489/526 2001/2858/687 1356/2645/610
f 1358/1969/1238 2004/2859/1428 1415/1970/121
f 1862/2484/521 2041/2860/689 1868/2496/531
f 1647/2258/344 2026/2861/690 1677/2259/1304
f 1462/2034/1257 2011/2862/691 1491/2035/174
f 1724/2314/1315 2031/2863/1429 1746/2370/1331
f 1727/2320/1317 2027/2864/693 1692/2317/394
f 1747/2371/435 2033/2865/694 1774/2372/436
f 1513/2091/215 2017/2866/695 1561/2697/1401
f 1822/2428/1346 2036/2867/696 1791/2429/483
f 1494/2037/1259 2010/2868/697 1462/2034/1257
f 1791/2429/483 2038/2869/698 1825/2749/620
f 1491/2035/174 2013/2870/699 1512/2090/1272
f 1449/2488/525 2000/2871/700 1355/2489/526
f 1825/2749/620 2039/2872/701 1862/2484/521
f 1646/2262/348 2025/2873/702 1647/2258/344
f 1777/2374/438 2032/2874/703 1747/2371/435
f 1326/2196/294 2019/2875/704 1594/2202/299
f 1594/2710/299 2020/2876/705 1595/2206/303
f 1461/2033/172 2012/2877/706 1494/2037/1259
f 1442/1979/1239 2005/2878/707 1416/1976/126
f 1561/2697/1401 2018/2879/708 1582/2155/1286
f 2086/2880/709 2130/2881/710 2084/2882/711
f 2079/2883/712 2080/2884/713 2081/2885/714
f 2061/2886/715 2098/2887/716 2063/2888/717
f 2105/2889/720 2054/2890/763 2107/2891/719
f 2074/2892/740 2089/2893/723 2087/2894/721
f 2069/2895/724 2090/2896/725 2071/2897/726
f 2051/2898/729 2108/2899/767 2053/2900/728
f 2095/2901/730 2064/2902/731 2097/2903/732
f 2077/2904/733 2082/2905/734 2079/2883/712
f 2059/2906/735 2100/2907/736 2061/2886/715
f 2058/2908/737 2105/2889/720 2103/2909/738
f 2085/2910/739 2074/2892/740 2087/2894/721
f 2094/2911/741 2069/2895/724 2067/2912/742
f 2050/2913/743 2049/2914/744 2111/2915/745
f 2049/2914/744 2110/2916/727 2051/2898/729
f 2068/2917/746 2095/2901/730 2093/2918/747
f 2086/2919/709 2077/2904/733 2075/2920/748
f 2057/2921/749 2102/2922/750 2059/2906/735
f 2101/2923/751 2058/2908/737 2103/2909/738
f 2078/2924/752 2085/2910/739 2083/2925/753
f 2096/2926/754 2067/2912/742 2065/2927/755
f 2109/2928/756 2050/2913/743 2111/2915/745
f 2091/2929/757 2068/2917/746 2093/2918/747
f 2073/2930/758 2086/2919/709 2075/2920/748
f 2055/2931/760 2104/2932/772 2057/2921/749
f 2062/2933/761 2101/2923/751 2099/2934/762
f 2080/2884/713 2083/2925/753 2081/2885/714
f 2063/2888/717 2096/2926/754 2065/2927/755
f 2054/2890/763 2109/2928/756 2107/2891/719
f 2072/1112/722 2091/2929/757 2089/2893/723
f 2052/2935/765 2113/2936/766 2050/2937/743
f 2071/2897/726 2088/2938/769 2073/2930/758
f 2064/2902/731 2099/2934/762 2097/2903/732
f 2053/2900/728 2106/2939/759 2055/2931/760
f 2088/2940/769 2131/2941/800 2086/2880/709
f 2123/2942/1430 2068/2943/746 2070/2944/764
f 2141/2945/771 2104/2946/772 2106/2947/759
f 2124/2948/778 2070/2944/764 2072/2949/722
f 2142/2950/773 2106/2947/759 2108/2951/767
f 2054/2952/763 2114/2953/774 2052/2935/765
f 2133/2954/1431 2088/2940/769 2090/2955/725
f 2056/2956/718 2115/2957/776 2054/2952/763
f 2092/2958/777 2133/2954/1431 2090/2955/725
f 2074/2959/740 2124/2948/778 2072/2949/722
f 2143/2960/824 2108/2951/767 2110/2961/727
f 2126/2962/779 2074/2959/740 2076/2963/780
f 2144/2964/781 2110/2965/727 2112/2966/782
f 2058/2967/737 2116/2968/783 2056/2956/718
f 2094/2969/741 2134/2970/784 2092/2958/777
f 2060/2971/785 2117/2972/1432 2058/2967/737
f 2096/2973/754 2135/2974/787 2094/2975/741
f 2127/2976/788 2076/2963/780 2078/2977/752
f 2128/2978/789 2078/2979/752 2080/2980/713
f 2062/2981/761 2118/2982/798 2060/2971/785
f 2137/2983/791 2096/2973/754 2098/2984/716
f 2064/2985/731 2119/2986/790 2062/2987/761
f 2138/2988/792 2098/2984/716 2100/2989/736
f 2129/2990/793 2080/2980/713 2082/2991/734
f 2130/2881/710 2082/2991/734 2084/2882/711
f 2121/2992/794 2064/2985/731 2066/2993/795
f 2139/2994/796 2100/2989/736 2102/2995/750
f 2122/2996/807 2066/2993/795 2068/2943/746
f 2104/2946/772 2139/2994/796 2102/2995/750
f 2113/2936/766 2112/2966/782 2050/2937/743
f 2150/2997/797 2117/2998/1432 2118/2999/798
f 2132/3000/768 2163/3001/799 2131/3002/800
f 2151/3003/801 2118/2999/798 2119/3004/790
f 2165/3005/802 2132/3000/768 2133/3006/1431
f 2120/3007/804 2151/3003/801 2119/3004/790
f 2166/3008/831 2133/3006/1431 2134/3009/784
f 2153/3010/829 2120/3007/804 2121/3011/794
f 2167/3012/805 2134/3009/784 2135/3013/787
f 2122/3014/807 2153/3010/829 2121/3011/794
f 2168/3015/808 2135/3013/787 2136/3016/809
f 2123/3017/1430 2154/3018/806 2122/3014/807
f 2137/3019/791 2168/3015/808 2136/3016/809
f 2124/3020/778 2155/3021/810 2123/3017/1430
f 2170/3022/811 2137/3019/791 2138/3023/792
f 2125/3024/812 2156/3025/813 2124/3020/778
f 2171/3026/814 2138/3023/792 2139/3027/796
f 2158/3028/815 2125/3024/812 2126/3029/779
f 2145/3030/816 2144/3031/781 2113/3032/766
f 2172/3033/817 2139/3027/796 2140/3034/818
f 2159/3035/819 2126/3029/779 2127/3036/788
f 2146/3037/820 2113/3032/766 2114/3038/774
f 2141/3039/771 2172/3033/817 2140/3034/818
f 2160/3040/822 2127/3036/788 2128/3041/789
f 2115/3042/776 2146/3037/820 2114/3038/774
f 2174/3043/821 2141/3039/771 2142/3044/773
f 2161/3045/848 2128/3041/789 2129/3046/793
f 2116/3047/783 2147/3048/823 2115/3042/776
f 2143/3049/824 2174/3043/821 2142/3044/773
f 2130/3050/710 2161/3045/848 2129/3046/793
f 2149/3051/826 2116/3047/783 2117/2998/1432
f 2176/3052/1433 2143/3049/824 2144/3031/781
f 2163/3001/799 2130/3050/710 2131/3002/800
f 2153/3010/829 2184/3053/860 2152/3054/803
f 2167/3012/805 2198/3055/889 2166/3008/831
f 2154/3018/806 2185/3056/828 2153/3010/829
f 2200/3057/832 2167/3012/805 2168/3015/808
f 2155/3021/810 2186/3058/833 2154/3018/806
f 2169/3059/834 2200/3057/832 2168/3015/808
f 2188/3060/861 2155/3021/810 2156/3025/813
f 2170/3022/811 2201/3061/836 2169/3059/834
f 2189/3062/837 2156/3025/813 2157/3063/838
f 2203/3064/839 2170/3022/811 2171/3026/814
f 2190/3065/840 2157/3063/838 2158/3028/815
f 2177/3066/841 2176/3052/1433 2145/3030/816
f 2172/3033/817 2203/3064/839 2171/3026/814
f 2191/3067/872 2158/3028/815 2159/3035/819
f 2146/3037/820 2177/3066/841 2145/3030/816
f 2173/3068/843 2204/3069/844 2172/3033/817
f 2192/3070/845 2159/3035/819 2160/3040/822
f 2179/3071/846 2146/3037/820 2147/3048/823
f 2174/3043/821 2205/3072/847 2173/3068/843
f 2161/3045/848 2192/3070/845 2160/3040/822
f 2180/3073/849 2147/3048/823 2148/3074/850
f 2207/3075/851 2174/3043/821 2175/3076/852
f 2162/3077/825 2193/3078/853 2161/3045/848
f 2181/3079/854 2148/3074/850 2149/3051/826
f 2176/3052/1433 2207/3075/851 2175/3076/852
f 2163/3001/799 2194/3080/880 2162/3077/825
f 2182/3081/858 2149/3051/826 2150/2997/797
f 2196/3082/856 2163/3001/799 2164/3083/857
f 2151/3003/801 2182/3081/858 2150/2997/797
f 2197/3084/859 2164/3083/857 2165/3005/802
f 2184/3053/860 2151/3003/801 2152/3054/803
f 2166/3008/831 2197/3084/859 2165/3005/802
f 2188/3060/861 2219/3085/862 2187/3086/835
f 2234/3087/863 2201/3061/836 2202/3088/864
f 2221/3089/865 2188/3060/861 2189/3062/837
f 2235/3090/866 2202/3088/864 2203/3064/839
f 2222/3091/867 2189/3062/837 2190/3065/840
f 2209/3092/868 2208/3093/869 2177/3066/841
f 2236/3094/870 2203/3064/839 2204/3069/844
f 2223/3095/871 2190/3065/840 2191/3067/872
f 2178/3096/842 2209/3092/868 2177/3066/841
f 2237/3097/873 2204/3069/844 2205/3072/847
f 2224/3098/874 2191/3067/872 2192/3070/845
f 2179/3071/846 2210/3099/875 2178/3096/842
f 2238/3100/876 2205/3072/847 2206/3101/877
f 2193/3078/853 2224/3098/874 2192/3070/845
f 2180/3073/849 2211/3102/878 2179/3071/846
f 2239/3103/879 2206/3101/877 2207/3075/851
f 2194/3080/880 2225/3104/881 2193/3078/853
f 2181/3079/854 2212/3105/882 2180/3073/849
f 2208/3093/869 2239/3103/879 2207/3075/851
f 2195/3106/855 2226/3107/883 2194/3080/880
f 2214/3108/884 2181/3079/854 2182/3081/858
f 2196/3082/856 2227/3109/885 2195/3106/855
f 2215/3110/886 2182/3081/858 2183/3111/887
f 2197/3084/859 2228/3112/888 2196/3082/856
f 2184/3053/860 2215/3110/886 2183/3111/887
f 2198/3055/889 2229/3113/890 2197/3084/859
f 2217/3114/891 2184/3053/860 2185/3056/828
f 2231/3115/892 2198/3055/889 2199/3116/830
f 2186/3058/833 2217/3114/891 2185/3056/828
f 2232/3117/893 2199/3116/830 2200/3057/832
f 2219/3085/862 2186/3058/833 2187/3086/835
f 2201/3061/836 2232/3117/893 2200/3057/832
f 2255/3118/894 2222/3091/867 2223/3095/871
f 2210/3099/875 2241/3119/924 2209/3092/868
f 2269/3120/896 2236/3094/870 2237/3097/873
f 2256/3121/897 2223/3095/871 2224/3098/874
f 2243/3122/898 2210/3099/875 2211/3102/878
f 2238/3100/876 2269/3120/896 2237/3097/873
f 2225/3104/881 2256/3121/897 2224/3098/874
f 2212/3105/882 2243/3122/898 2211/3102/878
f 2271/3123/901 2238/3100/876 2239/3103/879
f 2226/3107/883 2257/3124/902 2225/3104/881
f 2245/3125/928 2212/3105/882 2213/3126/903
f 2240/3127/904 2271/3123/901 2239/3103/879
f 2227/3109/885 2258/3128/905 2226/3107/883
f 2246/3129/906 2213/3126/903 2214/3108/884
f 2228/3112/888 2259/3130/931 2227/3109/885
f 2247/3131/908 2214/3108/884 2215/3110/886
f 2229/3113/890 2260/3132/1434 2228/3112/888
f 2216/3133/910 2247/3131/908 2215/3110/886
f 2230/3134/911 2261/3135/912 2229/3113/890
f 2249/3136/913 2216/3133/910 2217/3114/891
f 2263/3137/914 2230/3134/911 2231/3115/892
f 2250/3138/917 2217/3114/891 2218/3139/915
f 2264/3140/916 2231/3115/892 2232/3117/893
f 2219/3085/862 2250/3138/917 2218/3139/915
f 2233/3141/918 2264/3140/916 2232/3117/893
f 2252/3142/919 2219/3085/862 2220/3143/920
f 2234/3087/863 2265/3144/921 2233/3141/918
f 2253/3145/922 2220/3143/920 2221/3089/865
f 2235/3090/866 2266/3146/923 2234/3087/863
f 2254/3147/949 2221/3089/865 2222/3091/867
f 2241/3119/924 2240/3127/904 2209/3092/868
f 2236/3094/870 2267/3148/946 2235/3090/866
f 2258/3128/905 2289/3149/926 2257/3124/902
f 2277/3150/927 2244/3151/900 2245/3125/928
f 2272/3152/930 2303/3153/956 2271/3123/901
f 2291/3154/934 2258/3128/905 2259/3130/931
f 2278/3155/933 2245/3125/928 2246/3129/906
f 2292/3156/1215 2259/3130/931 2260/3132/1434
f 2279/3157/935 2246/3129/906 2247/3131/908
f 2293/3158/936 2260/3132/1434 2261/3135/912
f 2248/3159/909 2279/3157/935 2247/3131/908
f 2262/3160/937 2293/3158/936 2261/3135/912
f 2281/3161/938 2248/3159/909 2249/3136/913
f 2263/3137/914 2294/3162/1216 2262/3160/937
f 2282/3163/1435 2249/3136/913 2250/3138/917
f 2296/3164/941 2263/3137/914 2264/3140/916
f 2283/3165/942 2250/3138/917 2251/3166/943
f 2297/3167/944 2264/3140/916 2265/3144/921
f 2252/3142/919 2283/3165/942 2251/3166/943
f 2298/3168/947 2265/3144/921 2266/3146/923
f 2285/3169/945 2252/3142/919 2253/3145/922
f 2267/3148/946 2298/3168/947 2266/3146/923
f 2254/3147/949 2285/3169/945 2253/3145/922
f 2273/3170/950 2272/3152/930 2241/3119/924
f 2268/3171/925 2299/3172/951 2267/3148/946
f 2255/3118/894 2286/3173/948 2254/3147/949
f 2242/3174/895 2273/3170/950 2241/3119/924
f 2269/3120/896 2300/3175/952 2268/3171/925
f 2256/3121/897 2287/3176/953 2255/3118/894
f 2275/3177/954 2242/3174/895 2243/3122/898
f 2302/3178/955 2269/3120/896 2270/3179/899
f 2289/3149/926 2256/3121/897 2257/3124/902
f 2244/3151/900 2275/3177/954 2243/3122/898
f 2271/3123/901 2302/3178/955 2270/3179/899
f 2340/3180/957 2387/3181/958 2342/3182/959
f 2335/3183/962 2336/3184/1015 2338/3185/961
f 2317/3186/963 2354/3187/964 2356/3188/965
f 2363/3189/966 2312/3190/967 2361/3191/968
f 2345/3192/1436 2330/3193/971 2343/3194/969
f 2325/3195/972 2346/3196/973 2348/3197/1437
f 2309/3198/975 2366/3199/976 2307/3200/977
f 2351/3201/978 2320/3202/979 2322/3203/980
f 2333/3204/981 2338/3185/961 2340/3205/957
f 2315/3206/982 2356/3188/965 2358/3207/983
f 2359/3208/984 2312/3190/967 2314/3209/985
f 2343/3194/969 2332/3210/987 2341/3211/986
f 2323/3212/988 2348/3197/1437 2350/3213/989
f 2305/3214/993 2306/3215/992 2367/3216/990
f 2305/3214/993 2366/3199/976 2368/3217/991
f 2349/3218/994 2322/3203/980 2324/3219/995
f 2331/3220/996 2340/3205/957 2342/3221/959
f 2313/3222/1438 2358/3207/983 2360/3223/997
f 2359/3208/984 2316/3224/1000 2357/3225/999
f 2339/3226/1002 2332/3210/987 2334/3227/1001
f 2321/3228/1003 2350/3213/989 2352/3229/1004
f 2367/3216/990 2308/3230/1005 2365/3231/1006
f 2349/3218/994 2326/3232/1007 2347/3233/1008
f 2329/3234/1010 2342/3221/959 2344/3235/1009
f 2311/3236/1011 2360/3223/997 2362/3237/1012
f 2355/3238/1013 2316/3224/1000 2318/3239/1014
f 2337/3240/960 2334/3227/1001 2336/3184/1015
f 2319/3241/1016 2352/3229/1004 2354/3187/964
f 2363/3189/966 2308/3230/1005 2310/3242/1017
f 2347/3233/1008 2328/3243/970 2345/3192/1436
f 2308/3244/1005 2369/3245/1019 2370/3246/1020
f 2329/3234/1010 2346/3196/973 2327/3247/1021
f 2353/3248/1022 2318/3239/1014 2320/3202/979
f 2311/3236/1011 2364/3249/1023 2309/3198/975
f 2344/3250/1009 2387/3181/958 2388/3251/1024
f 2324/3252/995 2379/3253/1026 2326/3254/1007
f 2360/3255/997 2397/3256/1028 2362/3257/1012
f 2328/3258/970 2379/3253/1026 2380/3259/1029
f 2364/3260/1023 2397/3256/1028 2398/3261/1030
f 2308/3244/1005 2371/3262/1031 2310/3263/1017
f 2346/3264/973 2388/3251/1024 2389/3265/1032
f 2312/3266/967 2371/3262/1031 2372/3267/1033
f 2348/3268/1437 2389/3265/1032 2390/3269/1034
f 2328/3258/970 2381/3270/1439 2330/3271/971
f 2364/3260/1023 2399/3272/1036 2366/3273/976
f 2330/3271/971 2382/3274/1037 2332/3275/987
f 2366/3276/976 2400/3277/1038 2368/3278/991
f 2312/3266/967 2373/3279/1039 2314/3280/985
f 2350/3281/989 2390/3269/1034 2391/3282/1040
f 2316/3283/1000 2373/3279/1039 2374/3284/1041
f 2352/3285/1004 2391/3286/1040 2392/3287/1042
f 2332/3275/987 2383/3288/1043 2334/3289/1001
f 2334/3290/1001 2384/3291/1044 2336/3292/1015
f 2318/3293/1014 2374/3284/1041 2375/3294/1045
f 2354/3295/964 2392/3287/1042 2393/3296/1046
f 2318/3297/1014 2376/3298/1047 2320/3299/979
f 2354/3295/964 2394/3300/1048 2356/3301/965
f 2336/3292/1015 2385/3302/1049 2338/3303/961
f 2340/3180/957 2385/3302/1049 2386/3304/1050
f 2320/3299/979 2377/3305/1051 2322/3306/980
f 2358/3307/983 2394/3300/1048 2395/3308/1052
f 2322/3306/980 2378/3309/1025 2324/3252/995
f 2358/3307/983 2396/3310/1027 2360/3255/997
f 2368/3278/991 2369/3245/1019 2306/3311/992
f 2373/3312/1039 2406/3313/1053 2374/3314/1041
f 2387/3315/958 2420/3316/1055 2388/3317/1024
f 2374/3314/1041 2407/3318/1056 2375/3319/1045
f 2388/3317/1024 2421/3320/1057 2389/3321/1032
f 2375/3319/1045 2408/3322/1058 2376/3323/1047
f 2389/3321/1032 2422/3324/1059 2390/3325/1034
f 2376/3323/1047 2409/3326/1060 2377/3327/1051
f 2391/3328/1040 2422/3324/1059 2423/3329/1061
f 2377/3327/1051 2410/3330/1062 2378/3331/1025
f 2392/3332/1042 2423/3329/1061 2424/3333/1063
f 2378/3331/1025 2411/3334/1064 2379/3335/1026
f 2392/3332/1042 2425/3336/1065 2393/3337/1046
f 2379/3335/1026 2412/3338/1066 2380/3339/1029
f 2394/3340/1048 2425/3336/1065 2426/3341/1067
f 2381/3342/1439 2412/3338/1066 2413/3343/1068
f 2394/3340/1048 2427/3344/1069 2395/3345/1052
f 2382/3346/1037 2413/3343/1068 2414/3347/1070
f 2400/3348/1038 2401/3349/1071 2369/3350/1019
f 2395/3345/1052 2428/3351/1072 2396/3352/1027
f 2382/3346/1037 2415/3353/1073 2383/3354/1043
f 2370/3355/1020 2401/3349/1071 2402/3356/1074
f 2397/3357/1028 2428/3351/1072 2429/3358/1075
f 2384/3359/1044 2415/3353/1073 2416/3360/1076
f 2370/3355/1020 2403/3361/1077 2371/3362/1031
f 2398/3363/1030 2429/3358/1075 2430/3364/1078
f 2384/3359/1044 2417/3365/1079 2385/3366/1049
f 2371/3362/1031 2404/3367/1080 2372/3368/1033
f 2398/3363/1030 2431/3369/1081 2399/3370/1036
f 2386/3371/1050 2417/3365/1079 2418/3372/1082
f 2372/3368/1033 2405/3373/1083 2373/3312/1039
f 2400/3348/1038 2431/3369/1081 2432/3374/1084
f 2386/3371/1050 2419/3375/1054 2387/3315/958
f 2409/3326/1060 2440/3376/1085 2441/3377/1086
f 2423/3329/1061 2454/3378/1087 2455/3379/1088
f 2410/3330/1062 2441/3377/1086 2442/3380/1089
f 2423/3329/1061 2456/3381/1090 2424/3333/1063
f 2411/3334/1064 2442/3380/1089 2443/3382/1091
f 2424/3333/1063 2457/3383/1092 2425/3336/1065
f 2411/3334/1064 2444/3384/1093 2412/3338/1066
f 2426/3341/1067 2457/3383/1092 2458/3385/1094
f 2413/3343/1068 2444/3384/1093 2445/3386/1095
f 2426/3341/1067 2459/3387/1096 2427/3344/1069
f 2414/3347/1070 2445/3386/1095 2446/3388/1097
f 2432/3374/1084 2433/3389/1098 2401/3349/1071
f 2427/3344/1069 2460/3390/1099 2428/3351/1072
f 2414/3347/1070 2447/3391/1100 2415/3353/1073
f 2401/3349/1071 2434/3392/1101 2402/3356/1074
f 2429/3358/1075 2460/3390/1099 2461/3393/1102
f 2416/3360/1076 2447/3391/1100 2448/3394/1103
f 2403/3361/1077 2434/3392/1101 2435/3395/1104
f 2430/3364/1078 2461/3393/1102 2462/3396/1105
f 2417/3365/1079 2448/3394/1103 2449/3397/1106
f 2403/3361/1077 2436/3398/1107 2404/3367/1080
f 2431/3369/1081 2462/3396/1105 2463/3399/1108
f 2418/3372/1082 2449/3397/1106 2450/3400/1109
f 2405/3373/1083 2436/3398/1107 2437/3401/1110
f 2431/3369/1081 2464/3402/1111 2432/3374/1084
f 2419/3375/1054 2450/3400/1109 2451/3403/1112
f 2405/3373/1083 2438/3404/1113 2406/3313/1053
f 2419/3375/1054 2452/3405/1114 2420/3316/1055
f 2406/3313/1053 2439/3406/1115 2407/3318/1056
f 2421/3320/1057 2452/3405/1114 2453/3407/1116
f 2407/3318/1056 2440/3376/1085 2408/3322/1058
f 2421/3320/1057 2454/3378/1087 2422/3324/1059
f 2444/3384/1093 2475/3408/1117 2476/3409/1118
f 2458/3385/1094 2489/3410/1119 2490/3411/1120
f 2445/3386/1095 2476/3409/1118 2477/3412/1121
f 2459/3387/1096 2490/3411/1120 2491/3413/1122
f 2445/3386/1095 2478/3414/1123 2446/3388/1097
f 2433/3389/1098 2496/3415/1124 2465/3416/1125
f 2459/3387/1096 2492/3417/1126 2460/3390/1099
f 2446/3388/1097 2479/3418/1127 2447/3391/1100
f 2434/3392/1101 2465/3416/1125 2466/3419/1128
f 2461/3393/1102 2492/3417/1126 2493/3420/1129
f 2447/3391/1100 2480/3421/1130 2448/3394/1103
f 2435/3395/1104 2466/3419/1128 2467/3422/1131
f 2461/3393/1102 2494/3423/1132 2462/3396/1105
f 2449/3397/1106 2480/3421/1130 2481/3424/1133
f 2435/3395/1104 2468/3425/1134 2436/3398/1107
f 2462/3396/1105 2495/3426/1135 2463/3399/1108
f 2450/3400/1109 2481/3424/1133 2482/3427/1136
f 2437/3401/1110 2468/3425/1134 2469/3428/1137
f 2463/3399/1108 2496/3415/1124 2464/3402/1111
f 2450/3400/1109 2483/3429/1138 2451/3403/1112
f 2438/3404/1113 2469/3428/1137 2470/3430/1139
f 2451/3403/1112 2484/3431/1140 2452/3405/1114
f 2438/3404/1113 2471/3432/1141 2439/3406/1115
f 2453/3407/1116 2484/3431/1140 2485/3433/1142
f 2440/3376/1085 2471/3432/1141 2472/3434/1143
f 2454/3378/1087 2485/3433/1142 2486/3435/1144
f 2441/3377/1086 2472/3434/1143 2473/3436/1145
f 2454/3378/1087 2487/3437/1146 2455/3379/1088
f 2442/3380/1089 2473/3436/1145 2474/3438/1147
f 2455/3379/1088 2488/3439/1148 2456/3381/1090
f 2443/3382/1091 2474/3438/1147 2475/3408/1117
f 2457/3383/1092 2488/3439/1148 2489/3410/1119
f 2479/3418/1127 2510/3440/1149 2511/3441/1150
f 2466/3419/1128 2497/3442/1151 2498/3443/1152
f 2492/3417/1126 2525/3444/1153 2493/3420/1129
f 2479/3418/1127 2512/3445/1440 2480/3421/1130
f 2467/3422/1131 2498/3443/1152 2499/3446/1155
f 2493/3420/1129 2526/3447/1156 2494/3423/1132
f 2481/3424/1133 2512/3445/1440 2513/3448/1157
f 2468/3425/1134 2499/3446/1155 2500/3449/1158
f 2494/3423/1132 2527/3450/1159 2495/3426/1135
f 2481/3424/1133 2514/3451/1160 2482/3427/1136
f 2468/3425/1134 2501/3452/1161 2469/3428/1137
f 2495/3426/1135 2528/3453/1162 2496/3415/1124
f 2482/3427/1136 2515/3454/1163 2483/3429/1138
f 2470/3430/1139 2501/3452/1161 2502/3455/1164
f 2483/3429/1138 2516/3456/1165 2484/3431/1140
f 2470/3430/1139 2503/3457/1166 2471/3432/1141
f 2484/3431/1140 2517/3458/1167 2485/3433/1142
f 2472/3434/1143 2503/3457/1166 2504/3459/1168
f 2486/3435/1144 2517/3458/1167 2518/3460/1169
f 2472/3434/1143 2505/3461/1170 2473/3436/1145
f 2486/3435/1144 2519/3462/1441 2487/3437/1146
f 2473/3436/1145 2506/3463/1172 2474/3438/1147
f 2487/3437/1146 2520/3464/1442 2488/3439/1148
f 2474/3438/1147 2507/3465/1174 2475/3408/1117
f 2489/3410/1119 2520/3464/1442 2521/3466/1175
f 2475/3408/1117 2508/3467/1176 2476/3409/1118
f 2490/3411/1120 2521/3466/1175 2522/3468/1177
f 2477/3412/1121 2508/3467/1176 2509/3469/1178
f 2490/3411/1120 2523/3470/1179 2491/3413/1122
f 2478/3414/1123 2509/3469/1178 2510/3440/1149
f 2465/3416/1125 2528/3453/1162 2497/3442/1151
f 2491/3413/1122 2524/3471/1180 2492/3417/1126
f 2514/3451/1160 2545/3472/1443 2546/3473/1182
f 2500/3449/1158 2533/3474/1184 2501/3452/1161
f 2527/3450/1159 2560/3475/1186 2528/3453/1162
f 2514/3451/1160 2547/3476/1187 2515/3454/1163
f 2501/3452/1161 2534/3477/1188 2502/3455/1164
f 2516/3456/1165 2547/3476/1187 2548/3478/1444
f 2503/3457/1166 2534/3477/1188 2535/3479/1190
f 2516/3456/1165 2549/3480/1191 2517/3458/1167
f 2503/3457/1166 2536/3481/1192 2504/3459/1168
f 2517/3458/1167 2550/3482/1193 2518/3460/1169
f 2504/3459/1168 2537/3483/1194 2505/3461/1170
f 2518/3460/1169 2551/3484/1195 2519/3462/1441
f 2505/3461/1170 2538/3485/1196 2506/3463/1172
f 2520/3464/1442 2551/3484/1195 2552/3486/1197
f 2507/3465/1174 2538/3485/1196 2539/3487/1198
f 2520/3464/1442 2553/3488/1199 2521/3466/1175
f 2507/3465/1174 2540/3489/1200 2508/3467/1176
f 2522/3468/1177 2553/3488/1199 2554/3490/1201
f 2509/3469/1178 2540/3489/1200 2541/3491/1202
f 2523/3470/1179 2554/3490/1201 2555/3492/1203
f 2510/3440/1149 2541/3491/1202 2542/1671/1204
f 2528/3453/1162 2529/3493/1205 2497/3442/1151
f 2523/3470/1179 2556/3494/1206 2524/3471/1180
f 2510/3440/1149 2543/1669/1445 2511/3441/1150
f 2498/3443/1152 2529/3493/1205 2530/3495/1208
f 2525/3444/1153 2556/3494/1206 2557/3496/1209
f 2511/3441/1150 2544/3497/1210 2512/3445/1440
f 2498/3443/1152 2531/3498/1211 2499/3446/1155
f 2525/3444/1153 2558/3499/1212 2526/3447/1156
f 2513/3448/1157 2544/3497/1210 2545/3472/1443
f 2500/3449/1158 2531/3498/1211 2532/3500/1183
f 2526/3447/1156 2559/3501/1185 2527/3450/1159
f 2284/3502/1213 2539/3503/1198 2283/3504/942
f 2285/3505/945 2540/3506/1200 2284/3502/1213
f 2286/3507/948 2541/3508/1202 2285/3505/945
f 2287/3509/953 2542/3510/1204 2286/3507/948
f 2287/3511/953 2544/3512/1210 2543/3513/1445
f 2288/3514/1214 2545/3515/1443 2544/3512/1210
f 2289/3516/926 2546/3517/1182 2545/3515/1443
f 2291/3518/934 2546/3517/1182 2290/3519/932
f 2291/3518/934 2548/3520/1444 2547/3521/1187
f 2293/3522/936 2548/3520/1444 2292/3523/1215
f 2294/3524/1216 2549/3525/1191 2293/3522/936
f 2294/3524/1216 2551/3526/1195 2550/3527/1193
f 2296/3528/941 2551/3529/1195 2295/3530/939
f 2296/3528/941 2553/3531/1199 2552/3532/1197
f 2297/3533/944 2554/3534/1201 2553/3531/1199
f 2299/3535/951 2554/3534/1201 2298/3536/947
f 2300/3537/952 2555/3538/1203 2299/3535/951
f 2301/3539/1217 2556/3540/1206 2300/3537/952
f 2302/3541/955 2557/3542/1209 2301/3539/1217
f 2303/3543/956 2558/3544/1212 2302/3541/955
f 2304/3545/929 2559/3546/1185 2303/3547/956
f 2273/3548/950 2560/3549/1186 2304/3545/929
f 2274/3550/1218 2529/3551/1205 2273/3548/950
f 2274/3550/1218 2531/3552/1211 2530/3553/1208
f 2275/3554/954 2532/3555/1183 2531/3552/1211
f 2277/3556/927 2532/3555/1183 2276/3557/1219
f 2277/3556/927 2534/3558/1188 2533/3559/1184
f 2278/3560/933 2535/3561/1190 2534/3558/1188
f 2279/3562/935 2536/3563/1192 2535/3564/1190
f 2280/3565/1220 2537/3566/1194 2536/3563/1192
f 2281/3567/938 2538/3568/1196 2537/3566/1194
f 2282/3569/1435 2539/3503/1198 2538/3568/1196
f 2111/3570/745 2305/3571/993 2367/3572/990
f 2111/3570/745 2365/3573/1006 2109/3574/756
f 2107/3575/719 2365/3573/1006 2363/3576/966
f 2105/3577/720 2363/3576/966 2361/3578/968
f 2105/3577/720 2359/3579/984 2103/3580/738
f 2101/3581/751 2359/3579/984 2357/3582/999
f 2101/3581/751 2355/3583/1013 2099/3584/762
f 2099/3585/762 2353/3586/1022 2097/3587/732
f 2095/3588/730 2353/3586/1022 2351/3589/978
f 2093/3590/747 2351/3589/978 2349/3591/994
f 2093/3590/747 2347/3592/1008 2091/3593/757
f 2091/3593/757 2345/3594/1436 2089/3595/723
f 2087/3596/721 2345/3594/1436 2343/3597/969
f 2087/3596/721 2341/3598/986 2085/3599/739
f 2083/3600/753 2341/3598/986 2339/3601/1002
f 2081/3602/714 2339/3603/1002 2337/3604/960
f 2079/3605/712 2337/3604/960 2335/3606/962
f 2079/3605/712 2333/3607/981 2077/3608/733
f 2077/3608/733 2331/3609/996 2075/3610/748
f 2075/3610/748 2329/3611/1010 2073/3612/758
f 2071/3613/726 2329/3611/1010 2327/3614/1021
f 2069/3615/724 2327/3614/1021 2325/3616/972
f 2067/3617/742 2325/3616/972 2323/3618/988
f 2067/3619/742 2321/3620/1003 2065/3621/755
f 2063/3622/717 2321/3620/1003 2319/3623/1016
f 2063/3622/717 2317/3624/963 2061/3625/715
f 2061/3625/715 2315/3626/982 2059/3627/735
f 2059/3627/735 2313/3628/1438 2057/3629/749
f 2055/3630/760 2313/3628/1438 2311/3631/1011
f 2053/3632/728 2311/3631/1011 2309/3633/975
f 2051/3634/729 2309/3633/975 2307/3635/977
f 2051/3636/729 2305/3571/993 2049/3637/744
f 2564/3638/1446 2566/3639/1447 2565/3640/1448
f 2569/3641/1449 2571/3642/1450 2570/3643/1451
f 2574/3644/1452 2576/3645/1453 2575/3646/1454
f 2577/3647/1455 2591/3648/1456 2578/3649/1457
f 2579/3650/1458 2564/3638/1446 2565/3640/1448
f 2581/3651/1459 2582/3652/1460 2573/3653/1461
f 2572/3654/1462 2569/3655/1449 2590/3656/1463
f 2591/3648/1456 2575/3646/1454 2592/3657/1464
f 2577/3647/1455 2578/3649/1457 2593/3658/1465
f 2581/3659/1459 2572/3654/1462 2589/3660/1466
f 2597/3661/1467 2596/3662/1468 2598/3663/1469
f 2569/3655/1449 2892/3664/1470 2599/3665/1471
f 2596/3662/1468 2600/3666/1472 2598/3663/1469
f 2602/3667/1473 2604/3668/1474 2603/3669/1475
f 2604/3668/1474 2602/3667/1473 2605/3670/1476
f 2605/3670/1476 2602/3667/1473 2561/3671/1477
f 2563/3672/1478 2610/3673/1479 2609/3674/1480
f 2610/3673/1479 2565/3675/1448 2566/3676/1447
f 2562/3677/1481 2609/3674/1480 2605/3670/1476
f 2605/3670/1476 2609/3674/1480 2584/3678/1482
f 2570/3679/1451 2571/3680/1450 2612/3681/1483
f 2611/3682/1484 2612/3681/1483 2577/3647/1455
f 2612/3681/1483 2591/3648/1456 2577/3647/1455
f 2573/3683/1461 2582/3684/1460 2613/3685/1485
f 2613/3685/1485 2574/3644/1452 2591/3648/1456
f 2617/3686/1486 2589/3660/1466 2590/3656/1463
f 2600/3666/1472 2618/3687/1487 2616/3688/1488
f 2615/3689/1489 2590/3656/1463 2599/3665/1471
f 2595/3690/1490 2598/3663/1469 2617/3691/1486
f 2593/3658/1465 2564/3638/1446 2579/3650/1458
f 2578/3649/1457 2592/3657/1464 2566/3639/1447
f 2592/3657/1464 2575/3646/1454 2583/3692/1491
f 2567/3693/1492 2576/3645/1453 2622/3694/1493
f 2587/3695/1494 2586/3696/1495 2595/3690/1490
f 2624/3697/1496 2634/3698/1497 2628/3699/1498
f 2624/3697/1496 2623/3700/1499 2634/3698/1497
f 2650/3701/1500 2649/3702/1501 2652/3703/1502
f 2644/3704/1503 2647/3705/1504 2646/3706/1505
f 2656/3707/1506 2640/3708/1507 2657/3709/1508
f 2640/3708/1507 2641/3710/1509 2657/3709/1508
f 2653/3711/1510 2650/3701/1500 2651/3712/1511
f 2664/3713/1512 2653/3711/1510 2654/3714/1513
f 2664/3713/1512 2654/3714/1513 2665/3715/1514
f 2647/3716/1504 2662/3717/1515 2661/3718/1516
f 2669/3719/1517 2671/3720/1518 2670/3721/1519
f 2641/3722/1509 2673/3723/1520 2672/3724/1521
f 2672/3724/1521 2673/3723/1520 2637/3725/1522
f 2637/3725/1522 2673/3723/1520 2674/3726/1523
f 2673/3727/1520 2641/3710/1509 2660/3728/1524
f 2675/3729/1525 2653/3711/1510 2664/3713/1512
f 2676/3730/1526 2675/3729/1525 2646/3706/1505
f 2676/3730/1526 2650/3701/1500 2653/3711/1510
f 2679/3731/1527 2663/3732/1528 2667/3733/1529
f 2661/3718/1516 2662/3717/1515 2680/3734/1530
f 2666/3735/1531 2680/3736/1530 2681/3737/1532
f 2681/3738/1532 2680/3734/1530 2662/3717/1515
f 2631/3739/1533 2681/3737/1532 2679/3740/1527
f 2682/3741/1534 2671/3742/1518 3172/3743/1535
f 2654/3714/1513 2640/3708/1507 2656/3707/1506
f 2655/3744/1536 2639/3745/1537 2640/3708/1507
f 2655/3744/1536 2651/3712/1511 2659/3746/1538
f 2642/3747/1539 2652/3703/1502 2686/3748/1540
f 2666/3735/1531 2632/3749/1541 2688/3750/1542
f 2691/3751/1543 3138/3752/1544 2687/3753/1545
f 2631/3739/1533 2689/3754/1546 2633/3755/1547
f 2701/3756/1548 2700/3757/1549 2702/3758/1550
f 2700/3757/1549 2703/3759/1551 2704/3760/1552
f 2705/3761/1553 2664/3713/1512 2665/3715/1514
f 2700/3757/1549 2704/3760/1552 2702/3758/1550
f 2710/3762/1554 2698/3763/1555 2711/3764/1556
f 2698/3763/1555 2699/3765/1557 2711/3764/1556
f 2700/3757/1549 2716/3766/1558 2715/3767/1559
f 2705/3761/1553 2706/3768/1560 2717/3769/1561
f 2707/3770/1562 2708/3771/1563 2719/3772/1564
f 2707/3770/1562 2705/3761/1553 2717/3769/1561
f 2703/3759/1551 2715/3767/1559 2667/3733/1529
f 2700/3757/1549 2701/3756/1548 2716/3766/1558
f 2703/3759/1551 2700/3757/1549 2715/3767/1559
f 2638/3773/1565 2695/3774/1566 2723/3775/1567
f 2723/3776/1567 2724/3777/1568 2657/3709/1508
f 2713/3778/1569 2724/3779/1568 2723/3775/1567
f 2725/3780/1570 2723/3775/1567 2695/3774/1566
f 2696/3781/1571 2726/3782/1572 2727/3783/1573
f 2722/3784/1574 2696/3781/1571 2728/3785/1575
f 2699/3786/1557 2728/3785/1575 2727/3783/1573
f 2727/3783/1573 2728/3785/1575 2696/3781/1571
f 2722/3784/1574 2728/3785/1575 2725/3780/1570
f 2725/3780/1570 2728/3785/1575 2699/3786/1557
f 2704/3787/1552 2731/3788/1576 2730/3789/1577
f 2705/3761/1553 2707/3770/1562 2731/3788/1576
f 2709/3790/1578 2675/3729/1525 2731/3788/1576
f 2731/3788/1576 2675/3729/1525 2705/3761/1553
f 2675/3729/1525 2664/3713/1512 2705/3761/1553
f 2730/3789/1577 2755/3791/1579 2702/3792/1550
f 2644/3704/1503 2645/3793/1580 2709/3790/1578
f 2720/3794/1581 2733/3795/1582 2732/3796/1583
f 2733/3797/1582 2716/3766/1558 2721/3798/1584
f 2667/3733/1529 2715/3767/1559 2678/3799/1585
f 2720/3794/1581 2714/3800/1586 2733/3795/1582
f 2734/3801/1587 2715/3767/1559 2716/3766/1558
f 3261/3802/1588 2724/3803/1568 3180/3804/1589
f 2719/3772/1564 2698/3763/1555 2710/3762/1554
f 2719/3772/1564 2708/3771/1563 2698/3763/1555
f 2717/3769/1561 2706/3768/1560 2712/3805/1590
f 2736/3806/1591 2713/3807/1569 2712/3805/1590
f 2684/3808/1592 2665/3715/1514 2656/3707/1506
f 2738/3809/1593 2692/3810/1594 2693/3811/1595
f 2693/3811/1595 2631/3739/1533 2714/3800/1586
f 2693/3811/1595 2714/3800/1586 2720/3794/1581
f 2749/3812/1596 2755/3813/1579 2750/3814/1597
f 2746/3815/1598 2750/3816/1597 2748/3817/1599
f 2756/3818/1600 2744/3819/1601 2757/3820/1602
f 2758/3821/1603 2759/3822/1604 2743/3823/1605
f 2701/3756/1548 2749/3824/1596 2721/3798/1584
f 2753/3825/1606 2754/3826/1607 2766/3827/1608
f 2753/3825/1606 2763/3828/1609 2764/3829/1610
f 2747/3830/1611 2767/3831/1612 2762/3832/1613
f 2749/3824/1596 2746/3833/1598 2762/3832/1613
f 2747/3830/1611 2768/3834/1614 2767/3831/1612
f 2726/3782/1572 2769/3835/1615 2727/3783/1573
f 2769/3835/1615 2770/3836/1616 2711/3837/1556
f 2769/3835/1615 2726/3782/1572 2741/3838/1617
f 2742/3839/1618 2771/3840/1619 2773/3841/1620
f 2774/3842/1621 2742/3839/1618 2772/3843/1622
f 2775/3844/1623 2772/3843/1622 2744/3845/1601
f 2741/3838/1617 2774/3842/1621 2775/3844/1623
f 2775/3844/1623 2743/3846/1605 2759/3847/1604
f 2776/3848/1624 2753/3825/1606 2765/3849/1625
f 2748/3850/1599 2750/3851/1597 2776/3848/1624
f 2763/3828/1609 2753/3825/1606 2776/3848/1624
f 2776/3848/1624 2730/3789/1577 2718/3852/1626
f 2828/3853/1627 2752/3854/1628 2748/3850/1599
f 2777/3855/1629 2760/3856/1630 2767/3857/1612
f 2761/3858/1631 2779/3859/1632 2732/3860/1583
f 2732/3796/1583 2779/3861/1632 2760/3856/1630
f 2760/3856/1630 2779/3861/1632 2767/3857/1612
f 2766/3827/1608 2744/3819/1601 2756/3818/1600
f 2754/3826/1607 2743/3823/1605 2744/3819/1601
f 2754/3826/1607 2764/3829/1610 2743/3823/1605
f 2766/3827/1608 2754/3826/1607 2744/3819/1601
f 2764/3829/1610 2751/3862/1633 2758/3821/1603
f 2766/3827/1608 2797/3863/1634 2798/3864/1635
f 2745/3865/1636 2719/3772/1564 2710/3762/1554
f 2780/3866/1637 2770/3867/1616 3189/3868/1638
f 2784/3869/1639 2720/3794/1581 2760/3856/1630
f 2799/3870/1640 2802/3871/1641 2803/3872/1642
f 2805/3873/1643 2807/3874/1644 2806/3875/1645
f 2802/3871/1641 2808/3876/1646 2752/3854/1628
f 2799/3870/1640 2803/3872/1642 2801/3877/1647
f 2813/3878/1648 2788/3879/1649 2777/3855/1629
f 2816/3880/1650 2804/3881/1651 2807/3874/1644
f 2817/3882/1652 2805/3873/1643 2806/3875/1645
f 2816/3880/1650 2765/3849/1625 2804/3881/1651
f 2805/3873/1643 2816/3880/1650 2807/3874/1644
f 2808/3883/1646 2814/3884/1653 2768/3834/1614
f 2799/3885/1640 2800/3886/1654 2815/3887/1655
f 2802/3888/1641 2799/3885/1640 2814/3889/1653
f 2771/3840/1619 2820/3890/1656 2773/3841/1620
f 2773/3891/1620 2820/3892/1656 2821/3893/1657
f 2812/3894/1658 2821/3893/1657 2820/3892/1656
f 2820/3890/1656 2771/3840/1619 2792/3895/1659
f 2793/3896/1660 2823/3897/1661 2822/3898/1662
f 2822/3898/1662 2823/3897/1661 2810/3899/1663
f 2796/3900/1664 2825/3901/1665 2822/3898/1662
f 2824/3902/1666 2825/3901/1665 2826/3903/1667
f 2826/3903/1667 2825/3901/1665 2795/3904/1668
f 2824/3905/1666 2826/3906/1667 2820/3907/1656
f 2820/3907/1656 2826/3906/1667 2812/3908/1658
f 2801/3877/1647 2803/3872/1642 2827/3909/1669
f 2816/3880/1650 2805/3873/1643 2827/3909/1669
f 2827/3909/1669 2867/3910/1670 2854/3911/1671
f 2808/3876/1646 2747/3912/1611 2752/3854/1628
f 2830/3913/1672 2815/3887/1655 2819/3914/1673
f 2768/3834/1614 2814/3884/1653 2778/3915/1674
f 2777/3855/1629 2778/3916/1674 2831/3917/1675
f 2831/3918/1675 2778/3915/1674 2814/3884/1653
f 2777/3855/1629 2831/3917/1675 2830/3919/1672
f 2830/3913/1672 2831/3920/1675 2814/3889/1653
f 2834/3921/1676 2757/3820/1602 2821/3893/1657
f 2818/3922/1677 2796/3923/1664 2809/3924/1678
f 2806/3875/1645 2807/3874/1644 2795/3925/1668
f 2807/3874/1644 2804/3881/1651 2811/3926/1679
f 2797/3863/1634 2766/3827/1608 2756/3818/1600
f 2834/104/1676 2821/3927/1657 3198/3928/1680
f 2858/3929/1681 2835/3930/1682 2787/3931/1683
f 2777/3855/1629 2788/3879/1649 2836/3932/1684
f 3266/3933/1685 2835/3930/1682 2858/3929/1681
f 2787/3931/1683 2788/3879/1649 2813/3878/1648
f 2777/3855/1629 2838/3934/1686 2760/3856/1630
f 3258/3935/1687 3266/3933/1685 2858/3929/1681
f 2843/3936/1688 2842/3937/1689 2844/3938/1690
f 2581/3939/1459 2846/3940/1691 2847/3941/1692
f 2846/3942/1691 2848/3943/1693 2849/3944/1694
f 2817/3882/1652 2818/3922/1677 2850/3945/1695
f 2622/3694/1493 2843/3936/1688 2603/3946/1475
f 2848/3947/1693 2857/3948/1696 2819/3914/1673
f 2848/3947/1693 2859/3949/1697 2857/3948/1696
f 2846/3950/1691 2860/3951/1698 2859/3949/1697
f 2861/3952/1699 2850/3945/1695 2853/3953/1700
f 2574/3644/1452 2851/3954/1701 2852/3955/1702
f 2851/3954/1701 2861/3952/1699 2853/3953/1700
f 2596/3662/1468 2858/3929/1681 2600/3666/1472
f 2846/3950/1691 2581/3659/1459 2860/3951/1698
f 2823/3897/1661 2863/3956/1703 2810/3899/1663
f 2863/3956/1703 2823/3897/1661 2864/3957/1704
f 2864/3957/1704 2823/3897/1661 2793/3896/1660
f 2601/3958/1705 2602/3667/1473 2865/3959/1706
f 2862/3960/1707 2865/3959/1706 2866/3961/1708
f 2866/3961/1708 2865/3959/1706 2844/3962/1690
f 2865/3959/1706 2862/3960/1707 2601/3958/1705
f 2864/3957/1704 2866/3961/1708 2856/3963/1709
f 2849/3964/1694 2867/3910/1670 2613/3685/1485
f 2613/3685/1485 2867/3910/1670 2851/3954/1701
f 2861/3952/1699 2851/3954/1701 2867/3910/1670
f 2849/3964/1694 2854/3911/1671 2867/3910/1670
f 2613/3685/1485 2582/3684/1460 2847/3965/1692
f 2618/3966/1487 2860/3951/1698 2585/3967/1710
f 2829/3968/1711 2858/3929/1681 2813/3878/1648
f 2829/3969/1711 2819/3914/1673 2857/3948/1696
f 2829/3969/1711 2857/3948/1696 2859/3949/1697
f 2858/3929/1681 2868/3970/1712 2618/3687/1487
f 2869/3971/1713 2863/3972/1703 3205/3973/1714
f 2576/3645/1453 2843/3936/1688 2622/3694/1493
f 2852/3955/1702 2853/3953/1700 2842/3937/1689
f 2853/3953/1700 2850/3945/1695 2855/3974/1715
f 2878/3975/1716 2877/3976/1717 2879/3977/1718
f 2886/3978/1719 2577/3647/1455 2594/3979/1720
f 2882/3980/1721 2883/3981/1722 2887/3982/1723
f 2888/3983/1724 2891/3984/1725 2890/3985/1726
f 2884/3986/1727 2885/3987/1728 2883/3988/1722
f 2893/3989/1729 2878/3975/1716 2894/3990/1730
f 2884/3991/1727 2899/3992/1731 2897/3993/1732
f 2884/3994/1727 2882/3995/1721 2900/3996/1733
f 2888/3983/1724 2886/3978/1719 2901/3997/1734
f 2877/3976/1717 2896/3998/1735 2879/3977/1718
f 2889/3999/1736 2890/3985/1726 2903/4000/1737
f 2882/3995/1721 2904/4001/1738 2900/3996/1733
f 2606/4002/1739 2905/4003/1740 2607/4004/1741
f 2905/4005/1740 2906/4006/1742 2580/4007/1743
f 2896/3998/1735 2906/4006/1742 2905/4005/1740
f 2905/4003/1740 2606/4002/1739 2874/4008/1744
f 2876/4009/1745 2908/4010/1746 2910/4011/1747
f 2875/4012/1748 2909/4013/1749 2911/4014/1750
f 2911/4014/1750 2909/4013/1749 2879/4015/1718
f 2909/4013/1749 2875/4012/1748 2876/4009/1745
f 2875/4012/1748 2911/4014/1750 2907/4016/1751
f 2907/4017/1751 2911/4018/1750 2879/3977/1718
f 2912/4019/1752 2913/4020/1753 2889/3999/1736
f 2883/3988/1722 2885/3987/1728 2913/4020/1753
f 2913/4020/1753 2886/3978/1719 2888/3983/1724
f 2885/3987/1728 2570/3679/1451 2611/3682/1484
f 2889/3999/1736 2902/4021/1754 2912/4019/1752
f 2898/4022/1755 2916/4023/1756 2914/4024/1757
f 2914/4025/1757 2916/4026/1756 2900/3996/1733
f 2898/4022/1755 2915/4027/1758 2916/4023/1756
f 2916/4026/1756 2915/4028/1758 2899/4029/1731
f 2614/4030/1759 2599/3665/1471 2897/3993/1732
f 2916/4026/1756 2899/4029/1731 2900/3996/1733
f 2890/3985/1726 2878/3975/1716 2893/3989/1729
f 2890/3985/1726 2891/3984/1725 2877/3976/1717
f 2891/3984/1725 2901/3997/1734 2895/4031/1760
f 2579/3650/1458 2580/4007/1743 2917/4032/1761
f 2738/3809/1593 2921/4033/1762 2687/3753/1545
f 2923/4034/1763 2922/4035/1764 2624/3697/1496
f 2929/4036/1765 2928/4037/1766 2930/4038/1767
f 2935/4039/1768 2937/4040/1769 2936/4041/1770
f 2939/4042/1771 2929/4036/1765 2940/4043/1772
f 2938/4044/1773 2887/4045/1723 2934/4046/1774
f 2882/3995/1721 2938/4047/1773 2904/4001/1738
f 2938/4047/1773 2931/4048/1775 2945/4049/1776
f 2931/4048/1775 2947/4050/1777 2946/4051/1778
f 2950/4052/1779 2936/4041/1770 2951/4053/1780
f 2948/4054/1781 2902/4021/1754 2903/4000/1737
f 2952/4055/1782 2837/4056/1783 2944/4057/1784
f 2932/4058/1785 2954/4059/1786 2947/4050/1777
f 2910/4011/1747 2955/4060/1787 2894/4061/1730
f 2955/4060/1787 2910/4011/1747 2956/4062/1788
f 2956/4062/1788 2910/4011/1747 2908/4010/1746
f 2927/4063/1789 2957/4064/1790 2959/4065/1791
f 2925/4066/1792 2926/4067/1793 2960/4068/1794
f 2960/4068/1794 2930/4069/1767 2942/4070/1795
f 2948/4054/1781 2935/4039/1768 2962/4071/1796
f 2934/4072/1774 2887/4073/1723 2962/4071/1796
f 2962/4071/1796 2902/4021/1754 2948/4054/1781
f 2961/4074/1797 2986/4075/1798 2933/4076/1799
f 2904/4001/1738 2945/4049/1776 2914/4025/1757
f 2964/4077/1800 2945/4049/1776 2946/4051/1778
f 2953/4078/1801 2914/4024/1757 2964/4079/1800
f 2964/4077/1800 2914/4025/1757 2945/4049/1776
f 2944/4057/1784 2964/4079/1800 2963/4080/1802
f 2963/4081/1802 2964/4077/1800 2947/4050/1777
f 2964/4077/1800 2946/4051/1778 2947/4050/1777
f 2967/4082/1803 2894/3990/1730 2955/4083/1787
f 2936/4041/1770 2929/4036/1765 2939/4042/1771
f 2936/4041/1770 2937/4040/1769 2928/4037/1766
f 2937/4040/1769 2949/4084/1804 2941/4085/1805
f 2951/4053/1780 2976/4086/1806 3015/4087/1807
f 2919/4088/1808 2903/4000/1737 2893/3989/1729
f 2967/4089/1803 2955/4090/1787 3220/4091/1809
f 2943/4092/1810 2898/4022/1755 2953/4078/1801
f 2974/4093/1811 2973/4094/1812 2975/4095/1813
f 2978/4096/1814 2977/4097/1815 2979/4098/1816
f 2977/4099/1815 2980/4100/1817 2981/4101/1818
f 2983/4102/1819 2985/4103/1820 2984/4104/1821
f 2987/4105/1822 2974/4093/1811 2988/4106/1823
f 2974/4093/1811 2975/4095/1813 2988/4106/1823
f 2992/4107/1824 2999/4108/1825 2991/4109/1826
f 2980/4110/1817 2994/4111/1827 2993/4112/1828
f 2977/4113/1815 2995/4114/1829 2994/4111/1827
f 2973/4094/1812 2990/4115/1830 2975/4095/1813
f 2996/4116/1831 2950/4052/1779 2982/4117/1832
f 2983/4102/1819 2996/4116/1831 2985/4103/1820
f 2957/4064/1790 3001/4118/1833 2959/4065/1791
f 2959/4065/1791 3001/4118/1833 3002/4119/1834
f 3001/4118/1833 2957/4064/1790 3003/4120/1835
f 3004/4121/1836 3006/4122/1837 3005/4123/1838
f 2972/4124/1839 3005/4123/1838 3008/4125/1840
f 3008/4125/1840 3005/4123/1838 2975/4126/1813
f 3007/4127/1841 3008/4125/1840 3001/4118/1833
f 3009/4128/1842 2983/4102/1819 2997/4129/1843
f 2981/4130/1818 3010/4131/1844 3009/4128/1842
f 2996/4116/1831 2983/4102/1819 3010/4131/1844
f 2986/4075/1798 2961/4074/1797 3010/4131/1844
f 2997/4129/1843 3011/4132/1845 3009/4128/1842
f 2980/4133/1817 2932/4134/1785 2986/4135/1798
f 2992/4107/1824 3013/4136/1846 3012/4137/1847
f 2991/4109/1826 2963/4080/1802 2993/4138/1828
f 2991/4109/1826 2993/4138/1828 3014/4139/1848
f 2991/4109/1826 3014/4139/1848 3013/4136/1846
f 3013/4140/1846 3014/4141/1848 2994/4111/1827
f 3020/4142/1849 2940/4043/1772 3002/4143/1834
f 2984/4104/1821 2974/4093/1811 2987/4105/1822
f 2984/4104/1821 2985/4103/1820 2973/4094/1812
f 2985/4103/1820 2982/4117/1832 2989/4144/1850
f 3020/4145/1849 3019/4146/1851 3227/4147/1852
f 3021/4148/1853 3000/4149/1854 3045/4150/1855
f 3022/4151/1856 3021/4148/1853 3045/4150/1855
f 3045/4150/1855 2999/4108/1825 2992/4107/1824
f 3023/4152/1857 3022/4151/1856 3045/4150/1855
f 3024/4153/1858 3023/4152/1857 3045/4150/1855
f 3035/4154/1859 2997/4129/1843 2998/4155/1860
f 3038/4156/1861 3039/4157/1862 3034/4158/1863
f 3040/4159/1864 3029/4160/1865 3041/4161/1866
f 3038/4162/1861 3044/4163/1867 2995/4114/1829
f 3038/4164/1861 3031/4165/1868 3046/4166/1869
f 3031/4165/1868 3047/4167/1870 3046/4166/1869
f 3036/4168/1871 3035/4154/1859 3048/4169/1872
f 3049/4170/1873 3036/4168/1871 3037/4171/1874
f 3066/4172/1875 3045/4150/1855 3051/4173/1876
f 3031/4165/1868 3032/4174/1877 3047/4167/1870
f 3006/4175/1837 3053/4176/1878 2988/4106/1823
f 3053/4177/1878 3006/4178/1837 3026/4179/1879
f 3026/4180/1879 3006/4122/1837 3004/4121/1836
f 3027/4181/1880 3054/4182/1881 3056/4183/1882
f 3057/4184/1883 3027/4181/1880 3055/4185/1884
f 3058/4186/1885 3030/4187/1886 3043/4188/1887
f 3026/4180/1879 3057/4189/1883 3058/4190/1885
f 3026/4180/1879 3058/4190/1885 3043/4191/1887
f 3059/4192/1888 3036/4168/1871 3049/4170/1873
f 3034/4158/1863 3039/4157/1862 3011/4132/1845
f 3011/4132/1845 3035/4154/1859 3036/4168/1871
f 3039/4157/1862 2979/4098/1816 3011/4132/1845
f 3011/4132/1845 2997/4129/1843 3035/4154/1859
f 3049/4170/1873 3111/4193/1889 3059/4192/1888
f 3059/4192/1888 3111/4193/1889 3033/4194/1890
f 3038/4156/1861 2978/4096/1814 2979/4098/1816
f 3060/4195/1891 3047/4167/1870 3052/4196/1892
f 3044/4163/1867 3061/4197/1893 3012/4198/1847
f 3061/4199/1893 3045/4150/1855 2992/4107/1824
f 3012/4198/1847 2995/4114/1829 3044/4163/1867
f 3061/4197/1893 3044/4163/1867 3046/4200/1869
f 3051/4173/1876 3045/4150/1855 3060/4201/1891
f 3061/4202/1893 3046/4166/1869 3047/4167/1870
f 3062/4203/1894 3053/4204/1878 3235/4205/1895
f 3050/4206/1896 3029/4160/1865 3040/4159/1864
f 3037/4171/1874 3028/4207/1897 3029/4160/1865
f 3037/4171/1874 3048/4169/1872 3028/4207/1897
f 3050/4206/1896 3075/4208/1898 3076/4209/1899
f 3017/4210/1900 2998/4155/1860 2987/4105/1822
f 3065/4211/1901 3045/4150/1855 3066/4172/1875
f 3065/4211/1901 3024/4153/1858 3045/4150/1855
f 3077/4212/1902 3079/4213/1903 3078/4214/1904
f 3081/4215/1905 3049/4170/1873 3050/4206/1896
f 3084/4216/1906 3083/4217/1907 3085/4218/1908
f 3086/4219/1909 3087/4220/1910 3079/4213/1903
f 3088/4221/1911 3073/4222/1912 3089/4223/1913
f 3073/4222/1912 3074/4224/1914 3089/4223/1913
f 3032/4174/1877 3086/4219/1909 3092/4225/1915
f 3093/4226/1916 3051/4173/1876 3095/4227/1917
f 3080/4228/1918 3096/4229/1919 3092/4225/1915
f 3080/4228/1918 3077/4212/1902 3096/4229/1919
f 3083/4217/1907 3081/4215/1905 3082/4230/1920
f 3084/4216/1906 3085/4218/1908 3098/4231/1921
f 3141/4232/1922 3094/4233/1923 3095/4227/1917
f 3103/4234/1924 3104/4235/1925 3041/4236/1866
f 3103/4234/1924 3054/4182/1881 3070/4237/1926
f 3102/4238/1927 3071/4239/1928 3108/4240/1929
f 3089/4241/1913 3074/4242/1914 3108/4240/1929
f 3106/4243/1930 3108/4240/1929 3071/4239/1928
f 3070/4237/1926 3102/4238/1927 3107/4244/1931
f 3103/4234/1924 3107/4244/1931 3091/4245/1932
f 3079/4246/1903 3110/4247/1933 3109/4248/1934
f 3087/4249/1910 3111/4193/1889 3110/4247/1933
f 3111/4193/1889 3081/4215/1905 3083/4217/1907
f 3111/4193/1889 3049/4170/1873 3081/4215/1905
f 3032/4250/1877 3033/4251/1890 3087/4252/1910
f 3095/4227/1917 3113/4253/1935 3112/4254/1936
f 3112/4255/1936 3113/4256/1935 3099/4257/1937
f 3095/4227/1917 3051/4173/1876 3114/4258/1938
f 3114/4259/1938 3092/4225/1915 3096/4229/1919
f 3116/4260/1939 3041/4161/1866 3104/4261/1925
f 3098/4231/1921 3073/4222/1912 3088/4221/1911
f 3098/4231/1921 3085/4218/1908 3073/4222/1912
f 3097/4262/1940 3082/4230/1920 3090/4263/1941
f 3253/4264/1942 3246/4265/1943 3243/4266/1944
f 3098/4231/1921 3124/4267/1945 3125/4268/1946
f 3075/4208/1898 3050/4206/1896 3040/4159/1864
f 3116/4269/1939 3104/4270/1925 3243/4271/1944
f 3117/4272/1947 3100/4273/1948 3141/4232/1922
f 3122/4274/1949 3121/4275/1950 3123/4276/1951
f 3129/4277/1952 3084/4216/1906 3098/4231/1921
f 2658/4278/1953 3126/4279/1954 2677/4280/1955
f 3128/4281/1956 3133/4282/1957 3134/4283/1958
f 3126/4284/1954 3128/184/1956 3127/4285/1959
f 2686/3748/1540 3122/4274/1949 2670/3721/1519
f 3122/4274/1949 3123/4276/1951 2670/3721/1519
f 3133/4282/1957 3137/4286/1960 3099/4257/1937
f 3129/4277/1952 3130/4287/1961 3140/4288/1962
f 2649/3702/1501 3131/4289/1963 3132/4290/1964
f 3126/4291/1954 2661/3718/1516 3139/4292/1965
f 3128/4281/1956 3139/4292/1965 3137/4286/1960
f 3142/4293/1966 3143/4294/1967 3106/4243/1930
f 3106/4243/1930 3143/4294/1967 3144/4295/1968
f 3136/4296/1969 3144/4295/1968 3143/4294/1967
f 2729/4297/1970 2635/4298/1971 2668/4299/1972
f 3145/4300/1973 3147/4301/1974 3146/4302/1975
f 3146/4302/1975 3147/4301/1974 3123/4303/1951
f 2670/4304/1519 3123/4303/1951 3147/4301/1974
f 3147/4301/1974 3145/4300/1973 2729/4297/1970
f 3148/4305/1976 3146/4302/1975 3143/4294/1967
f 3143/4294/1967 3146/4302/1975 3136/4296/1969
f 3149/4306/1977 3131/4289/1963 2649/3702/1501
f 3134/4307/1958 3078/4308/1904 3109/4248/1934
f 3077/4212/1902 3078/4214/1904 3134/4283/1958
f 2666/3735/1531 3138/3752/1544 3150/4309/1978
f 2680/3734/1530 3150/4310/1978 2661/3718/1516
f 3138/3752/1544 3141/4232/1922 3151/4311/1979
f 3138/3752/1544 3151/4311/1979 3150/4309/1978
f 3150/4310/1978 3151/4312/1979 3139/4292/1965
f 2652/3703/1502 3122/4274/1949 2686/3748/1540
f 3140/4288/1962 3130/4287/1961 3135/4313/1980
f 3124/4267/1945 3098/4231/1921 3088/4221/1911
f 3152/4314/1981 3144/4315/1968 3251/4316/1982
f 2691/3751/1543 3117/4272/1947 3138/3752/1544
f 3117/4272/1947 3141/4232/1922 3138/3752/1544
f 3196/4317/1983 3206/4318/1984 3202/4319/1985
f 3222/4320/1986 3221/4321/1987 3228/4322/1988
f 3225/4323/1989 3236/4324/1990 3233/2599/1991
f 3234/4325/1992 3244/4326/1993 3240/4327/1994
f 2970/4328/1995 2624/3697/1496 2968/4329/1996
f 2682/4330/1534 2670/3721/1519 2671/3720/1518
f 2693/3811/1595 2689/3754/1546 2631/3739/1533
f 3253/4331/1942 3091/4332/1932 3090/4263/1941
f 3093/4226/1916 3101/4333/1997 3051/4173/1876
f 2782/4334/1998 2759/3822/1604 2758/3821/1603
f 3069/4335/1999 3068/4336/2000 3065/4211/1901
f 2966/4337/2001 2942/4338/1795 2941/4085/1805
f 2737/4339/2002 2789/4340/2003 2693/3811/1595
f 2939/4042/1771 2940/4043/1772 3020/4142/1849
f 3255/4341/2004 3069/4335/1999 3117/4272/1947
f 2690/4342/2005 2692/3810/1594 2738/3809/1593
f 3062/4343/1894 2988/4106/1823 3053/4176/1878
f 3068/4336/2000 3264/4344/2006 3065/4211/1901
f 2922/4035/1764 3256/4345/2007 2624/3697/1496
f 2833/4346/2008 2818/3922/1677 2809/3924/1678
f 3257/4347/2009 3019/4348/1851 3002/4143/1834
f 2818/3922/1677 2833/4346/2008 2845/4349/2010
f 2917/4032/1761 2580/4007/1743 2906/4006/1742
f 2756/3818/1600 2757/3820/1602 2834/3921/1676
f 3257/4347/2009 2990/4115/1830 2989/4144/1850
f 3259/4350/2011 2812/3894/1658 2811/3926/1679
f 2998/4155/1860 3017/4210/1900 3018/4351/2012
f 2809/3924/1678 2810/4352/1663 2869/4353/1713
f 2869/4353/1713 2810/4352/1663 2863/4354/1703
f 2880/4355/2013 2594/3979/1720 2579/3650/1458
f 2901/3997/1734 2594/3979/1720 2881/4356/2014
f 3023/4152/1857 2971/4357/2015 3022/4151/1856
f 3260/4358/2016 3136/4359/1969 3135/4313/1980
f 2872/4360/2017 2858/3929/1681 2623/3700/1499
f 2594/3979/1720 2880/4355/2013 2881/4356/2014
f 3048/4169/1872 2998/4155/1860 3018/4351/2012
f 3261/4361/1588 2657/3709/1508 2724/3777/1568
f 2665/3715/1514 2684/3808/1592 2685/4362/2018
f 2917/4363/1761 2906/2124/1742 3211/4364/2019
f 2790/4365/2020 2737/4339/2002 2784/3869/1639
f 2987/4105/1822 2988/4106/1823 3062/4343/1894
f 2622/3694/1493 2603/3946/1475 2619/4366/2021
f 2619/4366/2021 2603/3946/1475 2604/4367/1474
f 2621/4368/2022 2584/4369/1482 2583/3692/1491
f 3262/4370/2023 2660/3728/1524 2659/3746/1538
f 2656/3707/1506 2657/3709/1508 3261/4361/1588
f 2949/4084/1804 2903/4000/1737 2920/4371/2024
f 2789/4340/2003 2738/3809/1593 2693/3811/1595
f 3088/4221/1911 3089/4223/1913 3152/4372/1981
f 2903/4000/1737 2919/4088/1808 2920/4371/2024
f 3064/4373/2025 3043/4188/1887 3042/4374/2026
f 2652/3703/1502 2642/3747/1539 2643/4375/2027
f 2871/4376/2028 2856/4377/1709 2855/3974/1715
f 2872/4360/2017 2873/4378/2029 2858/3929/1681
f 3265/4379/2030 2896/3998/1735 2895/4031/1760
f 2836/3932/1684 2838/3934/1686 2777/3855/1629
f 2719/3772/1564 2745/3865/1636 3263/4380/2031
f 3040/4159/1864 3041/4161/1866 3116/4260/1939
f 2760/3856/1630 2838/3934/1686 2784/3869/1639
f 3152/4372/1981 3089/4223/1913 3144/4381/1968
f 2893/3989/1729 2894/3990/1730 2967/4082/1803
f 2970/4328/1995 2923/4034/1763 2624/3697/1496
f 2631/3739/1533 2632/3749/1541 2666/3735/1531
f 2710/3762/1554 2711/3764/1556 2780/4382/1637
f 2976/4086/1806 2951/4053/1780 2939/4042/1771
f 2780/4382/1637 2711/3764/1556 2770/4383/1616
f 2686/3748/1540 2670/3721/1519 2682/4330/1534
f 2586/3696/1495 2588/4384/2032 2598/3663/1469
f 2576/3645/1453 2567/3693/1492 2568/4385/2033
f 3120/4386/2034 3068/4387/2000 3069/4388/1999
f 3069/4389/1999 3255/2583/2004 3119/4390/2035
f 2785/4391/2036 2790/4392/2020 3258/2587/1687
f 3271/4393/2037 2971/4394/2015 3023/4395/1857
f 2626/4396/2038 2872/4397/2017 3273/768/2039
f 3272/4398/2040 2839/4399/2041 2840/4400/2042
f 2873/4378/2029 3272/4398/2040 2840/4400/2042
f 2694/4401/2043 2691/4402/1543 2921/2598/1762
f 2924/4403/2044 3270/4404/2045 3256/4345/2007
f 2872/4405/2017 2629/4406/2046 2873/4407/2029
f 3268/4408/2047 3120/4409/2034 3069/4410/1999
f 2630/2608/2048 2625/4411/2049 3273/4412/2039
f 2969/4413/2050 2923/2611/1763 2970/4414/1995
f 2627/4415/2051 2629/4416/2046 2626/4417/2038
f 2626/4418/2038 2629/2615/2046 2872/4419/2017
f 3273/4420/2039 2623/3700/1499 2624/3697/1496
f 2572/4421/1462 2573/4422/1461 2571/4423/1450
f 2569/4424/1449 2570/3679/1451 2892/4425/1470
f 2572/4133/1462 2571/4426/1450 2569/4427/1449
f 2579/3650/1458 2565/3640/1448 2580/4007/1743
f 2581/4428/1459 2573/4429/1461 2572/4430/1462
f 2583/3692/1491 2584/4369/1482 2566/3639/1447
f 2577/3647/1455 2593/3658/1465 2594/3979/1720
f 2574/3644/1452 2575/3646/1454 2591/3648/1456
f 2591/3648/1456 2592/3657/1464 2578/3649/1457
f 2581/3659/1459 2589/3660/1466 2585/3967/1710
f 2569/3655/1449 2599/3665/1471 2590/3656/1463
f 2572/3654/1462 2590/3656/1463 2589/3660/1466
f 2561/3671/1477 2602/3667/1473 2601/3958/1705
f 2604/3668/1474 2605/3670/1476 2584/3678/1482
f 2605/3670/1476 2561/3671/1477 2562/3677/1481
f 2606/4002/1739 2607/4004/1741 2563/3672/1478
f 2607/4004/1741 2580/4431/1743 2565/3675/1448
f 2563/3672/1478 2609/3674/1480 2608/4432/2052
f 2610/3673/1479 2566/3676/1447 2609/3674/1480
f 2565/3675/1448 2610/3673/1479 2607/4004/1741
f 2610/3673/1479 2563/3672/1478 2607/4004/1741
f 2608/4432/2052 2609/3674/1480 2562/3677/1481
f 2609/3674/1480 2566/3676/1447 2584/3678/1482
f 2570/3679/1451 2612/3681/1483 2611/3682/1484
f 2612/3681/1483 2571/3680/1450 2573/3683/1461
f 2573/3683/1461 2613/3685/1485 2612/3681/1483
f 2613/3685/1485 2591/3648/1456 2612/3681/1483
f 2595/3690/1490 2615/4433/1489 2614/4434/1759
f 2615/3689/1489 2599/3665/1471 2614/4030/1759
f 2589/3660/1466 2616/4435/1488 2585/3967/1710
f 2600/3666/1472 2616/3688/1488 2598/3663/1469
f 2618/3966/1487 2585/3967/1710 2616/4435/1488
f 2598/3663/1469 2616/3688/1488 2617/3691/1486
f 2616/4435/1488 2589/3660/1466 2617/3686/1486
f 2595/3690/1490 2617/3691/1486 2615/4433/1489
f 2617/3686/1486 2590/3656/1463 2615/3689/1489
f 2593/3658/1465 2579/3650/1458 2594/3979/1720
f 2578/3649/1457 2566/3639/1447 2564/3638/1446
f 2578/3649/1457 2564/3638/1446 2593/3658/1465
f 2592/3657/1464 2583/3692/1491 2566/3639/1447
f 2575/3646/1454 2568/4385/2033 2620/4436/2053
f 2858/3929/1681 2596/3662/1468 2623/3700/1499
f 2624/3697/1496 2587/3695/1494 2595/3690/1490
f 3273/4420/2039 2624/3697/1496 2630/4437/2048
f 2631/3739/1533 2633/3755/1547 2632/3749/1541
f 2639/3745/1537 2641/3710/1509 2640/3708/1507
f 2644/4438/1503 2646/4439/1505 2645/4440/1580
f 2647/3705/1504 2648/4441/2054 2646/3706/1505
f 2650/3701/1500 2652/3703/1502 2651/3712/1511
f 2653/3711/1510 2655/3744/1536 2654/3714/1513
f 2658/4278/1953 2648/4441/2054 2647/3705/1504
f 2659/3746/1538 2660/3728/1524 2639/3745/1537
f 2644/4442/1503 2663/3732/1528 2647/4443/1504
f 2653/3711/1510 2651/3712/1511 2655/3744/1536
f 2639/3745/1537 2660/3728/1524 2641/3710/1509
f 2647/3716/1504 2661/3718/1516 2658/4444/1953
f 2647/4443/1504 2663/3732/1528 2662/4445/1515
f 2644/4442/1503 2667/3733/1529 2663/3732/1528
f 2635/4298/1971 2669/4446/1517 2668/4299/1972
f 2669/4446/1517 2670/4304/1519 2668/4299/1972
f 2671/3720/1518 2669/3719/1517 2660/3728/1524
f 2669/4446/1517 2635/4298/1971 2636/4447/2055
f 2641/3722/1509 2672/3724/1521 2657/4448/1508
f 2672/3724/1521 2637/3725/1522 2638/3773/1565
f 2637/3725/1522 2674/3726/1523 2636/4449/2055
f 2673/3727/1520 2660/3728/1524 2674/4450/1523
f 2636/4447/2055 2674/4451/1523 2669/4446/1517
f 2674/4451/1523 2660/4452/1524 2669/4446/1517
f 2646/3706/1505 2675/3729/1525 2645/3793/1580
f 2653/3711/1510 2675/3729/1525 2676/3730/1526
f 2676/3730/1526 2646/3706/1505 2648/4441/2054
f 2677/4280/1955 2676/3730/1526 2648/4441/2054
f 2676/3730/1526 2649/3702/1501 2650/3701/1500
f 2658/4278/1953 2677/4280/1955 2648/4441/2054
f 2631/3739/1533 2679/3740/1527 2678/4453/1585
f 2679/3731/1527 2667/3733/1529 2678/3799/1585
f 2681/4454/1532 2662/4445/1515 2663/3732/1528
f 2666/3735/1531 2681/3737/1532 2631/3739/1533
f 2681/4454/1532 2663/3732/1528 2679/3731/1527
f 2654/3714/1513 2656/3707/1506 2665/3715/1514
f 2655/3744/1536 2640/3708/1507 2654/3714/1513
f 2655/3744/1536 2659/3746/1538 2639/3745/1537
f 2651/3712/1511 2643/4375/2027 2683/4455/2056
f 2683/4455/2056 2659/3746/1538 2651/3712/1511
f 2666/3735/1531 2688/3750/1542 2687/3753/1545
f 2687/3753/1545 2690/4342/2005 2738/3809/1593
f 3138/3752/1544 2666/3735/1531 2687/3753/1545
f 2697/4456/2057 2699/3765/1557 2698/3763/1555
f 2705/3761/1553 2665/3715/1514 2706/3768/1560
f 2701/3756/1548 2702/3758/1550 2755/4457/1579
f 2703/3759/1551 2709/4458/1578 2704/3760/1552
f 2712/3805/1590 2713/3807/1569 2697/4456/2057
f 2703/3759/1551 2667/3733/1529 2644/4442/1503
f 2707/3770/1562 2719/3772/1564 2718/3852/1626
f 2697/4456/2057 2713/3807/1569 2699/3765/1557
f 2707/3770/1562 2717/3769/1561 2708/3771/1563
f 2701/3756/1548 2721/3798/1584 2716/3766/1558
f 2638/3773/1565 2723/3775/1567 2672/3724/1521
f 2723/3775/1567 2657/4448/1508 2672/3724/1521
f 2713/3778/1569 2723/3775/1567 2725/3780/1570
f 2699/3786/1557 2727/3783/1573 2711/3837/1556
f 2725/3780/1570 2699/3786/1557 2713/3778/1569
f 2722/3784/1574 2725/3780/1570 2695/3774/1566
f 2730/3789/1577 2707/3770/1562 2718/3852/1626
f 2704/3787/1552 2730/3789/1577 2702/3792/1550
f 2731/3788/1576 2707/3770/1562 2730/3789/1577
f 2709/3790/1578 2731/3788/1576 2704/3787/1552
f 2645/3793/1580 2675/3729/1525 2709/3790/1578
f 2644/3704/1503 2709/3790/1578 2703/4459/1551
f 2733/3797/1582 2721/3798/1584 2732/3860/1583
f 2631/3739/1533 2678/4453/1585 2714/3800/1586
f 2714/3800/1586 2678/4453/1585 2734/4460/1587
f 2678/3799/1585 2715/3767/1559 2734/3801/1587
f 2714/3800/1586 2734/4460/1587 2733/3795/1582
f 2734/3801/1587 2716/3766/1558 2733/3797/1582
f 2708/3771/1563 2697/4456/2057 2698/3763/1555
f 2717/3769/1561 2697/4456/2057 2708/3771/1563
f 2717/3769/1561 2712/3805/1590 2697/4456/2057
f 2736/4461/1591 3180/4462/1589 2724/4463/1568
f 2737/4339/2002 2693/3811/1595 2720/3794/1581
f 2746/4464/1598 2748/4465/1599 2747/4466/1611
f 2749/4467/1596 2750/4468/1597 2746/4469/1598
f 2718/3852/1626 2719/3772/1564 2751/3862/1633
f 2747/4470/1611 2748/4471/1599 2752/4472/1628
f 2763/3828/1609 2751/3862/1633 2764/3829/1610
f 2753/3825/1606 2766/3827/1608 2765/3849/1625
f 2718/3852/1626 2751/3862/1633 2763/3828/1609
f 2753/3825/1606 2764/3829/1610 2754/3826/1607
f 2749/3824/1596 2761/3858/1631 2721/3798/1584
f 2747/3830/1611 2762/3832/1613 2746/3833/1598
f 2749/3824/1596 2762/3832/1613 2761/3858/1631
f 2769/3835/1615 2711/3837/1556 2727/3783/1573
f 2770/3836/1616 2769/3835/1615 2759/3847/1604
f 2742/3839/1618 2773/3841/1620 2772/3843/1622
f 2773/3841/1620 2757/4473/1602 2772/3843/1622
f 2774/3842/1621 2772/3843/1622 2775/3844/1623
f 2775/3844/1623 2744/3845/1601 2743/3846/1605
f 2744/3845/1601 2772/3843/1622 2757/4473/1602
f 2741/3838/1617 2775/3844/1623 2769/3835/1615
f 2775/3844/1623 2759/3847/1604 2769/3835/1615
f 2755/3791/1579 2776/3848/1624 2750/3851/1597
f 2755/3791/1579 2730/3789/1577 2776/3848/1624
f 2776/3848/1624 2718/3852/1626 2763/3828/1609
f 2765/3849/1625 2828/3853/1627 2776/3848/1624
f 2828/3853/1627 2748/3850/1599 2776/3848/1624
f 2701/4474/1548 2755/4475/1579 2749/4476/1596
f 2777/3855/1629 2767/3857/1612 2778/3916/1674
f 2778/3915/1674 2767/3831/1612 2768/3834/1614
f 2761/3858/1631 2732/3860/1583 2721/3798/1584
f 2732/3796/1583 2760/3856/1630 2720/3794/1581
f 2779/3859/1632 2761/3858/1631 2762/3832/1613
f 2779/3859/1632 2762/3832/1613 2767/3831/1612
f 2764/3829/1610 2758/3821/1603 2743/3823/1605
f 2782/4477/1998 3189/3868/1638 2770/3867/1616
f 2766/3827/1608 2798/3864/1635 2804/3881/1651
f 2782/4334/1998 2770/4383/1616 2759/3822/1604
f 2780/3866/1637 3189/3868/1638 3188/4478/2058
f 2790/4365/2020 2784/3869/1639 2783/4479/2059
f 2737/4339/2002 2720/3794/1581 2784/3869/1639
f 2799/3870/1640 2801/3877/1647 2800/4480/1654
f 2765/3849/1625 2766/3827/1608 2804/3881/1651
f 2800/4481/1654 2801/4482/1647 2854/4483/1671
f 2802/3871/1641 2752/3854/1628 2803/3872/1642
f 2809/3924/1678 2796/3923/1664 2810/4352/1663
f 2811/3926/1679 2812/3894/1658 2795/3925/1668
f 2808/3883/1646 2768/3834/1614 2747/3830/1611
f 2802/4484/1641 2814/3884/1653 2808/3883/1646
f 2799/3885/1640 2815/3887/1655 2814/3889/1653
f 2817/3882/1652 2806/3875/1645 2818/3922/1677
f 2800/3886/1654 2819/3914/1673 2815/3887/1655
f 2773/3891/1620 2821/3893/1657 2757/3820/1602
f 2793/3896/1660 2822/3898/1662 2794/4485/2060
f 2822/3898/1662 2810/3899/1663 2796/3900/1664
f 2794/4485/2060 2825/3901/1665 2824/3902/1666
f 2825/4486/1665 2796/3923/1664 2795/3925/1668
f 2825/3901/1665 2794/4485/2060 2822/3898/1662
f 2826/4487/1667 2795/3925/1668 2812/3894/1658
f 2824/3902/1666 2820/4488/1656 2792/4489/1659
f 2827/3909/1669 2805/3873/1643 2817/3882/1652
f 2816/3880/1650 2827/3909/1669 2828/3853/1627
f 2827/3909/1669 2803/3872/1642 2828/3853/1627
f 2752/3854/1628 2828/3853/1627 2803/3872/1642
f 2828/3853/1627 2765/3849/1625 2816/3880/1650
f 2817/3882/1652 2867/3910/1670 2827/3909/1669
f 2827/3909/1669 2854/3911/1671 2801/3877/1647
f 2813/3878/1648 2830/3919/1672 2829/3968/1711
f 2830/3913/1672 2819/3914/1673 2829/3969/1711
f 2777/3855/1629 2830/3919/1672 2813/3878/1648
f 2830/3913/1672 2814/3889/1653 2815/3887/1655
f 2806/3875/1645 2795/3925/1668 2796/3923/1664
f 2806/3875/1645 2796/3923/1664 2818/3922/1677
f 2807/3874/1644 2811/3926/1679 2795/3925/1668
f 3259/4490/2011 3198/4491/1680 2821/4492/1657
f 2804/3881/1651 2798/3864/1635 2832/4493/2061
f 2858/3929/1681 2787/3931/1683 2813/3878/1648
f 3258/3935/1687 2858/3929/1681 2840/4400/2042
f 2581/3651/1459 2847/4494/1692 2582/3652/1460
f 2851/3954/1701 2853/3953/1700 2852/3955/1702
f 2848/4495/1693 2854/4496/1671 2849/4497/1694
f 2846/4498/1691 2849/2620/1694 2847/4499/1692
f 2855/3974/1715 2856/4377/1709 2842/3937/1689
f 2843/3936/1688 2844/3938/1690 2603/3946/1475
f 2848/3947/1693 2819/3914/1673 2800/3886/1654
f 2574/3644/1452 2852/3955/1702 2576/3645/1453
f 2842/3937/1689 2856/4377/1709 2844/3938/1690
f 2817/3882/1652 2850/3945/1695 2861/3952/1699
f 2846/3950/1691 2859/3949/1697 2848/3947/1693
f 2581/3659/1459 2585/3967/1710 2860/3951/1698
f 2863/3956/1703 2864/3957/1704 2856/3963/1709
f 2864/3957/1704 2793/3896/1660 2841/4500/2062
f 2602/3667/1473 2603/3669/1475 2865/3959/1706
f 2844/3962/1690 2865/3959/1706 2603/3669/1475
f 2862/3960/1707 2866/3961/1708 2841/4500/2062
f 2866/3961/1708 2844/3962/1690 2856/3963/1709
f 2841/4500/2062 2866/3961/1708 2864/3957/1704
f 2613/3685/1485 2851/3954/1701 2574/3644/1452
f 2849/3964/1694 2613/3685/1485 2847/3965/1692
f 2867/3910/1670 2817/3882/1652 2861/3952/1699
f 2800/4501/1654 2854/4502/1671 2848/4503/1693
f 2858/3929/1681 2829/3968/1711 2868/3970/1712
f 2829/3969/1711 2859/3949/1697 2868/4504/1712
f 2858/3929/1681 2618/3687/1487 2600/3666/1472
f 2868/4504/1712 2860/3951/1698 2618/3966/1487
f 2868/4504/1712 2859/3949/1697 2860/3951/1698
f 2852/3955/1702 2842/3937/1689 2843/3936/1688
f 2852/3955/1702 2843/3936/1688 2576/3645/1453
f 2853/3953/1700 2855/3974/1715 2842/3937/1689
f 2871/4505/2028 3205/4506/1714 2863/4507/1703
f 2871/4376/2028 2863/4354/1703 2856/4377/1709
f 2888/3983/1724 2890/3985/1726 2889/3999/1736
f 2892/4425/1470 2885/3987/1728 2884/3986/1727
f 2884/3986/1727 2883/3988/1722 2882/4508/1721
f 2892/4425/1470 2570/3679/1451 2885/3987/1728
f 2895/4031/1760 2896/3998/1735 2877/3976/1717
f 2878/3975/1716 2879/3977/1718 2894/3990/1730
f 2892/3664/1470 2897/3993/1732 2599/3665/1471
f 2884/3991/1727 2897/3993/1732 2892/3664/1470
f 2884/3994/1727 2900/3996/1733 2899/4029/1731
f 2888/3983/1724 2901/3997/1734 2891/3984/1725
f 2889/3999/1736 2903/4000/1737 2902/4021/1754
f 2886/3978/1719 2594/3979/1720 2901/3997/1734
f 2905/4003/1740 2580/4431/1743 2607/4004/1741
f 2896/4509/1735 2905/4003/1740 2907/4510/1751
f 2905/4003/1740 2874/4008/1744 2907/4510/1751
f 2876/4009/1745 2910/4011/1747 2909/4013/1749
f 2910/4011/1747 2894/4061/1730 2909/4013/1749
f 2879/3977/1718 2909/4511/1749 2894/3990/1730
f 2875/4012/1748 2907/4016/1751 2874/4512/1744
f 2907/4017/1751 2879/3977/1718 2896/3998/1735
f 2883/3988/1722 2913/4020/1753 2912/4019/1752
f 2913/4020/1753 2888/3983/1724 2889/3999/1736
f 2885/3987/1728 2611/3682/1484 2913/4020/1753
f 2611/3682/1484 2886/3978/1719 2913/4020/1753
f 2611/3682/1484 2577/3647/1455 2886/3978/1719
f 2912/4019/1752 2887/4073/1723 2883/3988/1722
f 2898/4022/1755 2914/4024/1757 2953/4078/1801
f 2914/4025/1757 2900/3996/1733 2904/4001/1738
f 2897/3993/1732 2915/4513/1758 2614/4030/1759
f 2915/4027/1758 2595/3690/1490 2614/4434/1759
f 2595/3690/1490 2915/4027/1758 2898/4022/1755
f 2915/4513/1758 2897/3993/1732 2899/3992/1731
f 2890/3985/1726 2893/3989/1729 2903/4000/1737
f 2890/3985/1726 2877/3976/1717 2878/3975/1716
f 2891/3984/1725 2895/4031/1760 2877/3976/1717
f 3265/4514/2030 3211/4515/2019 2906/4516/1742
f 2624/3697/1496 2595/3690/1490 2898/4022/1755
f 2931/4517/1775 2933/4518/1799 2932/182/1785
f 2931/4519/1775 2934/4520/1774 2933/4521/1799
f 2932/4522/1785 2933/4523/1799 2986/4524/1798
f 2938/4525/1773 2934/4526/1774 2931/467/1775
f 2941/4085/1805 2942/4338/1795 2928/4037/1766
f 2929/4036/1765 2930/4038/1767 2940/4043/1772
f 2943/4092/1810 2944/4057/1784 2837/4056/1783
f 2948/4054/1781 2949/4084/1804 2937/4040/1769
f 2935/4039/1768 2936/4041/1770 2950/4052/1779
f 2928/4037/1766 2942/4338/1795 2930/4038/1767
f 2948/4054/1781 2903/4000/1737 2949/4084/1804
f 2948/4054/1781 2937/4040/1769 2935/4039/1768
f 2952/4055/1782 2944/4057/1784 2991/4109/1826
f 2938/4047/1773 2945/4049/1776 2904/4001/1738
f 2932/4058/1785 2947/4050/1777 2931/4048/1775
f 2931/4048/1775 2946/4051/1778 2945/4049/1776
f 2953/4078/1801 2944/4057/1784 2943/4092/1810
f 2955/4060/1787 2956/4062/1788 2942/4070/1795
f 2956/4062/1788 2908/4010/1746 2925/4066/1792
f 2927/4063/1789 2959/4065/1791 2958/4527/2063
f 2959/4065/1791 2940/4528/1772 2958/4527/2063
f 2926/4067/1793 2958/4527/2063 2960/4068/1794
f 2958/4527/2063 2930/4069/1767 2960/4068/1794
f 2930/4069/1767 2958/4527/2063 2940/4528/1772
f 2958/4527/2063 2926/4067/1793 2927/4063/1789
f 2925/4066/1792 2960/4068/1794 2956/4062/1788
f 2960/4068/1794 2942/4070/1795 2956/4062/1788
f 2961/4074/1797 2935/4039/1768 2950/4052/1779
f 2933/4076/1799 2962/4071/1796 2961/4074/1797
f 2962/4071/1796 2935/4039/1768 2961/4074/1797
f 2962/4071/1796 2933/4076/1799 2934/4072/1774
f 2887/4073/1723 2912/4019/1752 2962/4071/1796
f 2912/4019/1752 2902/4021/1754 2962/4071/1796
f 2882/4529/1721 2887/4530/1723 2938/4531/1773
f 2944/4057/1784 2963/4080/1802 2991/4109/1826
f 2963/4081/1802 2947/4050/1777 2954/4059/1786
f 2953/4078/1801 2964/4079/1800 2944/4057/1784
f 2936/4041/1770 2939/4042/1771 2951/4053/1780
f 2936/4041/1770 2928/4037/1766 2929/4036/1765
f 2937/4040/1769 2941/4085/1805 2928/4037/1766
f 2966/4532/2001 3220/4533/1809 2955/4534/1787
f 2951/4053/1780 3015/4087/1807 2982/4117/1832
f 2966/4337/2001 2955/4083/1787 2942/4338/1795
f 2624/3697/1496 2898/4022/1755 2943/4092/1810
f 2624/3697/1496 2943/4092/1810 2968/4329/1996
f 2970/4328/1995 2968/4329/1996 2971/4357/2015
f 2950/4052/1779 2951/4053/1780 2982/4117/1832
f 2980/4535/1817 2986/4536/1798 2981/4537/1818
f 2977/4538/1815 2981/4539/1818 2979/4482/1816
f 2989/4144/1850 2990/4115/1830 2973/4094/1812
f 2980/4110/1817 2954/4059/1786 2932/4058/1785
f 2996/4116/1831 2982/4117/1832 2985/4103/1820
f 2983/4102/1819 2984/4104/1821 2997/4129/1843
f 2997/4129/1843 2984/4104/1821 2998/4155/1860
f 2980/4110/1817 2993/4112/1828 2954/4059/1786
f 2978/4540/1814 2995/4114/1829 2977/4113/1815
f 2977/4113/1815 2994/4111/1827 2980/4110/1817
f 2959/4065/1791 3002/4119/1834 2940/4528/1772
f 3002/4119/1834 3001/4118/1833 2990/4541/1830
f 3004/4121/1836 3005/4123/1838 2972/4124/1839
f 3006/4122/1837 2988/4542/1823 3005/4123/1838
f 2972/4124/1839 3008/4125/1840 3007/4127/1841
f 2975/4126/1813 3005/4123/1838 2988/4542/1823
f 3008/4125/1840 2975/4126/1813 2990/4541/1830
f 3007/4127/1841 3001/4118/1833 3003/4120/1835
f 3008/4125/1840 2990/4541/1830 3001/4118/1833
f 2981/4130/1818 3009/4128/1842 2979/4098/1816
f 3010/4131/1844 2983/4102/1819 3009/4128/1842
f 2986/4075/1798 3010/4131/1844 2981/4130/1818
f 3010/4131/1844 2950/4052/1779 2996/4116/1831
f 2961/4074/1797 2950/4052/1779 3010/4131/1844
f 3011/4132/1845 2979/4098/1816 3009/4128/1842
f 3013/4140/1846 2995/4114/1829 3012/4198/1847
f 2963/4081/1802 2954/4059/1786 2993/4112/1828
f 3014/4141/1848 2993/4112/1828 2994/4111/1827
f 2991/4109/1826 3013/4136/1846 2992/4107/1824
f 3013/4140/1846 2994/4111/1827 2995/4114/1829
f 3020/4142/1849 3002/4143/1834 3019/4348/1851
f 2984/4104/1821 2987/4105/1822 2998/4155/1860
f 2984/4104/1821 2973/4094/1812 2974/4093/1811
f 2985/4103/1820 2989/4144/1850 2973/4094/1812
f 3000/4149/1854 2999/4108/1825 3045/4150/1855
f 3028/4207/1897 3030/4187/1886 3029/4160/1865
f 3031/4543/1868 3033/4194/1890 3032/4544/1877
f 3038/4156/1861 3034/4158/1863 3031/4543/1868
f 3031/4543/1868 3034/4158/1863 3033/4194/1890
f 3042/4374/2026 3043/4188/1887 3028/4207/1897
f 3029/4160/1865 3030/4187/1886 3041/4161/1866
f 3038/4162/1861 2995/4114/1829 2978/4540/1814
f 3038/4162/1861 3046/4200/1869 3044/4163/1867
f 3049/4170/1873 3037/4171/1874 3050/4206/1896
f 3028/4207/1897 3043/4188/1887 3030/4187/1886
f 3035/4154/1859 2998/4155/1860 3048/4169/1872
f 3036/4168/1871 3048/4169/1872 3037/4171/1874
f 3032/4174/1877 3052/4196/1892 3047/4167/1870
f 3053/4545/1878 3026/4180/1879 3043/4191/1887
f 3027/4181/1880 3056/4183/1882 3055/4185/1884
f 3056/4183/1882 3041/4236/1866 3055/4185/1884
f 3057/4184/1883 3055/4185/1884 3058/4546/1885
f 3055/4185/1884 3030/4547/1886 3058/4546/1885
f 3030/4187/1886 3055/4548/1884 3041/4161/1866
f 3034/4158/1863 3059/4192/1888 3033/4194/1890
f 3034/4158/1863 3011/4132/1845 3059/4192/1888
f 3011/4132/1845 3036/4168/1871 3059/4192/1888
f 3038/4156/1861 2979/4098/1816 3039/4157/1862
f 3051/4173/1876 3060/4201/1891 3052/4549/1892
f 3061/4199/1893 2992/4107/1824 3012/4137/1847
f 3045/4150/1855 3061/4199/1893 3060/4201/1891
f 3061/4202/1893 3047/4167/1870 3060/4195/1891
f 3037/4171/1874 3029/4160/1865 3050/4206/1896
f 3048/4169/1872 3042/4374/2026 3028/4207/1897
f 3050/4206/1896 3076/4209/1899 3082/4230/1920
f 3064/4550/2025 3235/972/1895 3053/4551/1878
f 3072/4552/2064 3074/4224/1914 3073/4222/1912
f 3081/4215/1905 3050/4206/1896 3082/4230/1920
f 3086/4219/1909 3079/4213/1903 3080/4228/1918
f 3080/4553/1918 3079/4554/1903 3077/4555/1902
f 3090/4263/1941 3091/4332/1932 3072/4552/2064
f 3032/4174/1877 3092/4225/1915 3052/4196/1892
f 3093/4226/1916 3095/4227/1917 3094/4233/1923
f 3080/4228/1918 3092/4225/1915 3086/4219/1909
f 3083/4217/1907 3082/4230/1920 3097/4262/1940
f 3072/4552/2064 3091/4332/1932 3074/4224/1914
f 3083/4217/1907 3097/4262/1940 3085/4218/1908
f 3077/4212/1902 3099/4257/1937 3096/4229/1919
f 3054/4182/1881 3103/4234/1924 3056/4183/1882
f 3103/4234/1924 3041/4236/1866 3056/4183/1882
f 3104/4261/1925 3103/4556/1924 3091/4332/1932
f 3105/4557/2065 3106/4243/1930 3071/4239/1928
f 3102/4238/1927 3108/4240/1929 3107/4244/1931
f 3108/4240/1929 3074/4242/1914 3107/4244/1931
f 3089/4241/1913 3108/4240/1929 3106/4243/1930
f 3107/4244/1931 3074/4242/1914 3091/4245/1932
f 3070/4237/1926 3107/4244/1931 3103/4234/1924
f 3079/4246/1903 3109/4248/1934 3078/4308/1904
f 3110/4247/1933 3084/4216/1906 3109/4248/1934
f 3110/4247/1933 3083/4217/1907 3084/4216/1906
f 3087/4249/1910 3110/4247/1933 3079/4246/1903
f 3111/4193/1889 3083/4217/1907 3110/4247/1933
f 3033/4194/1890 3111/4193/1889 3087/4249/1910
f 3032/4558/1877 3087/4559/1910 3086/4560/1909
f 3095/4227/1917 3112/4254/1936 3141/4232/1922
f 3092/4225/1915 3114/4259/1938 3052/4196/1892
f 3114/4258/1938 3051/4173/1876 3052/4549/1892
f 3095/4227/1917 3114/4258/1938 3113/4253/1935
f 3114/4259/1938 3096/4229/1919 3113/4256/1935
f 3113/4256/1935 3096/4229/1919 3099/4257/1937
f 3115/4561/2066 3090/4263/1941 3082/4230/1920
f 3085/4218/1908 3072/4552/2064 3073/4222/1912
f 3097/4262/1940 3072/4552/2064 3085/4218/1908
f 3097/4262/1940 3090/4263/1941 3072/4552/2064
f 3253/4264/1942 3243/4266/1944 3104/4562/1925
f 3098/4231/1921 3125/4268/1946 3130/4287/1961
f 3116/4269/1939 3243/4271/1944 3242/4563/2067
f 3069/4335/1999 3118/4564/2068 3117/4272/1947
f 3100/4273/1948 3094/4233/1923 3141/4232/1922
f 3126/4565/1954 3127/4566/1959 2677/2011/1955
f 3129/4277/1952 3098/4231/1921 3130/4287/1961
f 3128/4281/1956 3134/4283/1958 3127/4567/1959
f 3135/4313/1980 3136/4359/1969 3121/4275/1950
f 3133/4282/1957 3099/4257/1937 3077/4212/1902
f 3128/4281/1956 3137/4286/1960 3133/4282/1957
f 3126/4291/1954 3139/4292/1965 3128/4281/1956
f 3129/4277/1952 3140/4288/1962 3131/4289/1963
f 2649/3702/1501 3132/4290/1964 2652/3703/1502
f 3121/4275/1950 3136/4359/1969 3123/4276/1951
f 3131/4289/1963 3140/4288/1962 3132/4290/1964
f 2658/4444/1953 2661/3718/1516 3126/4291/1954
f 3142/4293/1966 3106/4243/1930 3105/4557/2065
f 3106/4243/1930 3144/4295/1968 3089/4241/1913
f 2670/4304/1519 3147/4301/1974 2668/4299/1972
f 3147/4301/1974 2729/4297/1970 2668/4299/1972
f 3145/4300/1973 3146/4302/1975 3148/4305/1976
f 3146/4302/1975 3123/4303/1951 3136/4296/1969
f 3148/4305/1976 3143/4294/1967 3142/4293/1966
f 3127/4568/1959 3149/4306/1977 2677/4280/1955
f 3131/4289/1963 3149/4306/1977 3109/4248/1934
f 3149/4306/1977 3127/4568/1959 3109/4248/1934
f 3134/4307/1958 3109/4248/1934 3127/4568/1959
f 3109/4248/1934 3129/4277/1952 3131/4289/1963
f 3109/4248/1934 3084/4216/1906 3129/4277/1952
f 2649/3702/1501 2676/3730/1526 3149/4306/1977
f 2676/3730/1526 2677/4280/1955 3149/4306/1977
f 3077/4212/1902 3134/4283/1958 3133/4282/1957
f 2666/3735/1531 3150/4309/1978 2680/3736/1530
f 3137/4286/1960 3151/4312/1979 3112/4255/1936
f 3151/4311/1979 3141/4232/1922 3112/4254/1936
f 3151/4312/1979 3137/4286/1960 3139/4292/1965
f 3112/4255/1936 3099/4257/1937 3137/4286/1960
f 3150/4310/1978 3139/4292/1965 2661/3718/1516
f 3132/4290/1964 3121/4275/1950 3122/4274/1949
f 3140/4288/1962 3121/4275/1950 3132/4290/1964
f 3132/4290/1964 3122/4274/1949 2652/3703/1502
f 3140/4288/1962 3135/4313/1980 3121/4275/1950
f 3260/4569/2016 3251/4316/1982 3144/4315/1968
f 3130/4287/1961 3125/4268/1946 3153/4570/2069
f 3152/4314/1981 3251/4316/1982 3249/4571/2070
f 2691/3751/1543 2687/3753/1545 2921/4033/1762
f 3185/4572/2071 3184/4573/2072 3190/4574/2073
f 3184/4573/2072 3186/4575/2074 3190/4574/2073
f 3201/4576/2075 3202/4319/1985 3206/4318/1984
f 3209/4577/2076 3204/4578/2077 3212/4579/2078
f 3204/4578/2077 3203/4580/2079 3212/4579/2078
f 3221/4321/1987 3223/4581/2080 3228/4322/1988
f 3231/2774/2081 3233/4582/1991 3236/4583/1990
f 3238/4584/2082 3237/4585/2083 3245/4586/2084
f 3237/4585/2083 3239/4587/2085 3245/4586/2084
f 3239/4588/2085 3240/4327/1994 3244/4326/1993
f 3163/4589/2086 3181/4590/2087 3252/4591/2088
f 3181/4590/2087 3247/4592/2089 3252/4591/2088
f 2597/3661/1467 2598/3663/1469 2588/4384/2032
f 3254/4593/2090 3117/4272/1947 2691/3751/1543
f 3066/4172/1875 3051/4173/1876 3101/4333/1997
f 2783/4479/2059 3266/3933/1685 2790/4365/2020
f 3262/4594/2023 3172/4595/1535 2671/4596/1518
f 2630/4437/2048 2624/3697/1496 3256/4345/2007
f 2971/4357/2015 2968/4329/1996 3022/4151/1856
f 3257/4347/2009 3002/4143/1834 2990/4115/1830
f 2818/3922/1677 2845/4349/2010 2850/3945/1695
f 2620/4436/2053 2583/3692/1491 2575/3646/1454
f 3266/3933/1685 3258/3935/1687 2790/4365/2020
f 3255/4341/2004 3117/4272/1947 3254/4593/2090
f 2901/3997/1734 2881/4356/2014 2918/4597/2091
f 2918/4597/2091 2895/4031/1760 2901/3997/1734
f 2621/4368/2022 2604/4367/1474 2584/4369/1482
f 2623/3700/1499 3273/4420/2039 2872/4360/2017
f 2628/3699/1498 2587/3695/1494 2624/3697/1496
f 3048/4169/1872 3018/4351/2012 3063/4598/2092
f 3063/4598/2092 3042/4374/2026 3048/4169/1872
f 3065/4211/1901 3118/4564/2068 3069/4335/1999
f 2850/3945/1695 2845/4349/2010 2870/4599/2093
f 2870/4599/2093 2855/3974/1715 2850/3945/1695
f 2840/4400/2042 2858/3929/1681 2873/4378/2029
f 2665/3715/1514 2685/4362/2018 2706/3768/1560
f 3262/4370/2023 2671/3720/1518 2660/3728/1524
f 2706/3768/1560 2685/4362/2018 2735/4600/2094
f 2735/4600/2094 2712/3805/1590 2706/3768/1560
f 2952/4055/1782 2991/4109/1826 2999/4108/1825
f 3064/4373/2025 3053/4176/1878 3043/4188/1887
f 3265/4379/2030 2906/4006/1742 2896/3998/1735
f 2949/4084/1804 2920/4371/2024 2965/4601/2095
f 2736/3806/1591 2724/3777/1568 2713/3807/1569
f 2652/3703/1502 2643/4375/2027 2651/3712/1511
f 2965/4601/2095 2941/4085/1805 2949/4084/1804
f 3082/4230/1920 3076/4209/1899 3115/4561/2066
f 3253/4331/1942 3104/4261/1925 3091/4332/1932
f 2751/3862/1633 3263/4380/2031 2781/4602/2096
f 2781/4602/2096 2758/3821/1603 2751/3862/1633
f 2719/3772/1564 3263/4380/2031 2751/3862/1633
f 2832/4493/2061 2811/3926/1679 2804/3881/1651
f 3264/4344/2006 3024/4153/1858 3065/4211/1901
f 3016/4603/2097 2989/4144/1850 2982/4117/1832
f 3153/4570/2069 3135/4313/1980 3130/4287/1961
f 3260/4358/2016 3144/4381/1968 3136/4359/1969
f 3259/4350/2011 2821/3893/1657 2812/3894/1658
f 2982/4117/1832 3015/4087/1807 3016/4603/2097
f 3257/4604/2009 3227/4147/1852 3019/4146/1851
f 2586/3696/1495 2598/3663/1469 2595/3690/1490
f 2576/3645/1453 2568/4385/2033 2575/3646/1454
f 3267/4605/2098 3254/985/2090 2691/4389/1543
f 2790/4606/2020 2785/4607/2036 2786/4608/2099
f 2737/4609/2002 2739/4610/2100 2789/2803/2003
f 2738/4611/1593 3269/4612/2101 2921/992/1762
f 3068/2809/2000 3067/4613/2102 3264/4614/2006
f 3270/4404/2045 2630/4437/2048 3256/4345/2007
f 2922/1000/1764 2924/4615/2044 3256/4616/2007
f 2737/4617/2002 2790/4618/2020 2791/4619/2103
f 3269/4620/2101 2738/3809/1593 2740/4621/2104
f 3271/4622/2037 3023/4623/1857 3025/4624/2105
f 3069/4410/1999 3119/782/2035 3268/4408/2047
f 2626/4625/2038 3273/4626/2039 2625/2822/2049
f 3024/2604/1858 3025/4627/2105 3023/4628/1857
f 2791/2801/2103 2790/4606/2020 2786/4608/2099
f 2740/4621/2104 2738/3809/1593 2789/4340/2003
f 2840/4629/2042 2839/4630/2041 3258/4631/1687
f 3068/4632/2000 3120/4633/2034 3067/4634/2102
f 2792/4489/1659 3296/4635/2106 2824/3902/1666
f 2563/3672/1478 3278/4636/2107 2606/4002/1739
f 2875/4012/1748 3301/4637/2108 2876/4009/1745
f 2696/3781/1571 3287/4638/2109 2726/3782/1572
f 2876/4009/1745 3302/4639/2110 2908/4010/1746
f 2637/3725/1522 3283/4640/2111 2638/3773/1565
f 2824/3902/1666 3295/4641/2112 2794/4485/2060
f 2908/4010/1746 3303/4642/2113 2925/4066/1792
f 3145/4300/1973 3288/4643/2114 2729/4297/1970
f 2608/4432/2052 3276/4644/2115 2563/3672/1478
f 3026/4180/1879 3314/4645/2116 3057/4189/1883
f 3003/4120/1835 3310/4646/2117 3007/4127/1841
f 2957/4064/1790 3308/4647/2118 3003/4120/1835
f 3070/4237/1926 3317/4648/2119 3102/4238/1927
f 2561/3671/1477 3275/4649/2120 2562/3677/1481
f 2862/3960/1707 3277/4650/2121 2601/3958/1705
f 2925/4066/1792 3304/4651/2122 2926/4067/1793
f 2601/3958/1705 3274/4652/2123 2561/3671/1477
f 3054/4182/1881 3315/4653/2124 3070/4237/1926
f 2794/4485/2060 3294/4654/2125 2793/3896/1660
f 3148/4305/1976 3320/4655/2126 3145/4300/1973
f 2972/4124/1839 3309/4656/2127 3004/4121/1836
f 2726/3782/1572 3289/4657/2128 2741/3838/1617
f 2695/3774/1566 3286/4658/2129 2722/3784/1574
f 2636/4449/2055 3282/4659/2130 2637/3725/1522
f 2562/3677/1481 3279/4660/2131 2608/4432/2052
f 2635/4298/1971 3281/4661/2132 2636/4447/2055
f 2638/3773/1565 3284/4662/2133 2695/3774/1566
f 3142/4293/1966 3321/4663/2134 3148/4305/1976
f 2927/4063/1789 3306/4664/2135 2957/4064/1790
f 2742/3839/1618 3291/4665/2136 2771/3840/1619
f 3004/4121/1836 3311/4666/699 3026/4180/1879
f 3007/4127/1841 3307/4667/2137 2972/4124/1839
f 3027/4181/1880 3313/4668/2138 3054/4182/1881
f 2793/3896/1660 3297/4669/2139 2841/4500/2062
f 3102/4238/1927 3316/4670/2140 3071/4239/1928
f 2774/3842/1621 3290/4671/2141 2742/3839/1618
f 3071/4239/1928 3318/4672/2142 3105/4557/2065
f 2771/3840/1619 3293/4673/692 2792/3895/1659
f 2729/4297/1970 3280/4674/2143 2635/4298/1971
f 3105/4557/2065 3319/4675/2144 3142/4293/1966
f 2926/4067/1793 3305/4676/2145 2927/4063/1789
f 3057/4184/1883 3312/4677/2146 3027/4181/1880
f 2606/4002/1739 3299/4678/2147 2874/4008/1744
f 2874/4512/1744 3300/4679/2148 2875/4012/1748
f 2741/3838/1617 3292/4680/2149 2774/3842/1621
f 2722/3784/1574 3285/4681/2150 2696/3781/1571
f 2841/4500/2062 3298/4682/2151 2862/3960/1707
f 3366/4683/763 3410/4684/774 3364/4685/765
f 3359/4686/745 3360/4687/782 3361/4688/744
f 3341/4689/747 3378/4690/795 3343/4691/730
f 3336/4692/769 3387/4693/748 3385/4694/758
f 3367/4695/760 3352/4696/772 3369/4697/749
f 3349/4698/751 3370/4699/737 3351/4700/738
f 3390/4701/752 3333/4702/739 3331/4703/753
f 3375/4704/717 3344/4705/754 3377/4706/755
f 3357/4707/756 3362/4708/743 3359/4686/745
f 3339/4709/757 3380/4710/746 3341/4689/747
f 3383/4711/726 3336/4692/769 3385/4694/758
f 3365/4712/728 3354/4713/759 3367/4695/760
f 3347/4714/762 3372/4715/785 3349/4698/751
f 3330/4716/734 3329/4717/714 3391/4718/712
f 3329/4717/714 3390/4701/752 3331/4703/753
f 3348/4719/736 3375/4704/717 3373/4720/715
f 3366/4721/763 3357/4707/756 3355/4722/719
f 3337/4723/723 3382/4724/764 3339/4709/757
f 3381/4725/724 3338/4726/725 3383/4711/726
f 3358/4727/727 3365/4712/728 3363/4728/729
f 3376/4729/731 3347/4714/762 3345/4730/732
f 3389/4731/733 3330/4716/734 3391/4718/712
f 3350/4732/750 3373/4720/715 3371/4733/735
f 3353/4734/720 3366/4721/763 3355/4722/719
f 3386/4735/740 3337/4723/723 3335/4736/721
f 3379/4737/742 3340/4738/777 3381/4725/724
f 3360/4687/782 3363/4728/729 3361/4688/744
f 3343/4691/730 3376/4729/731 3345/4730/732
f 3387/4693/748 3332/4739/711 3389/4731/733
f 3369/4697/749 3350/4732/750 3371/4733/735
f 3394/4740/710 3330/4741/734 3332/4742/711
f 3370/4699/737 3353/4734/720 3351/4700/738
f 3344/4705/754 3379/4737/742 3377/4706/755
f 3333/4702/739 3386/4735/740 3335/4736/721
f 3412/4743/783 3366/4683/763 3368/4744/718
f 3403/4745/796 3348/4746/736 3350/4747/750
f 3421/4748/2152 3384/4749/722 3386/4750/740
f 3352/4751/772 3403/4745/796 3350/4747/750
f 3422/4752/779 3386/4750/740 3388/4753/780
f 3395/4754/2153 3332/4742/711 3334/4755/709
f 3413/4756/1432 3368/4744/718 3370/4757/737
f 3336/4758/769 3395/4754/2153 3334/4755/709
f 3414/4759/798 3370/4757/737 3372/4760/785
f 3354/4761/759 3404/4762/818 3352/4751/772
f 3390/4763/752 3422/4752/779 3388/4753/780
f 3406/4764/773 3354/4761/759 3356/4765/767
f 3424/4766/789 3390/4767/752 3392/4768/713
f 3338/4769/725 3396/4770/768 3336/4758/769
f 3374/4771/761 3414/4759/798 3372/4760/785
f 3398/4772/784 3338/4769/725 3340/4773/777
f 3376/4774/731 3415/4775/790 3374/4776/761
f 3407/4777/824 3356/4765/767 3358/4778/727
f 3408/4779/781 3358/4780/727 3360/4781/782
f 3342/4782/741 3398/4772/784 3340/4773/777
f 3417/4783/794 3376/4774/731 3378/4784/795
f 3344/4785/754 3399/4786/2154 3342/4787/741
f 3380/4788/746 3417/4783/794 3378/4784/795
f 3362/4789/743 3408/4779/781 3360/4781/782
f 3364/4685/765 3409/4790/766 3362/4789/743
f 3401/4791/2155 3344/4785/754 3346/4792/716
f 3382/4793/764 3418/4794/807 3380/4788/746
f 3348/4746/736 3401/4791/2155 3346/4792/716
f 3384/4749/722 3419/4795/770 3382/4793/764
f 3393/4796/793 3392/4768/713 3330/4741/734
f 3430/4797/831 3397/4798/775 3398/4799/784
f 3444/4800/850 3411/4801/2156 3412/4802/783
f 3431/4803/805 3398/4799/784 3399/4804/2154
f 3413/4805/1432 3444/4800/850 3412/4802/783
f 3432/4806/808 3399/4804/2154 3400/4807/2157
f 3414/4808/798 3445/4809/826 3413/4805/1432
f 3433/4810/834 3400/4807/2157 3401/4811/2155
f 3415/4812/790 3446/4813/797 3414/4808/798
f 3434/4814/811 3401/4811/2155 3402/4815/792
f 3416/4816/804 3447/4817/801 3415/4812/790
f 3403/4818/796 3434/4814/811 3402/4815/792
f 3449/4819/829 3416/4816/804 3417/4820/794
f 3404/4821/818 3435/4822/814 3403/4818/796
f 3450/4823/806 3417/4820/794 3418/4824/807
f 3437/4825/843 3404/4821/818 3405/4826/2158
f 3451/4827/810 3418/4824/807 3419/4828/770
f 3438/4829/821 3405/4826/2158 3406/4830/773
f 3425/4831/848 3424/4832/789 3393/4833/793
f 3452/4834/813 3419/4828/770 3420/4835/778
f 3439/4836/852 3406/4830/773 3407/4837/824
f 3426/4838/825 3393/4833/793 3394/4839/710
f 3453/4840/838 3420/4835/778 3421/4841/2152
f 3408/4842/781 3439/4836/852 3407/4837/824
f 3395/4843/2153 3426/4838/825 3394/4839/710
f 3454/4844/815 3421/4841/2152 3422/4845/779
f 3441/4846/816 3408/4842/781 3409/4847/766
f 3428/4848/857 3395/4843/2153 3396/4849/768
f 3423/4850/788 3454/4844/815 3422/4845/779
f 3442/4851/820 3409/4847/766 3410/4852/774
f 3429/4853/802 3396/4849/768 3397/4798/775
f 3424/4832/789 3455/4854/819 3423/4850/788
f 3411/4801/2156 3442/4851/820 3410/4852/774
f 3465/4855/836 3432/4806/808 3433/4810/834
f 3479/4856/887 3446/4813/797 3447/4817/801
f 3434/4814/811 3465/4855/836 3433/4810/834
f 3480/4857/860 3447/4817/801 3448/4858/2159
f 3435/4822/814 3466/4859/864 3434/4814/811
f 3449/4819/829 3480/4857/860 3448/4858/2159
f 3436/4860/817 3467/4861/839 3435/4822/814
f 3450/4823/806 3481/4862/828 3449/4819/829
f 3469/4863/847 3436/4860/817 3437/4825/843
f 3483/4864/835 3450/4823/806 3451/4827/810
f 3438/4829/821 3469/4863/847 3437/4825/843
f 3457/4865/853 3456/4866/822 3425/4831/848
f 3452/4834/813 3483/4864/835 3451/4827/810
f 3439/4836/852 3470/4867/877 3438/4829/821
f 3426/4838/825 3457/4865/853 3425/4831/848
f 3453/4840/838 3484/4868/861 3452/4834/813
f 3472/4869/869 3439/4836/852 3440/4870/827
f 3459/4871/855 3426/4838/825 3427/4872/799
f 3454/4844/815 3485/4873/837 3453/4840/838
f 3441/4846/816 3472/4869/869 3440/4870/827
f 3460/4874/856 3427/4872/799 3428/4848/857
f 3487/4875/872 3454/4844/815 3455/4854/819
f 3474/4876/842 3441/4846/816 3442/4851/820
f 3429/4853/802 3460/4874/856 3428/4848/857
f 3456/4866/822 3487/4875/872 3455/4854/819
f 3475/4877/846 3442/4851/820 3443/4878/823
f 3462/4879/889 3429/4853/802 3430/4797/831
f 3476/4880/849 3443/4878/823 3444/4800/850
f 3463/4881/830 3430/4797/831 3431/4803/805
f 3477/4882/854 3444/4800/850 3445/4809/826
f 3464/4883/832 3431/4803/805 3432/4806/808
f 3446/4813/797 3477/4882/854 3445/4809/826
f 3500/4884/870 3467/4861/839 3468/4885/844
f 3482/4886/833 3513/4887/891 3481/4862/828
f 3501/4888/873 3468/4885/844 3469/4863/847
f 3515/4889/862 3482/4886/833 3483/4864/835
f 3502/4890/876 3469/4863/847 3470/4867/877
f 3489/4891/881 3488/4892/845 3457/4865/853
f 3516/4893/920 3483/4864/835 3484/4868/861
f 3503/4894/879 3470/4867/877 3471/4895/851
f 3458/4896/880 3489/4891/881 3457/4865/853
f 3517/4897/865 3484/4868/861 3485/4873/837
f 3504/4898/904 3471/4895/851 3472/4869/869
f 3459/4871/855 3490/4899/883 3458/4896/880
f 3518/4900/867 3485/4873/837 3486/4901/840
f 3473/4902/841 3504/4898/904 3472/4869/869
f 3460/4874/856 3491/4903/885 3459/4871/855
f 3519/4904/871 3486/4901/840 3487/4875/872
f 3474/4876/842 3505/4905/868 3473/4902/841
f 3461/4906/859 3492/4907/888 3460/4874/856
f 3488/4892/845 3519/4904/871 3487/4875/872
f 3475/4877/846 3506/4908/875 3474/4876/842
f 3494/4909/911 3461/4906/859 3462/4879/889
f 3476/4880/849 3507/4910/878 3475/4877/846
f 3495/4911/892 3462/4879/889 3463/4881/830
f 3477/4882/854 3508/4912/882 3476/4880/849
f 3464/4883/832 3495/4911/892 3463/4881/830
f 3478/4913/858 3509/4914/903 3477/4882/854
f 3497/4915/918 3464/4883/832 3465/4855/836
f 3511/4916/886 3478/4913/858 3479/4856/887
f 3466/4859/864 3497/4915/918 3465/4855/836
f 3512/4917/910 3479/4856/887 3480/4857/860
f 3499/4918/866 3466/4859/864 3467/4861/839
f 3481/4862/828 3512/4917/910 3480/4857/860
f 3535/4919/901 3502/4890/876 3503/4894/879
f 3490/4899/883 3521/4920/902 3489/4891/881
f 3549/4921/922 3516/4893/920 3517/4897/865
f 3536/4922/930 3503/4894/879 3504/4898/904
f 3491/4903/885 3522/4923/2160 3490/4899/883
f 3550/4924/2161 3517/4897/865 3518/4900/867
f 3505/4905/868 3536/4922/930 3504/4898/904
f 3524/4925/907 3491/4903/885 3492/4907/888
f 3551/4926/894 3518/4900/867 3519/4904/871
f 3506/4908/875 3537/4927/924 3505/4905/868
f 3493/4928/890 3524/4925/907 3492/4907/888
f 3520/4929/874 3551/4926/894 3519/4904/871
f 3539/4930/898 3506/4908/875 3507/4910/878
f 3494/4909/911 3525/4931/912 3493/4928/890
f 3540/4932/900 3507/4910/878 3508/4912/882
f 3527/4933/914 3494/4909/911 3495/4911/892
f 3541/4934/928 3508/4912/882 3509/4914/903
f 3528/4935/916 3495/4911/892 3496/4936/893
f 3510/4937/884 3541/4934/928 3509/4914/903
f 3497/4915/918 3528/4935/916 3496/4936/893
f 3543/4938/908 3510/4937/884 3511/4916/886
f 3498/4939/863 3529/4940/921 3497/4915/918
f 3512/4917/910 3543/4938/908 3511/4916/886
f 3499/4918/866 3530/4941/2162 3498/4939/863
f 3513/4887/891 3544/4942/909 3512/4917/910
f 3532/4943/925 3499/4918/866 3500/4884/870
f 3514/4944/915 3545/4945/913 3513/4887/891
f 3533/4946/896 3500/4884/870 3501/4888/873
f 3515/4889/862 3546/4947/917 3514/4944/915
f 3502/4890/876 3533/4946/896 3501/4888/873
f 3521/4920/902 3520/4929/874 3489/4891/881
f 3548/4948/919 3515/4889/862 3516/4893/920
f 3570/4949/1218 3537/4927/924 3538/4950/2163
f 3525/4931/912 3556/4951/1215 3524/4925/907
f 3552/4952/897 3583/4953/2164 3551/4926/894
f 3539/4930/898 3570/4949/1218 3538/4950/2163
f 3558/4954/1216 3525/4931/912 3526/4955/2165
f 3540/4932/900 3571/4956/954 3539/4930/898
f 3559/4957/939 3526/4955/2165 3527/4933/914
f 3541/4934/928 3572/4958/2166 3540/4932/900
f 3528/4935/916 3559/4957/939 3527/4933/914
f 3542/4959/906 3573/4960/2167 3541/4934/928
f 3561/4961/944 3528/4935/916 3529/4940/921
f 3575/4962/935 3542/4959/906 3543/4938/908
f 3530/4941/2162 3561/4961/944 3529/4940/921
f 3576/4963/1220 3543/4938/908 3544/4942/909
f 3563/4964/951 3530/4941/2162 3531/4965/946
f 3577/4966/938 3544/4942/909 3545/4945/913
f 3564/4967/952 3531/4965/946 3532/4943/925
f 3546/4947/917 3577/4966/938 3545/4945/913
f 3533/4946/896 3564/4967/952 3532/4943/925
f 3547/4968/943 3578/4969/940 3546/4947/917
f 3566/4970/955 3533/4946/896 3534/4971/2168
f 3553/4972/2169 3552/4952/897 3521/4920/902
f 3548/4948/919 3579/4973/942 3547/4968/943
f 3535/4919/901 3566/4970/955 3534/4971/2168
f 3522/4923/2160 3553/4972/2169 3521/4920/902
f 3581/4974/945 3548/4948/919 3549/4921/922
f 3568/4975/2170 3535/4919/901 3536/4922/930
f 3523/4976/931 3554/4977/932 3522/4923/2160
f 3582/4978/948 3549/4921/922 3550/4924/2161
f 3569/4979/2171 3536/4922/930 3537/4927/924
f 3524/4925/907 3555/4980/934 3523/4976/931
f 3583/4953/2164 3550/4924/2161 3551/4926/894
f 3620/4981/1005 3667/4982/1031 3622/4983/1017
f 3617/4984/993 3618/4985/992 3615/4986/990
f 3599/4987/978 3636/4988/2172 3597/4989/994
f 3643/4990/996 3592/4991/2173 3641/4992/2174
f 3623/4993/1011 3608/4994/2175 3610/4995/1012
f 3607/4996/984 3628/4997/1000 3605/4998/999
f 3587/4999/1002 3644/5000/987 3646/5001/1001
f 3631/5002/1016 3600/1377/1004 3602/1419/964
f 3613/5003/1006 3618/4985/992 3620/5004/1005
f 3595/5005/1008 3636/4988/2172 3638/5006/1007
f 3639/5007/1021 3592/4991/2173 3594/5008/973
f 3621/5009/975 3610/4995/1012 3612/5010/1023
f 3605/4998/999 3630/5011/1014 3603/5012/1013
f 3647/5013/962 3648/5014/1015 3586/5015/961
f 3587/4999/1002 3648/5014/1015 3585/5016/960
f 3629/5017/963 3602/1419/964 3604/5018/2176
f 3613/5003/1006 3622/5019/1017 3611/5020/966
f 3595/5005/1008 3640/5021/2177 3593/5022/1436
f 3637/5023/972 3594/5008/973 3596/5024/974
f 3621/5009/975 3614/5025/976 3619/5026/977
f 3601/5027/1022 3630/5011/1014 3632/5028/979
f 3647/5013/962 3588/5029/957 3645/5030/981
f 3629/5017/963 3606/5031/983 3627/5032/982
f 3609/5033/2178 3622/5019/1017 3624/5034/2179
f 3593/5022/1436 3642/5035/971 3591/5036/969
f 3637/5023/972 3598/5037/989 3635/5038/988
f 3617/4984/993 3614/5025/976 3616/5039/991
f 3599/4987/978 3632/5028/979 3634/5040/980
f 3645/5030/981 3590/5041/959 3643/4990/996
f 3625/5042/2180 3606/5031/983 3608/4994/2175
f 3586/5043/961 3650/5044/2181 3588/5045/957
f 3609/5033/2178 3626/5046/985 3607/4996/984
f 3633/5047/1003 3598/5037/989 3600/1377/1004
f 3589/5048/986 3642/5035/971 3644/5000/987
f 3622/4983/1017 3668/5049/1033 3624/5050/2179
f 3606/5051/983 3658/5052/1048 3659/5053/1052
f 3642/5054/971 3676/5055/1029 3677/5056/1035
f 3606/5051/983 3660/5057/1027 3608/5058/2175
f 3642/5054/971 3678/5059/1037 3644/5060/987
f 3588/5045/957 3651/5061/958 3590/5062/959
f 3624/5050/2179 3669/5063/1039 3626/5064/985
f 3592/5065/2173 3651/5061/958 3652/5066/1024
f 3628/5067/1000 3669/5063/1039 3670/5068/1041
f 3608/5058/2175 3661/5069/1028 3610/5070/1012
f 3646/5071/1001 3678/5059/1037 3679/5072/1043
f 3610/5070/1012 3662/5073/2182 3612/5074/1023
f 3646/5075/1001 3680/5076/1044 3648/5077/1015
f 3594/5078/973 3652/5066/1024 3653/5079/1032
f 3630/5080/1014 3670/5068/1041 3671/5081/1045
f 3596/5082/974 3653/5079/1032 3654/5083/1034
f 3630/5084/1014 3672/5085/1047 3632/5086/979
f 3612/5074/1023 3663/5087/1036 3614/5088/976
f 3614/5089/976 3664/5090/1038 3616/5091/991
f 3598/5092/989 3654/5083/1034 3655/5093/1040
f 3632/5086/979 3673/5094/1051 3634/5095/980
f 3598/5096/989 3656/5097/1042 3600/5098/1004
f 3634/5095/980 3674/5099/1025 3636/5100/2172
f 3618/5101/992 3664/5090/1038 3665/5102/1019
f 3620/4981/1005 3665/5102/1019 3666/5103/2183
f 3600/5098/1004 3657/5104/1046 3602/5105/964
f 3636/5100/2172 3675/5106/1026 3638/5107/1007
f 3604/5108/2176 3657/5104/1046 3658/5052/1048
f 3638/5107/1007 3676/5055/1029 3640/5109/2177
f 3648/5077/1015 3649/5110/1049 3586/5043/961
f 3653/5111/1032 3686/5112/1059 3654/5113/1034
f 3668/5114/1033 3699/5115/1077 3700/5116/1080
f 3654/5113/1034 3687/5117/1061 3655/5118/1040
f 3668/5114/1033 3701/5119/1083 3669/5120/1039
f 3656/5121/1042 3687/5117/1061 3688/5122/1063
f 3669/5120/1039 3702/5123/1053 3670/5124/1041
f 3656/5121/1042 3689/5125/1065 3657/5126/1046
f 3670/5124/1041 3703/5127/1056 3671/5128/1045
f 3657/5126/1046 3690/5129/1067 3658/5130/1048
f 3671/5128/1045 3704/5131/1058 3672/5132/1047
f 3658/5130/1048 3691/5133/1069 3659/5134/1052
f 3672/5132/1047 3705/5135/1060 3673/5136/1051
f 3659/5134/1052 3692/5137/1072 3660/5138/1027
f 3673/5136/1051 3706/5139/1062 3674/5140/1025
f 3661/5141/1028 3692/5137/1072 3693/5142/1075
f 3674/5140/1025 3707/5143/1064 3675/5144/1026
f 3661/5141/1028 3694/5145/1078 3662/5146/2182
f 3680/5147/1044 3681/5148/1079 3649/5149/1049
f 3676/5150/1029 3707/5143/1064 3708/5151/1066
f 3662/5146/2182 3695/5152/1081 3663/5153/1036
f 3650/5154/2181 3681/5148/1079 3682/5155/1082
f 3677/5156/1035 3708/5151/1066 3709/5157/1068
f 3663/5153/1036 3696/5158/1084 3664/5159/1038
f 3650/5154/2181 3683/5160/1054 3651/5161/958
f 3677/5156/1035 3710/5162/1070 3678/5163/1037
f 3665/5164/1019 3696/5158/1084 3697/5165/1071
f 3651/5161/958 3684/5166/1055 3652/5167/1024
f 3678/5163/1037 3711/5168/1073 3679/5169/1043
f 3666/5170/2183 3697/5165/1071 3698/5171/1074
f 3652/5167/1024 3685/5172/1057 3653/5111/1032
f 3680/5147/1044 3711/5168/1073 3712/5173/1076
f 3667/5174/1031 3698/5171/1074 3699/5115/1077
f 3689/5125/1065 3720/5175/2184 3721/5176/1092
f 3702/5123/1053 3735/5177/1115 3703/5127/1056
f 3690/5129/1067 3721/5176/1092 3722/5178/1094
f 3703/5127/1056 3736/5179/2185 3704/5131/1058
f 3690/5129/1067 3723/5180/1096 3691/5133/1069
f 3705/5135/1060 3736/5179/2185 3737/5181/1086
f 3691/5133/1069 3724/5182/1099 3692/5137/1072
f 3706/5139/1062 3737/5181/1086 3738/5183/1089
f 3693/5142/1075 3724/5182/1099 3725/5184/1102
f 3706/5139/1062 3739/5185/1091 3707/5143/1064
f 3693/5142/1075 3726/5186/1105 3694/5145/1078
f 3681/5148/1079 3744/5187/1103 3713/5188/1106
f 3707/5143/1064 3740/5189/1093 3708/5151/1066
f 3694/5145/1078 3727/5190/1108 3695/5152/1081
f 3682/5155/1082 3713/5188/1106 3714/5191/1109
f 3709/5157/1068 3740/5189/1093 3741/5192/1095
f 3695/5152/1081 3728/5193/2186 3696/5158/1084
f 3682/5155/1082 3715/5194/1112 3683/5160/1054
f 3709/5157/1068 3742/5195/1097 3710/5162/1070
f 3697/5165/1071 3728/5193/2186 3729/5196/1098
f 3684/5166/1055 3715/5194/1112 3716/5197/1114
f 3711/5168/1073 3742/5195/1097 3743/5198/1100
f 3698/5171/1074 3729/5196/1098 3730/5199/1101
f 3685/5172/1057 3716/5197/1114 3717/5200/1116
f 3712/5173/1076 3743/5198/1100 3744/5187/1103
f 3698/5171/1074 3731/5201/1104 3699/5115/1077
f 3685/5172/1057 3718/5202/1087 3686/5112/1059
f 3700/5116/1080 3731/5201/1104 3732/5203/1107
f 3686/5112/1059 3719/5204/1088 3687/5117/1061
f 3701/5119/1083 3732/5203/1107 3733/5205/1110
f 3688/5122/1063 3719/5204/1088 3720/5175/2184
f 3701/5119/1083 3734/5206/1113 3702/5123/1053
f 3724/5182/1099 3755/5207/1122 3756/5208/1126
f 3738/5183/1089 3769/5209/1145 3770/5210/1147
f 3725/5184/1102 3756/5208/1126 3757/5211/1129
f 3739/5185/1091 3770/5210/1147 3771/5212/1117
f 3725/5184/1102 3758/5213/1132 3726/5186/1105
f 3713/5188/1106 3776/5214/1130 3745/5215/1133
f 3739/5185/1091 3772/5216/1118 3740/5189/1093
f 3726/5186/1105 3759/5217/1135 3727/5190/1108
f 3714/5191/1109 3745/5215/1133 3746/5218/1136
f 3741/5192/1095 3772/5216/1118 3773/5219/1121
f 3727/5190/1108 3760/5220/1124 3728/5193/2186
f 3715/5194/1112 3746/5218/1136 3747/5221/1138
f 3741/5192/1095 3774/5222/1123 3742/5195/1097
f 3729/5196/1098 3760/5220/1124 3761/5223/1125
f 3715/5194/1112 3748/5224/1140 3716/5197/1114
f 3742/5195/1097 3775/5225/1127 3743/5198/1100
f 3730/5199/1101 3761/5223/1125 3762/5226/1128
f 3716/5197/1114 3749/5227/1142 3717/5200/1116
f 3743/5198/1100 3776/5214/1130 3744/5187/1103
f 3731/5201/1104 3762/5226/1128 3763/5228/1131
f 3718/5202/1087 3749/5227/1142 3750/5229/1144
f 3731/5201/1104 3764/5230/1134 3732/5203/1107
f 3718/5202/1087 3751/5231/1146 3719/5204/1088
f 3733/5205/1110 3764/5230/1134 3765/5232/1137
f 3720/5175/2184 3751/5231/1146 3752/5233/1148
f 3734/5206/1113 3765/5232/1137 3766/5234/1139
f 3721/5176/1092 3752/5233/1148 3753/5235/1119
f 3734/5206/1113 3767/5236/1141 3735/5177/1115
f 3722/5178/1094 3753/5235/1119 3754/5237/1120
f 3735/5177/1115 3768/5238/1143 3736/5179/2185
f 3723/5180/1096 3754/5237/1120 3755/5207/1122
f 3737/5181/1086 3768/5238/1143 3769/5209/1145
f 3759/5217/1135 3790/5239/1156 3791/5240/1159
f 3746/5218/1136 3777/5241/1157 3778/5242/1160
f 3772/5216/1118 3805/5243/1178 3773/5219/1121
f 3759/5217/1135 3792/5244/2187 3760/5220/1124
f 3746/5218/1136 3779/5245/1163 3747/5221/1138
f 3773/5219/1121 3806/5246/1149 3774/5222/1123
f 3761/5223/1125 3792/5244/2187 3793/5247/1151
f 3747/5221/1138 3780/5248/1165 3748/5224/1140
f 3774/5222/1123 3807/5249/1150 3775/5225/1127
f 3762/5226/1128 3793/5247/1151 3794/5250/1152
f 3748/5224/1140 3781/5251/1167 3749/5227/1142
f 3775/5225/1127 3808/5252/1440 3776/5214/1130
f 3762/5226/1128 3795/5253/1155 3763/5228/1131
f 3750/5229/1144 3781/5251/1167 3782/5254/1169
f 3763/5228/1131 3796/5255/1158 3764/5230/1134
f 3751/5231/1146 3782/5254/1169 3783/5256/1171
f 3764/5230/1134 3797/5257/1161 3765/5232/1137
f 3751/5231/1146 3784/5258/1442 3752/5233/1148
f 3766/5234/1139 3797/5257/1161 3798/5259/1164
f 3752/5233/1148 3785/5260/1175 3753/5235/1119
f 3767/5236/1141 3798/5259/1164 3799/5261/1166
f 3753/5235/1119 3786/5262/1177 3754/5237/1120
f 3767/5236/1141 3800/5263/1168 3768/5238/1143
f 3754/5237/1120 3787/5264/1179 3755/5207/1122
f 3769/5209/1145 3800/5263/1168 3801/5265/1170
f 3755/5207/1122 3788/5266/1180 3756/5208/1126
f 3770/5210/1147 3801/5265/1170 3802/5267/2188
f 3756/5208/1126 3789/5268/1153 3757/5211/1129
f 3770/5210/1147 3803/5269/1174 3771/5212/1117
f 3758/5213/1132 3789/5268/1153 3790/5239/1156
f 3745/5215/1133 3808/5252/1440 3777/5241/1157
f 3772/5216/1118 3803/5269/1174 3804/5270/1176
f 3794/5250/1152 3825/5271/2189 3826/5272/1208
f 3780/5248/1165 3813/5273/1191 3781/5251/1167
f 3807/5249/1150 3840/5274/2190 3808/5252/1440
f 3794/5250/1152 3827/5275/2191 3795/5253/1155
f 3781/5251/1167 3814/5276/2192 3782/5254/1169
f 3795/5253/1155 3828/5277/2193 3796/5255/1158
f 3782/5254/1169 3815/5278/2194 3783/5256/1171
f 3797/5257/1161 3828/5277/2193 3829/5279/1184
f 3783/5256/1171 3816/5280/2195 3784/5258/1442
f 3798/5259/1164 3829/5279/1184 3830/5281/2196
f 3785/5260/1175 3816/5280/2195 3817/5282/2197
f 3798/5259/1164 3831/5283/1190 3799/5261/1166
f 3786/5262/1177 3817/5282/2197 3818/5284/2198
f 3799/5261/1166 3832/5285/1192 3800/5263/1168
f 3787/5264/1179 3818/5284/2198 3819/5286/1203
f 3801/5265/1170 3832/5285/1192 3833/5287/1194
f 3788/5266/1180 3819/5286/1203 3820/5288/1206
f 3802/5267/2188 3833/5287/1194 3834/5289/2199
f 3788/5266/1180 3821/5290/2200 3789/5268/1153
f 3803/5269/1174 3834/5289/2199 3835/5291/1198
f 3789/5268/1153 3822/1666/1212 3790/5239/1156
f 3808/5252/1440 3809/5292/1443 3777/5241/1157
f 3804/5270/1176 3835/5291/1198 3836/5293/2201
f 3790/5239/1156 3823/1693/2202 3791/5240/1159
f 3777/5241/1157 3810/5294/2203 3778/5242/1160
f 3804/5270/1176 3837/5295/2204 3805/5243/1178
f 3791/5240/1159 3824/5296/2205 3792/5244/2187
f 3779/5245/1163 3810/5294/2203 3811/5297/2206
f 3805/5243/1178 3838/5298/2207 3806/5246/1149
f 3793/5247/1151 3824/5296/2205 3825/5271/2189
f 3780/5248/1165 3811/5297/2206 3812/5299/1189
f 3807/5249/1150 3838/5298/2207 3839/5300/1445
f 3564/5301/952 3819/5302/1203 3563/5303/951
f 3565/5304/1217 3820/5305/1206 3564/5301/952
f 3566/5306/955 3821/5307/2200 3565/5304/1217
f 3567/5308/2208 3822/5309/1212 3566/5306/955
f 3568/5310/2170 3823/5311/2202 3567/5312/2208
f 3569/5313/2171 3824/5314/2205 3568/5310/2170
f 3570/5315/1218 3825/5316/2189 3569/5313/2171
f 3570/5315/1218 3827/5317/2191 3826/5318/1208
f 3572/5319/2166 3827/5317/2191 3571/5320/954
f 3573/5321/2167 3828/5322/2193 3572/5319/2166
f 3574/5323/933 3829/5324/1184 3573/5321/2167
f 3575/5325/935 3830/5326/2196 3574/5323/933
f 3576/5327/1220 3831/5328/1190 3575/5329/935
f 3577/5330/938 3832/5331/1192 3576/5327/1220
f 3577/5330/938 3834/5332/2199 3833/5333/1194
f 3579/5334/942 3834/5332/2199 3578/5335/940
f 3580/5336/2209 3835/5337/1198 3579/5334/942
f 3581/5338/945 3836/5339/2201 3580/5336/2209
f 3582/5340/948 3837/5341/2204 3581/5338/945
f 3582/5340/948 3839/5342/1445 3838/5343/2207
f 3584/5344/1214 3839/5345/1445 3583/5346/2164
f 3584/5344/1214 3809/5347/1443 3840/5348/2190
f 3554/5349/932 3809/5347/1443 3553/5350/2169
f 3554/5349/932 3811/5351/2206 3810/5352/2203
f 3555/5353/934 3812/5354/1189 3811/5351/2206
f 3557/5355/2210 3812/5354/1189 3556/5356/1215
f 3558/5357/1216 3813/5358/1191 3557/5355/2210
f 3558/5357/1216 3815/5359/2194 3814/5360/2192
f 3559/5361/939 3816/5362/2195 3815/5363/2194
f 3561/5364/944 3816/5362/2195 3560/5365/2211
f 3562/5366/947 3817/5367/2197 3561/5364/944
f 3562/5366/947 3819/5302/1203 3818/5368/2198
f 3391/5369/712 3585/5370/960 3647/5371/962
f 3391/5369/712 3645/5372/981 3389/5373/733
f 3389/5373/733 3643/5374/996 3387/5375/748
f 3387/5375/748 3641/5376/2174 3385/5377/758
f 3383/5378/726 3641/5376/2174 3639/5379/1021
f 3383/5378/726 3637/5380/972 3381/5381/724
f 3381/5381/724 3635/5382/988 3379/5383/742
f 3379/5384/742 3633/5385/1003 3377/5386/755
f 3375/5387/717 3633/5385/1003 3631/5388/1016
f 3373/5389/715 3631/5388/1016 3629/5390/963
f 3371/5391/735 3629/5390/963 3627/5392/982
f 3369/5393/749 3627/5392/982 3625/5394/2180
f 3369/5393/749 3623/5395/1011 3367/5396/760
f 3365/5397/728 3623/5395/1011 3621/5398/975
f 3363/5399/729 3621/5398/975 3619/5400/977
f 3363/5401/729 3617/5402/993 3361/5403/744
f 3361/5403/744 3615/5404/990 3359/5405/745
f 3357/5406/756 3615/5404/990 3613/5407/1006
f 3355/5408/719 3613/5407/1006 3611/5409/966
f 3355/5408/719 3609/5410/2178 3353/5411/720
f 3353/5411/720 3607/5412/984 3351/5413/738
f 3351/5413/738 3605/5414/999 3349/5415/751
f 3349/5415/751 3603/5416/1013 3347/5417/762
f 3347/5418/762 3601/5419/1022 3345/5420/732
f 3343/5421/730 3601/5419/1022 3599/5422/978
f 3343/5421/730 3597/5423/994 3341/5424/747
f 3339/5425/757 3597/5423/994 3595/5426/1008
f 3337/5427/723 3595/5426/1008 3593/5428/1436
f 3337/5427/723 3591/5429/969 3335/5430/721
f 3335/5430/721 3589/5431/986 3333/5432/739
f 3333/5432/739 3587/5433/1002 3331/5434/753
f 3331/5435/753 3585/5370/960 3329/5436/714
f 3844/5437/1446 3846/5438/1447 3845/5439/1448
f 3849/5440/1449 3851/5441/1450 3850/4539/1451
f 3854/5442/1452 3856/5443/1453 3855/5444/1454
f 3857/5445/1455 3871/5446/1456 3858/5447/1457
f 3859/5448/1458 3844/5437/1446 3845/5439/1448
f 3861/5449/1459 3862/5450/1460 3853/5451/1461
f 3852/5452/1462 3849/5453/1449 3870/5454/1463
f 3871/5446/1456 3855/5444/1454 3872/5455/1464
f 3857/5445/1455 3858/5447/1457 3873/5456/1465
f 3861/5457/1459 3852/5452/1462 3869/5458/2212
f 3877/5459/1467 3876/5460/1468 3878/5461/1469
f 3849/5453/1449 4172/5462/1470 3879/5463/1471
f 3876/5460/1468 3880/5464/1472 3878/5461/1469
f 3882/5465/1473 3884/5466/1474 3883/5467/2213
f 3884/5466/1474 3882/5465/1473 3885/5468/2214
f 3885/5468/2214 3882/5465/1473 3841/5469/1477
f 3843/5470/1478 3890/5471/2215 3889/5472/1480
f 3890/5471/2215 3845/5473/1448 3846/5474/1447
f 3842/5475/2216 3889/5472/1480 3885/5468/2214
f 3885/5468/2214 3889/5472/1480 3864/5476/1482
f 3850/5477/1451 3851/5478/1450 3892/5479/2217
f 3891/5480/1484 3892/5479/2217 3857/5445/1455
f 3892/5479/2217 3871/5446/1456 3857/5445/1455
f 3853/5481/1461 3862/5482/1460 3893/5483/2218
f 3893/5483/2218 3854/5442/1452 3871/5446/1456
f 3897/5484/2219 3869/5458/2212 3870/5454/1463
f 3880/5464/1472 3898/5485/2220 3896/5486/1488
f 3895/5487/1489 3870/5454/1463 3879/5463/1471
f 3875/5488/1490 3878/5461/1469 3897/5489/2219
f 3873/5456/1465 3844/5437/1446 3859/5448/1458
f 3858/5447/1457 3872/5455/1464 3846/5438/1447
f 3872/5455/1464 3855/5444/1454 3863/5490/1491
f 3847/5491/2221 3856/5443/1453 3902/5492/1493
f 3867/5493/1494 3866/5494/1495 3875/5488/1490
f 3904/5495/1496 3914/5496/2222 3908/5497/1498
f 3904/5495/1496 3903/5498/1499 3914/5496/2222
f 3930/5499/1500 3929/5500/1501 3932/5501/1502
f 3924/5502/1503 3927/5503/2223 3926/5504/2224
f 3936/5505/1506 3920/5506/1507 3937/5507/2225
f 3920/5506/1507 3921/5508/1509 3937/5507/2225
f 3933/5509/1510 3930/5499/1500 3931/5510/1511
f 3944/5511/1512 3933/5509/1510 3934/5512/1513
f 3944/5511/1512 3934/5512/1513 3945/5513/1514
f 3927/5514/2223 3942/5515/1515 3941/5516/1516
f 3949/5517/1517 3951/5518/1518 3950/5519/1519
f 3921/5520/1509 3953/5521/1520 3952/5522/1521
f 3952/5522/1521 3953/5521/1520 3917/5523/1522
f 3917/5523/1522 3953/5521/1520 3954/5524/1523
f 3953/5525/1520 3921/5508/1509 3940/5526/1524
f 3955/5527/1525 3933/5509/1510 3944/5511/1512
f 3956/5528/1526 3955/5527/1525 3926/5504/2224
f 3956/5528/1526 3930/5499/1500 3933/5509/1510
f 3959/5529/1527 3943/5530/1528 3947/5531/1529
f 3941/5516/1516 3942/5515/1515 3960/5532/1530
f 3946/5533/1531 3960/5534/1530 3961/5535/1532
f 3961/5536/1532 3960/5532/1530 3942/5515/1515
f 3911/5537/1533 3961/5535/1532 3959/5538/1527
f 3962/5539/1534 3951/5540/1518 4452/5541/2226
f 3934/5512/1513 3920/5506/1507 3936/5505/1506
f 3935/5542/1536 3919/5543/1537 3920/5506/1507
f 3935/5542/1536 3931/5510/1511 3939/5544/1538
f 3922/5545/1539 3932/5501/1502 3966/5546/1540
f 3946/5533/1531 3912/5547/1541 3968/5548/2227
f 3971/5549/1543 4418/5550/1544 3967/5551/1545
f 3911/5537/1533 3969/5552/1546 3913/5553/1547
f 3981/5554/2228 3980/5555/1549 3982/5556/1550
f 3980/5555/1549 3983/5557/1551 3984/5558/1552
f 3985/5559/1553 3944/5511/1512 3945/5513/1514
f 3980/5555/1549 3984/5558/1552 3982/5556/1550
f 3990/5560/1554 3978/5561/1555 3991/5562/1556
f 3978/5561/1555 3979/5563/1557 3991/5562/1556
f 3980/5555/1549 3996/5564/2229 3995/5565/1559
f 3985/5559/1553 3986/5566/1560 3997/5567/1561
f 3987/5568/1562 3988/5569/1563 3999/5570/1564
f 3987/5568/1562 3985/5559/1553 3997/5567/1561
f 3983/5557/1551 3995/5565/1559 3947/5531/1529
f 3980/5555/1549 3981/5554/2228 3996/5564/2229
f 3983/5557/1551 3980/5555/1549 3995/5565/1559
f 3918/5571/1565 3975/5572/1566 4003/5573/1567
f 4003/5574/1567 4004/5575/1568 3937/5507/2225
f 3993/5576/1569 4004/5577/1568 4003/5573/1567
f 4005/5578/1570 4003/5573/1567 3975/5572/1566
f 3976/5579/1571 4006/5580/1572 4007/5581/1573
f 4002/5582/2230 3976/5579/1571 4008/5583/1575
f 3979/5584/1557 4008/5583/1575 4007/5581/1573
f 4007/5581/1573 4008/5583/1575 3976/5579/1571
f 4002/5582/2230 4008/5583/1575 4005/5578/1570
f 4005/5578/1570 4008/5583/1575 3979/5584/1557
f 3984/5585/1552 4011/5586/1576 4010/5587/1577
f 3985/5559/1553 3987/5568/1562 4011/5586/1576
f 3989/5588/1578 3955/5527/1525 4011/5586/1576
f 4011/5586/1576 3955/5527/1525 3985/5559/1553
f 3955/5527/1525 3944/5511/1512 3985/5559/1553
f 4010/5587/1577 4035/5589/2231 3982/5590/1550
f 3924/5502/1503 3925/5591/1580 3989/5588/1578
f 4000/5592/1581 4013/5593/1582 4012/5594/2232
f 4013/5595/1582 3996/5564/2229 4001/5596/2233
f 3947/5531/1529 3995/5565/1559 3958/5597/1585
f 4000/5592/1581 3994/5598/2234 4013/5593/1582
f 4014/5599/1587 3995/5565/1559 3996/5564/2229
f 4541/5600/1588 4004/5601/1568 4460/340/1589
f 3999/5570/1564 3978/5561/1555 3990/5560/1554
f 3999/5570/1564 3988/5569/1563 3978/5561/1555
f 3997/5567/1561 3986/5566/1560 3992/5602/1590
f 4016/5603/1591 3993/5604/1569 3992/5602/1590
f 3964/5605/2235 3945/5513/1514 3936/5505/1506
f 4018/5606/1593 3972/5607/1594 3973/5608/1595
f 3973/5608/1595 3911/5537/1533 3994/5598/2234
f 3973/5608/1595 3994/5598/2234 4000/5592/1581
f 4029/5609/1596 4035/5610/2231 4030/5611/1597
f 4026/5612/2236 4030/5613/1597 4028/5614/2237
f 4036/5615/2238 4024/5616/2239 4037/5617/2240
f 4038/5618/1603 4039/5619/2241 4023/5620/2242
f 3981/5554/2228 4029/5621/1596 4001/5596/2233
f 4033/5622/2243 4034/5623/1607 4046/5624/2244
f 4033/5622/2243 4043/5625/1609 4044/5626/1610
f 4027/5627/1611 4047/5628/2245 4042/5629/1613
f 4029/5621/1596 4026/5630/2236 4042/5629/1613
f 4027/5627/1611 4048/5631/2246 4047/5628/2245
f 4006/5580/1572 4049/5632/2247 4007/5581/1573
f 4049/5632/2247 4050/5633/2248 3991/5634/1556
f 4049/5632/2247 4006/5580/1572 4021/5635/2249
f 4022/5636/2250 4051/5637/1619 4053/5638/1620
f 4054/5639/2251 4022/5636/2250 4052/5640/1622
f 4055/5641/1623 4052/5640/1622 4024/5642/2239
f 4021/5635/2249 4054/5639/2251 4055/5641/1623
f 4055/5641/1623 4023/5643/2242 4039/5644/2241
f 4056/5645/1624 4033/5622/2243 4045/5646/2252
f 4028/5647/2237 4030/5648/1597 4056/5645/1624
f 4043/5625/1609 4033/5622/2243 4056/5645/1624
f 4056/5645/1624 4010/5587/1577 3998/5649/1626
f 4108/5650/1627 4032/5651/1628 4028/5647/2237
f 4057/5652/2253 4040/5653/1630 4047/5654/2245
f 4041/5655/2254 4059/5656/1632 4012/5657/2232
f 4012/5594/2232 4059/5658/1632 4040/5653/1630
f 4040/5653/1630 4059/5658/1632 4047/5654/2245
f 4046/5624/2244 4024/5616/2239 4036/5615/2238
f 4034/5623/1607 4023/5620/2242 4024/5616/2239
f 4034/5623/1607 4044/5626/1610 4023/5620/2242
f 4046/5624/2244 4034/5623/1607 4024/5616/2239
f 4044/5626/1610 4031/5659/1633 4038/5618/1603
f 4046/5624/2244 4077/5660/1634 4078/5661/1635
f 4025/5662/1636 3999/5570/1564 3990/5560/1554
f 4060/5663/1637 4050/5664/2248 4469/5665/2255
f 4064/5666/1639 4000/5592/1581 4040/5653/1630
f 4079/5667/1640 4082/5668/2256 4083/5669/2257
f 4085/5670/1643 4087/5671/1644 4086/5672/1645
f 4082/5668/2256 4088/5673/1646 4032/5651/1628
f 4079/5667/1640 4083/5669/2257 4081/5674/1647
f 4093/5675/1648 4068/5676/1649 4057/5652/2253
f 4096/5677/1650 4084/5678/1651 4087/5671/1644
f 4097/5679/1652 4085/5670/1643 4086/5672/1645
f 4096/5677/1650 4045/5646/2252 4084/5678/1651
f 4085/5670/1643 4096/5677/1650 4087/5671/1644
f 4088/5680/1646 4094/5681/2258 4048/5631/2246
f 4079/5682/1640 4080/5683/2259 4095/5684/2260
f 4082/5685/2256 4079/5682/1640 4094/5686/2258
f 4051/5637/1619 4100/5687/1656 4053/5638/1620
f 4053/5688/1620 4100/5689/1656 4101/5690/2261
f 4092/5691/1658 4101/5690/2261 4100/5689/1656
f 4100/5687/1656 4051/5637/1619 4072/5692/2262
f 4073/5693/1660 4103/5694/2263 4102/5695/1662
f 4102/5695/1662 4103/5694/2263 4090/5696/1663
f 4076/5697/1664 4105/5698/1665 4102/5695/1662
f 4104/5699/1666 4105/5698/1665 4106/5700/1667
f 4106/5700/1667 4105/5698/1665 4075/5701/2264
f 4104/5702/1666 4106/5703/1667 4100/5704/1656
f 4100/5704/1656 4106/5703/1667 4092/5705/1658
f 4081/5674/1647 4083/5669/2257 4107/5706/1669
f 4096/5677/1650 4085/5670/1643 4107/5706/1669
f 4107/5706/1669 4147/5707/1670 4134/5708/1671
f 4088/5673/1646 4027/5709/1611 4032/5651/1628
f 4110/5710/1672 4095/5684/2260 4099/5711/2265
f 4048/5631/2246 4094/5681/2258 4058/5712/2266
f 4057/5652/2253 4058/5713/2266 4111/5714/2267
f 4111/5715/2267 4058/5712/2266 4094/5681/2258
f 4057/5652/2253 4111/5714/2267 4110/5716/1672
f 4110/5710/1672 4111/5717/2267 4094/5686/2258
f 4114/5718/2268 4037/5617/2240 4101/5690/2261
f 4098/5719/1677 4076/5720/1664 4089/5721/1678
f 4086/5672/1645 4087/5671/1644 4075/5722/2264
f 4087/5671/1644 4084/5678/1651 4091/5723/2269
f 4077/5660/1634 4046/5624/2244 4036/5615/2238
f 4114/5724/2268 4101/5725/2261 4478/5726/2270
f 4138/5727/1681 4115/5728/2271 4067/5729/1683
f 4057/5652/2253 4068/5676/1649 4116/5730/1684
f 4546/5731/1685 4115/5728/2271 4138/5727/1681
f 4067/5729/1683 4068/5676/1649 4093/5675/1648
f 4057/5652/2253 4118/5732/1686 4040/5653/1630
f 4538/5733/1687 4546/5731/1685 4138/5727/1681
f 4123/5734/1688 4122/5735/1689 4124/5736/2272
f 3861/5737/1459 4126/5738/1691 4127/5739/1692
f 4126/5740/1691 4128/5741/1693 4129/5742/1694
f 4097/5679/1652 4098/5719/1677 4130/5743/1695
f 3902/5492/1493 4123/5734/1688 3883/5744/2213
f 4128/5745/1693 4137/5746/1696 4099/5711/2265
f 4128/5745/1693 4139/5747/1697 4137/5746/1696
f 4126/5748/1691 4140/5749/1698 4139/5747/1697
f 4141/5750/1699 4130/5743/1695 4133/5751/1700
f 3854/5442/1452 4131/5752/1701 4132/5753/2273
f 4131/5752/1701 4141/5750/1699 4133/5751/1700
f 3876/5460/1468 4138/5727/1681 3880/5464/1472
f 4126/5748/1691 3861/5457/1459 4140/5749/1698
f 4103/5694/2263 4143/5754/2274 4090/5696/1663
f 4143/5754/2274 4103/5694/2263 4144/5755/2275
f 4144/5755/2275 4103/5694/2263 4073/5693/1660
f 3881/5756/1705 3882/5465/1473 4145/5757/1706
f 4142/5758/1707 4145/5757/1706 4146/5759/2276
f 4146/5759/2276 4145/5757/1706 4124/5760/2272
f 4145/5757/1706 4142/5758/1707 3881/5756/1705
f 4144/5755/2275 4146/5759/2276 4136/5761/1709
f 4129/5762/1694 4147/5707/1670 3893/5483/2218
f 3893/5483/2218 4147/5707/1670 4131/5752/1701
f 4141/5750/1699 4131/5752/1701 4147/5707/1670
f 4129/5762/1694 4134/5708/1671 4147/5707/1670
f 3893/5483/2218 3862/5482/1460 4127/5763/1692
f 3898/5764/2220 4140/5749/1698 3865/5765/1710
f 4109/5766/1711 4138/5727/1681 4093/5675/1648
f 4109/5767/1711 4099/5711/2265 4137/5746/1696
f 4109/5767/1711 4137/5746/1696 4139/5747/1697
f 4138/5727/1681 4148/5768/1712 3898/5485/2220
f 4149/5769/2277 4143/5770/2274 4485/5771/2278
f 3856/5443/1453 4123/5734/1688 3902/5492/1493
f 4132/5753/2273 4133/5751/1700 4122/5735/1689
f 4133/5751/1700 4130/5743/1695 4135/5772/2279
f 4158/5773/1716 4157/5774/1717 4159/5775/1718
f 4166/5776/1719 3857/5445/1455 3874/5777/1720
f 4162/5778/1721 4163/5779/1722 4167/5780/1723
f 4168/5781/1724 4171/5782/1725 4170/5783/2280
f 4164/5784/1727 4165/5785/1728 4163/5786/1722
f 4173/5787/1729 4158/5773/1716 4174/5788/1730
f 4164/5789/1727 4179/5790/1731 4177/5791/2281
f 4164/5792/1727 4162/5793/1721 4180/5794/2282
f 4168/5781/1724 4166/5776/1719 4181/5795/1734
f 4157/5774/1717 4176/5796/1735 4159/5775/1718
f 4169/5797/1736 4170/5783/2280 4183/5798/1737
f 4162/5793/1721 4184/5799/1738 4180/5794/2282
f 3886/5800/1739 4185/5801/1740 3887/5802/1741
f 4185/5803/1740 4186/5804/1742 3860/5805/1743
f 4176/5796/1735 4186/5804/1742 4185/5803/1740
f 4185/5801/1740 3886/5800/1739 4154/5806/1744
f 4156/5807/1745 4188/5808/1746 4190/5809/1747
f 4155/5810/1748 4189/5811/1749 4191/5812/1750
f 4191/5812/1750 4189/5811/1749 4159/5813/1718
f 4189/5811/1749 4155/5810/1748 4156/5807/1745
f 4155/5810/1748 4191/5812/1750 4187/5814/1751
f 4187/5815/1751 4191/5816/1750 4159/5775/1718
f 4192/5817/1752 4193/5818/1753 4169/5797/1736
f 4163/5786/1722 4165/5785/1728 4193/5818/1753
f 4193/5818/1753 4166/5776/1719 4168/5781/1724
f 4165/5785/1728 3850/5477/1451 3891/5480/1484
f 4169/5797/1736 4182/5819/1754 4192/5817/1752
f 4178/5820/1755 4196/5821/1756 4194/5822/2283
f 4194/5823/2283 4196/5824/1756 4180/5794/2282
f 4178/5820/1755 4195/5825/1758 4196/5821/1756
f 4196/5824/1756 4195/5826/1758 4179/5827/1731
f 3894/5828/1759 3879/5463/1471 4177/5791/2281
f 4196/5824/1756 4179/5827/1731 4180/5794/2282
f 4170/5783/2280 4158/5773/1716 4173/5787/1729
f 4170/5783/2280 4171/5782/1725 4157/5774/1717
f 4171/5782/1725 4181/5795/1734 4175/5829/1760
f 3859/5448/1458 3860/5805/1743 4197/5830/1761
f 4018/5606/1593 4201/5831/1762 3967/5551/1545
f 4203/5832/1763 4202/5833/1764 3904/5495/1496
f 4209/5834/1765 4208/5835/1766 4210/5836/2284
f 4215/5837/1768 4217/5838/1769 4216/5839/1770
f 4219/5840/2285 4209/5834/1765 4220/5841/1772
f 4218/5842/1773 4167/5843/1723 4214/5844/1774
f 4162/5793/1721 4218/5845/1773 4184/5799/1738
f 4218/5845/1773 4211/5846/2286 4225/5847/2287
f 4211/5846/2286 4227/5848/2288 4226/5849/2289
f 4230/5850/2290 4216/5839/1770 4231/5851/1780
f 4228/5852/1781 4182/5819/1754 4183/5798/1737
f 4232/5853/1782 4117/5854/1783 4224/5855/2291
f 4212/5856/2292 4234/5857/2293 4227/5848/2288
f 4190/5809/1747 4235/5858/2294 4174/5859/1730
f 4235/5858/2294 4190/5809/1747 4236/5860/1788
f 4236/5860/1788 4190/5809/1747 4188/5808/1746
f 4207/5861/1789 4237/5862/1790 4239/5863/2295
f 4205/5864/1792 4206/5865/2296 4240/5866/1794
f 4240/5866/1794 4210/5867/2284 4222/5868/1795
f 4228/5852/1781 4215/5837/1768 4242/5869/1796
f 4214/5870/1774 4167/5871/1723 4242/5869/1796
f 4242/5869/1796 4182/5819/1754 4228/5852/1781
f 4241/5872/1797 4266/5873/1798 4213/5874/1799
f 4184/5799/1738 4225/5847/2287 4194/5823/2283
f 4244/5875/2297 4225/5847/2287 4226/5849/2289
f 4233/5876/1801 4194/5822/2283 4244/5877/2297
f 4244/5875/2297 4194/5823/2283 4225/5847/2287
f 4224/5855/2291 4244/5877/2297 4243/5878/1802
f 4243/5879/1802 4244/5875/2297 4227/5848/2288
f 4244/5875/2297 4226/5849/2289 4227/5848/2288
f 4247/5880/1803 4174/5788/1730 4235/5881/2294
f 4216/5839/1770 4209/5834/1765 4219/5840/2285
f 4216/5839/1770 4217/5838/1769 4208/5835/1766
f 4217/5838/1769 4229/5882/1804 4221/5883/1805
f 4231/5851/1780 4256/5884/1806 4295/5885/1807
f 4199/5886/2298 4183/5798/1737 4173/5787/1729
f 4247/2284/1803 4235/3973/2294 4500/5887/2299
f 4223/5888/1810 4178/5820/1755 4233/5876/1801
f 4254/5889/1811 4253/5890/2300 4255/5891/1813
f 4258/5892/1814 4257/5893/2301 4259/5894/1816
f 4257/5895/2301 4260/5896/2302 4261/5897/1818
f 4263/5898/1819 4265/5899/1820 4264/5900/1821
f 4267/5901/2303 4254/5889/1811 4268/5902/2304
f 4254/5889/1811 4255/5891/1813 4268/5902/2304
f 4272/5903/1824 4279/5904/1825 4271/5905/1826
f 4260/5906/2302 4274/5907/1827 4273/5908/2305
f 4257/5909/2301 4275/5910/1829 4274/5907/1827
f 4253/5890/2300 4270/5911/2306 4255/5891/1813
f 4276/5912/1831 4230/5850/2290 4262/5913/1832
f 4263/5898/1819 4276/5912/1831 4265/5899/1820
f 4237/5862/1790 4281/5914/1833 4239/5863/2295
f 4239/5863/2295 4281/5914/1833 4282/5915/1834
f 4281/5914/1833 4237/5862/1790 4283/5916/2307
f 4284/5917/2308 4286/5918/2309 4285/5919/1838
f 4252/5920/1839 4285/5919/1838 4288/5921/1840
f 4288/5921/1840 4285/5919/1838 4255/5922/1813
f 4287/5923/2310 4288/5921/1840 4281/5914/1833
f 4289/5924/1842 4263/5898/1819 4277/5925/1843
f 4261/5926/1818 4290/5927/1844 4289/5924/1842
f 4276/5912/1831 4263/5898/1819 4290/5927/1844
f 4266/5873/1798 4241/5872/1797 4290/5927/1844
f 4277/5925/1843 4291/5928/1845 4289/5924/1842
f 4260/802/2302 4212/5929/2292 4266/5930/1798
f 4272/5903/1824 4293/5931/1846 4292/5932/1847
f 4271/5905/1826 4243/5878/1802 4273/5933/2305
f 4271/5905/1826 4273/5933/2305 4294/5934/1848
f 4271/5905/1826 4294/5934/1848 4293/5931/1846
f 4293/5935/1846 4294/5936/1848 4274/5907/1827
f 4300/5937/1849 4220/5841/1772 4282/5938/1834
f 4264/5900/1821 4254/5889/1811 4267/5901/2303
f 4264/5900/1821 4265/5899/1820 4253/5890/2300
f 4265/5899/1820 4262/5913/1832 4269/5939/1850
f 4300/5940/1849 4299/5941/1851 4507/5942/2311
f 4301/5943/1853 4280/5944/1854 4325/5945/1855
f 4302/5946/1856 4301/5943/1853 4325/5945/1855
f 4325/5945/1855 4279/5904/1825 4272/5903/1824
f 4303/5947/1857 4302/5946/1856 4325/5945/1855
f 4304/5948/1858 4303/5947/1857 4325/5945/1855
f 4315/5949/1859 4277/5925/1843 4278/5950/1860
f 4318/5951/1861 4319/5952/1862 4314/5953/1863
f 4320/5954/1864 4309/5955/1865 4321/5956/2312
f 4318/5957/1861 4324/5958/2313 4275/5910/1829
f 4318/5959/1861 4311/5960/1868 4326/5961/1869
f 4311/5960/1868 4327/5962/1870 4326/5961/1869
f 4316/5963/1871 4315/5949/1859 4328/5964/2314
f 4329/5965/1873 4316/5963/1871 4317/5966/2315
f 4346/5967/1875 4325/5945/1855 4331/5968/1876
f 4311/5960/1868 4312/5969/1877 4327/5962/1870
f 4286/5970/2309 4333/5971/2316 4268/5902/2304
f 4333/5972/2316 4286/5973/2309 4306/5974/2317
f 4306/5975/2317 4286/5918/2309 4284/5917/2308
f 4307/5976/1880 4334/5977/1881 4336/5978/2318
f 4337/5979/1883 4307/5976/1880 4335/5980/1884
f 4338/5981/1885 4310/5982/1886 4323/5983/1887
f 4306/5975/2317 4337/5984/1883 4338/5985/1885
f 4306/5975/2317 4338/5985/1885 4323/5986/1887
f 4339/5987/1888 4316/5963/1871 4329/5965/1873
f 4314/5953/1863 4319/5952/1862 4291/5928/1845
f 4291/5928/1845 4315/5949/1859 4316/5963/1871
f 4319/5952/1862 4259/5894/1816 4291/5928/1845
f 4291/5928/1845 4277/5925/1843 4315/5949/1859
f 4329/5965/1873 4391/5988/2319 4339/5987/1888
f 4339/5987/1888 4391/5988/2319 4313/5989/1890
f 4318/5951/1861 4258/5892/1814 4259/5894/1816
f 4340/5990/1891 4327/5962/1870 4332/5991/1892
f 4324/5958/2313 4341/5992/1893 4292/5993/1847
f 4341/5994/1893 4325/5945/1855 4272/5903/1824
f 4292/5993/1847 4275/5910/1829 4324/5958/2313
f 4341/5992/1893 4324/5958/2313 4326/5995/1869
f 4331/5968/1876 4325/5945/1855 4340/5996/1891
f 4341/5997/1893 4326/5961/1869 4327/5962/1870
f 4342/5998/2320 4333/5999/2316 4515/6000/2321
f 4330/6001/2322 4309/5955/1865 4320/5954/1864
f 4317/5966/2315 4308/6002/1897 4309/5955/1865
f 4317/5966/2315 4328/5964/2314 4308/6002/1897
f 4330/6001/2322 4355/6003/1898 4356/6004/1899
f 4297/6005/2323 4278/5950/1860 4267/5901/2303
f 4345/6006/1901 4325/5945/1855 4346/5967/1875
f 4345/6006/1901 4304/5948/1858 4325/5945/1855
f 4357/6007/1902 4359/6008/1903 4358/6009/1904
f 4361/6010/2324 4329/5965/1873 4330/6001/2322
f 4364/6011/1906 4363/6012/1907 4365/6013/1908
f 4366/6014/1909 4367/6015/1910 4359/6008/1903
f 4368/6016/2325 4353/6017/2326 4369/6018/2327
f 4353/6017/2326 4354/6019/1914 4369/6018/2327
f 4312/5969/1877 4366/6014/1909 4372/6020/1915
f 4373/6021/1916 4331/5968/1876 4375/6022/1917
f 4360/6023/1918 4376/6024/2328 4372/6020/1915
f 4360/6023/1918 4357/6007/1902 4376/6024/2328
f 4363/6012/1907 4361/6010/2324 4362/6025/1920
f 4364/6011/1906 4365/6013/1908 4378/6026/1921
f 4421/6027/1922 4374/6028/1923 4375/6022/1917
f 4383/6029/2329 4384/6030/2330 4321/6031/2312
f 4383/6029/2329 4334/5977/1881 4350/6032/1926
f 4382/6033/1927 4351/6034/1928 4388/6035/1929
f 4369/6036/2327 4354/6037/1914 4388/6035/1929
f 4386/6038/2331 4388/6035/1929 4351/6034/1928
f 4350/6032/1926 4382/6033/1927 4387/6039/1931
f 4383/6029/2329 4387/6039/1931 4371/6040/1932
f 4359/6041/1903 4390/6042/1933 4389/6043/1934
f 4367/6044/1910 4391/5988/2319 4390/6042/1933
f 4391/5988/2319 4361/6010/2324 4363/6012/1907
f 4391/5988/2319 4329/5965/1873 4361/6010/2324
f 4312/6045/1877 4313/879/1890 4367/6046/1910
f 4375/6022/1917 4393/6047/1935 4392/6048/1936
f 4392/6049/1936 4393/6050/1935 4379/6051/2332
f 4375/6022/1917 4331/5968/1876 4394/6052/2333
f 4394/6053/2333 4372/6020/1915 4376/6024/2328
f 4396/6054/1939 4321/5956/2312 4384/6055/2330
f 4378/6026/1921 4353/6017/2326 4368/6016/2325
f 4378/6026/1921 4365/6013/1908 4353/6017/2326
f 4377/6056/1940 4362/6025/1920 4370/6057/2334
f 4533/6058/1942 4526/6059/1943 4523/6060/2335
f 4378/6026/1921 4404/6061/2336 4405/6062/1946
f 4355/6003/1898 4330/6001/2322 4320/5954/1864
f 4396/6063/1939 4384/6064/2330 4523/6065/2335
f 4397/6066/1947 4380/6067/1948 4421/6027/1922
f 4402/6068/1949 4401/6069/1950 4403/6070/1951
f 4409/6071/1952 4364/6011/1906 4378/6026/1921
f 3938/6072/1953 4406/6073/2337 3957/6074/2338
f 4408/6075/1956 4413/6076/1957 4414/6077/2339
f 4406/6078/2337 4408/6079/1956 4407/6080/1959
f 3966/5546/1540 4402/6068/1949 3950/5519/1519
f 4402/6068/1949 4403/6070/1951 3950/5519/1519
f 4413/6076/1957 4417/6081/1960 4379/6051/2332
f 4409/6071/1952 4410/6082/1961 4420/6083/1962
f 3929/5500/1501 4411/6084/1963 4412/6085/1964
f 4406/6086/2337 3941/5516/1516 4419/6087/1965
f 4408/6075/1956 4419/6087/1965 4417/6081/1960
f 4422/6088/1966 4423/6089/1967 4386/6038/2331
f 4386/6038/2331 4423/6089/1967 4424/6090/1968
f 4416/6091/1969 4424/6090/1968 4423/6089/1967
f 4009/6092/1970 3915/6093/2340 3948/6094/1972
f 4425/6095/1973 4427/6096/1974 4426/6097/1975
f 4426/6097/1975 4427/6096/1974 4403/6098/1951
f 3950/6099/1519 4403/6098/1951 4427/6096/1974
f 4427/6096/1974 4425/6095/1973 4009/6092/1970
f 4428/6100/1976 4426/6097/1975 4423/6089/1967
f 4423/6089/1967 4426/6097/1975 4416/6091/1969
f 4429/6101/1977 4411/6084/1963 3929/5500/1501
f 4414/6102/2339 4358/6103/1904 4389/6043/1934
f 4357/6007/1902 4358/6009/1904 4414/6077/2339
f 3946/5533/1531 4418/5550/1544 4430/6104/1978
f 3960/5532/1530 4430/6105/1978 3941/5516/1516
f 4418/5550/1544 4421/6027/1922 4431/6106/1979
f 4418/5550/1544 4431/6106/1979 4430/6104/1978
f 4430/6105/1978 4431/6107/1979 4419/6087/1965
f 3932/5501/1502 4402/6068/1949 3966/5546/1540
f 4420/6083/1962 4410/6082/1961 4415/6108/1980
f 4404/6061/2336 4378/6026/1921 4368/6016/2325
f 4432/6109/1981 4424/6110/1968 4531/6111/1982
f 3971/5549/1543 4397/6066/1947 4418/5550/1544
f 4397/6066/1947 4421/6027/1922 4418/5550/1544
f 4476/6112/2341 4486/6113/2342 4482/6114/2343
f 4502/6115/2344 4501/6116/1987 4508/6117/2345
f 4505/2515/2346 4516/6118/2347 4513/4323/2348
f 4514/6119/2349 4524/6120/2350 4520/6121/2351
f 4250/6122/1995 3904/5495/1496 4248/6123/1996
f 3962/6124/1534 3950/5519/1519 3951/5518/1518
f 3973/5608/1595 3969/5552/1546 3911/5537/1533
f 4533/6125/1942 4371/6126/1932 4370/6057/2334
f 4373/6021/1916 4381/6127/1997 4331/5968/1876
f 4062/6128/2352 4039/5619/2241 4038/5618/1603
f 4349/6129/2353 4348/6130/2354 4345/6006/1901
f 4246/6131/2001 4222/6132/1795 4221/5883/1805
f 4017/6133/2355 4069/6134/2003 3973/5608/1595
f 4219/5840/2285 4220/5841/1772 4300/5937/1849
f 4535/6135/2004 4349/6129/2353 4397/6066/1947
f 3970/6136/2005 3972/5607/1594 4018/5606/1593
f 4342/6137/2320 4268/5902/2304 4333/5971/2316
f 4348/6130/2354 4544/6138/2006 4345/6006/1901
f 4202/5833/1764 4536/6139/2356 3904/5495/1496
f 4113/6140/2357 4098/5719/1677 4089/5721/1678
f 4537/6141/2009 4299/6142/1851 4282/5938/1834
f 4098/5719/1677 4113/6140/2357 4125/6143/2010
f 4197/5830/1761 3860/5805/1743 4186/5804/1742
f 4036/5615/2238 4037/5617/2240 4114/5718/2268
f 4537/6141/2009 4270/5911/2306 4269/5939/1850
f 4539/6144/2011 4092/5691/1658 4091/5723/2269
f 4278/5950/1860 4297/6005/2323 4298/6145/2012
f 4089/5721/1678 4090/6146/1663 4149/6147/2277
f 4149/6147/2277 4090/6146/1663 4143/6148/2274
f 4160/6149/2358 3874/5777/1720 3859/5448/1458
f 4181/5795/1734 3874/5777/1720 4161/6150/2014
f 4303/5947/1857 4251/6151/2015 4302/5946/1856
f 4540/6152/2016 4416/6153/1969 4415/6108/1980
f 4152/6154/2359 4138/5727/1681 3903/5498/1499
f 3874/5777/1720 4160/6149/2358 4161/6150/2014
f 4328/5964/2314 4278/5950/1860 4298/6145/2012
f 4541/6155/1588 3937/5507/2225 4004/5575/1568
f 3945/5513/1514 3964/5605/2235 3965/6156/2018
f 4197/6157/1761 4186/6158/1742 4491/6159/2360
f 4070/6160/2020 4017/6133/2355 4064/5666/1639
f 4267/5901/2303 4268/5902/2304 4342/6137/2320
f 3902/5492/1493 3883/5744/2213 3899/6161/2021
f 3899/6161/2021 3883/5744/2213 3884/6162/1474
f 3901/6163/2022 3864/6164/1482 3863/5490/1491
f 4542/6165/2023 3940/5526/1524 3939/5544/1538
f 3936/5505/1506 3937/5507/2225 4541/6155/1588
f 4229/5882/1804 4183/5798/1737 4200/6166/2361
f 4069/6134/2003 4018/5606/1593 3973/5608/1595
f 4368/6016/2325 4369/6018/2327 4432/6167/1981
f 4183/5798/1737 4199/5886/2298 4200/6166/2361
f 4344/6168/2025 4323/5983/1887 4322/6169/2026
f 3932/5501/1502 3922/5545/1539 3923/6170/2027
f 4151/6171/2362 4136/6172/1709 4135/5772/2279
f 4152/6154/2359 4153/6173/2029 4138/5727/1681
f 4545/6174/2030 4176/5796/1735 4175/5829/1760
f 4116/5730/1684 4118/5732/1686 4057/5652/2253
f 3999/5570/1564 4025/5662/1636 4543/6175/2031
f 4320/5954/1864 4321/5956/2312 4396/6054/1939
f 4040/5653/1630 4118/5732/1686 4064/5666/1639
f 4432/6167/1981 4369/6018/2327 4424/6176/1968
f 4173/5787/1729 4174/5788/1730 4247/5880/1803
f 4250/6122/1995 4203/5832/1763 3904/5495/1496
f 3911/5537/1533 3912/5547/1541 3946/5533/1531
f 3990/5560/1554 3991/5562/1556 4060/6177/1637
f 4256/5884/1806 4231/5851/1780 4219/5840/2285
f 4060/6177/1637 3991/5562/1556 4050/6178/2248
f 3966/5546/1540 3950/5519/1519 3962/6124/1534
f 3866/5494/1495 3868/6179/2363 3878/5461/1469
f 3856/5443/1453 3847/5491/2221 3848/6180/2364
f 4400/6181/2365 4348/6182/2354 4349/6183/2353
f 4349/759/2353 4535/4629/2004 4399/6184/2366
f 4065/6185/2367 4070/2647/2020 4538/4392/1687
f 4551/6186/2368 4251/766/2015 4303/6187/1857
f 3906/6188/2369 4152/6189/2359 4553/2592/2370
f 4552/6190/2040 4119/6191/2371 4120/6192/2372
f 4153/6173/2029 4552/6190/2040 4120/6192/2372
f 3974/6193/2043 3971/6194/1543 4201/6195/1762
f 4204/6196/2373 4550/6197/2374 4536/6139/2356
f 4152/6198/2359 3909/6199/2375 4153/6200/2029
f 4548/6201/2047 4400/6202/2365 4349/6203/2353
f 3910/4412/2048 3905/6204/2376 4553/6205/2370
f 4249/6206/2377 4203/6207/1763 4250/6208/1995
f 3907/6209/2051 3909/784/2375 3906/791/2369
f 3906/6210/2369 3909/4418/2375 4152/6211/2359
f 4553/6212/2370 3903/5498/1499 3904/5495/1496
f 3852/6213/1462 3853/6214/1461 3851/6215/1450
f 3849/6216/1449 3850/5477/1451 4172/6217/1470
f 3852/6218/1462 3851/6219/1450 3849/6220/1449
f 3859/5448/1458 3845/5439/1448 3860/5805/1743
f 3861/6221/1459 3853/6222/1461 3852/6223/1462
f 3863/5490/1491 3864/6164/1482 3846/5438/1447
f 3857/5445/1455 3873/5456/1465 3874/5777/1720
f 3854/5442/1452 3855/5444/1454 3871/5446/1456
f 3871/5446/1456 3872/5455/1464 3858/5447/1457
f 3861/5457/1459 3869/5458/2212 3865/5765/1710
f 3849/5453/1449 3879/5463/1471 3870/5454/1463
f 3852/5452/1462 3870/5454/1463 3869/5458/2212
f 3841/5469/1477 3882/5465/1473 3881/5756/1705
f 3884/5466/1474 3885/5468/2214 3864/5476/1482
f 3885/5468/2214 3841/5469/1477 3842/5475/2216
f 3886/5800/1739 3887/5802/1741 3843/5470/1478
f 3887/5802/1741 3860/6224/1743 3845/5473/1448
f 3843/5470/1478 3889/5472/1480 3888/6225/2052
f 3890/5471/2215 3846/5474/1447 3889/5472/1480
f 3845/5473/1448 3890/5471/2215 3887/5802/1741
f 3890/5471/2215 3843/5470/1478 3887/5802/1741
f 3888/6225/2052 3889/5472/1480 3842/5475/2216
f 3889/5472/1480 3846/5474/1447 3864/5476/1482
f 3850/5477/1451 3892/5479/2217 3891/5480/1484
f 3892/5479/2217 3851/5478/1450 3853/5481/1461
f 3853/5481/1461 3893/5483/2218 3892/5479/2217
f 3893/5483/2218 3871/5446/1456 3892/5479/2217
f 3875/5488/1490 3895/6226/1489 3894/6227/1759
f 3895/5487/1489 3879/5463/1471 3894/5828/1759
f 3869/5458/2212 3896/6228/1488 3865/5765/1710
f 3880/5464/1472 3896/5486/1488 3878/5461/1469
f 3898/5764/2220 3865/5765/1710 3896/6228/1488
f 3878/5461/1469 3896/5486/1488 3897/5489/2219
f 3896/6228/1488 3869/5458/2212 3897/5484/2219
f 3875/5488/1490 3897/5489/2219 3895/6226/1489
f 3897/5484/2219 3870/5454/1463 3895/5487/1489
f 3873/5456/1465 3859/5448/1458 3874/5777/1720
f 3858/5447/1457 3846/5438/1447 3844/5437/1446
f 3858/5447/1457 3844/5437/1446 3873/5456/1465
f 3872/5455/1464 3863/5490/1491 3846/5438/1447
f 3855/5444/1454 3848/6180/2364 3900/6229/2378
f 4138/5727/1681 3876/5460/1468 3903/5498/1499
f 3904/5495/1496 3867/5493/1494 3875/5488/1490
f 4553/6212/2370 3904/5495/1496 3910/6230/2048
f 3911/5537/1533 3913/5553/1547 3912/5547/1541
f 3919/5543/1537 3921/5508/1509 3920/5506/1507
f 3924/6231/1503 3926/6232/2224 3925/6233/1580
f 3927/5503/2223 3928/6234/2054 3926/5504/2224
f 3930/5499/1500 3932/5501/1502 3931/5510/1511
f 3933/5509/1510 3935/5542/1536 3934/5512/1513
f 3938/6072/1953 3928/6234/2054 3927/5503/2223
f 3939/5544/1538 3940/5526/1524 3919/5543/1537
f 3924/6235/1503 3943/5530/1528 3927/6236/2223
f 3933/5509/1510 3931/5510/1511 3935/5542/1536
f 3919/5543/1537 3940/5526/1524 3921/5508/1509
f 3927/5514/2223 3941/5516/1516 3938/6237/1953
f 3927/6236/2223 3943/5530/1528 3942/6238/1515
f 3924/6235/1503 3947/5531/1529 3943/5530/1528
f 3915/6093/2340 3949/6239/1517 3948/6094/1972
f 3949/6239/1517 3950/6099/1519 3948/6094/1972
f 3951/5518/1518 3949/5517/1517 3940/5526/1524
f 3949/6239/1517 3915/6093/2340 3916/6240/2055
f 3921/5520/1509 3952/5522/1521 3937/6241/2225
f 3952/5522/1521 3917/5523/1522 3918/5571/1565
f 3917/5523/1522 3954/5524/1523 3916/6242/2055
f 3953/5525/1520 3940/5526/1524 3954/6243/1523
f 3916/6240/2055 3954/6244/1523 3949/6239/1517
f 3954/6244/1523 3940/6245/1524 3949/6239/1517
f 3926/5504/2224 3955/5527/1525 3925/5591/1580
f 3933/5509/1510 3955/5527/1525 3956/5528/1526
f 3956/5528/1526 3926/5504/2224 3928/6234/2054
f 3957/6074/2338 3956/5528/1526 3928/6234/2054
f 3956/5528/1526 3929/5500/1501 3930/5499/1500
f 3938/6072/1953 3957/6074/2338 3928/6234/2054
f 3911/5537/1533 3959/5538/1527 3958/6246/1585
f 3959/5529/1527 3947/5531/1529 3958/5597/1585
f 3961/6247/1532 3942/6238/1515 3943/5530/1528
f 3946/5533/1531 3961/5535/1532 3911/5537/1533
f 3961/6247/1532 3943/5530/1528 3959/5529/1527
f 3934/5512/1513 3936/5505/1506 3945/5513/1514
f 3935/5542/1536 3920/5506/1507 3934/5512/1513
f 3935/5542/1536 3939/5544/1538 3919/5543/1537
f 3931/5510/1511 3923/6170/2027 3963/6248/2379
f 3963/6248/2379 3939/5544/1538 3931/5510/1511
f 3946/5533/1531 3968/5548/2227 3967/5551/1545
f 3967/5551/1545 3970/6136/2005 4018/5606/1593
f 4418/5550/1544 3946/5533/1531 3967/5551/1545
f 3977/6249/2057 3979/5563/1557 3978/5561/1555
f 3985/5559/1553 3945/5513/1514 3986/5566/1560
f 3981/5554/2228 3982/5556/1550 4035/6250/2231
f 3983/5557/1551 3989/6251/1578 3984/5558/1552
f 3992/5602/1590 3993/5604/1569 3977/6249/2057
f 3983/5557/1551 3947/5531/1529 3924/6235/1503
f 3987/5568/1562 3999/5570/1564 3998/5649/1626
f 3977/6249/2057 3993/5604/1569 3979/5563/1557
f 3987/5568/1562 3997/5567/1561 3988/5569/1563
f 3981/5554/2228 4001/5596/2233 3996/5564/2229
f 3918/5571/1565 4003/5573/1567 3952/5522/1521
f 4003/5573/1567 3937/6241/2225 3952/5522/1521
f 3993/5576/1569 4003/5573/1567 4005/5578/1570
f 3979/5584/1557 4007/5581/1573 3991/5634/1556
f 4005/5578/1570 3979/5584/1557 3993/5576/1569
f 4002/5582/2230 4005/5578/1570 3975/5572/1566
f 4010/5587/1577 3987/5568/1562 3998/5649/1626
f 3984/5585/1552 4010/5587/1577 3982/5590/1550
f 4011/5586/1576 3987/5568/1562 4010/5587/1577
f 3989/5588/1578 4011/5586/1576 3984/5585/1552
f 3925/5591/1580 3955/5527/1525 3989/5588/1578
f 3924/5502/1503 3989/5588/1578 3983/6252/1551
f 4013/5595/1582 4001/5596/2233 4012/5657/2232
f 3911/5537/1533 3958/6246/1585 3994/5598/2234
f 3994/5598/2234 3958/6246/1585 4014/6253/1587
f 3958/5597/1585 3995/5565/1559 4014/5599/1587
f 3994/5598/2234 4014/6253/1587 4013/5593/1582
f 4014/5599/1587 3996/5564/2229 4013/5595/1582
f 3988/5569/1563 3977/6249/2057 3978/5561/1555
f 3997/5567/1561 3977/6249/2057 3988/5569/1563
f 3997/5567/1561 3992/5602/1590 3977/6249/2057
f 4016/4463/1591 4460/6254/1589 4004/6255/1568
f 4017/6133/2355 3973/5608/1595 4000/5592/1581
f 4026/6256/2236 4028/6257/2237 4027/6258/1611
f 4029/6259/1596 4030/6260/1597 4026/6261/2236
f 3998/5649/1626 3999/5570/1564 4031/5659/1633
f 4027/6262/1611 4028/6263/2237 4032/6232/1628
f 4043/5625/1609 4031/5659/1633 4044/5626/1610
f 4033/5622/2243 4046/5624/2244 4045/5646/2252
f 3998/5649/1626 4031/5659/1633 4043/5625/1609
f 4033/5622/2243 4044/5626/1610 4034/5623/1607
f 4029/5621/1596 4041/5655/2254 4001/5596/2233
f 4027/5627/1611 4042/5629/1613 4026/5630/2236
f 4029/5621/1596 4042/5629/1613 4041/5655/2254
f 4049/5632/2247 3991/5634/1556 4007/5581/1573
f 4050/5633/2248 4049/5632/2247 4039/5644/2241
f 4022/5636/2250 4053/5638/1620 4052/5640/1622
f 4053/5638/1620 4037/6264/2240 4052/5640/1622
f 4054/5639/2251 4052/5640/1622 4055/5641/1623
f 4055/5641/1623 4024/5642/2239 4023/5643/2242
f 4024/5642/2239 4052/5640/1622 4037/6264/2240
f 4021/5635/2249 4055/5641/1623 4049/5632/2247
f 4055/5641/1623 4039/5644/2241 4049/5632/2247
f 4035/5589/2231 4056/5645/1624 4030/5648/1597
f 4035/5589/2231 4010/5587/1577 4056/5645/1624
f 4056/5645/1624 3998/5649/1626 4043/5625/1609
f 4045/5646/2252 4108/5650/1627 4056/5645/1624
f 4108/5650/1627 4028/5647/2237 4056/5645/1624
f 3981/6265/2228 4035/6266/2231 4029/6267/1596
f 4057/5652/2253 4047/5654/2245 4058/5713/2266
f 4058/5712/2266 4047/5628/2245 4048/5631/2246
f 4041/5655/2254 4012/5657/2232 4001/5596/2233
f 4012/5594/2232 4040/5653/1630 4000/5592/1581
f 4059/5656/1632 4041/5655/2254 4042/5629/1613
f 4059/5656/1632 4042/5629/1613 4047/5628/2245
f 4044/5626/1610 4038/5618/1603 4023/5620/2242
f 4062/6268/2352 4469/5665/2255 4050/5664/2248
f 4046/5624/2244 4078/5661/1635 4084/5678/1651
f 4062/6128/2352 4050/6178/2248 4039/5619/2241
f 4060/5663/1637 4469/5665/2255 4468/6269/2058
f 4070/6160/2020 4064/5666/1639 4063/6270/2059
f 4017/6133/2355 4000/5592/1581 4064/5666/1639
f 4079/5667/1640 4081/5674/1647 4080/6271/2259
f 4045/5646/2252 4046/5624/2244 4084/5678/1651
f 4080/6272/2259 4081/6273/1647 4134/6274/1671
f 4082/5668/2256 4032/5651/1628 4083/5669/2257
f 4089/5721/1678 4076/5720/1664 4090/6146/1663
f 4091/5723/2269 4092/5691/1658 4075/5722/2264
f 4088/5680/1646 4048/5631/2246 4027/5627/1611
f 4082/6275/2256 4094/5681/2258 4088/5680/1646
f 4079/5682/1640 4095/5684/2260 4094/5686/2258
f 4097/5679/1652 4086/5672/1645 4098/5719/1677
f 4080/5683/2259 4099/5711/2265 4095/5684/2260
f 4053/5688/1620 4101/5690/2261 4037/5617/2240
f 4073/5693/1660 4102/5695/1662 4074/6276/2060
f 4102/5695/1662 4090/5696/1663 4076/5697/1664
f 4074/6276/2060 4105/5698/1665 4104/5699/1666
f 4105/6277/1665 4076/5720/1664 4075/5722/2264
f 4105/5698/1665 4074/6276/2060 4102/5695/1662
f 4106/6278/1667 4075/5722/2264 4092/5691/1658
f 4104/5699/1666 4100/6279/1656 4072/6280/2262
f 4107/5706/1669 4085/5670/1643 4097/5679/1652
f 4096/5677/1650 4107/5706/1669 4108/5650/1627
f 4107/5706/1669 4083/5669/2257 4108/5650/1627
f 4032/5651/1628 4108/5650/1627 4083/5669/2257
f 4108/5650/1627 4045/5646/2252 4096/5677/1650
f 4097/5679/1652 4147/5707/1670 4107/5706/1669
f 4107/5706/1669 4134/5708/1671 4081/5674/1647
f 4093/5675/1648 4110/5716/1672 4109/5766/1711
f 4110/5710/1672 4099/5711/2265 4109/5767/1711
f 4057/5652/2253 4110/5716/1672 4093/5675/1648
f 4110/5710/1672 4094/5686/2258 4095/5684/2260
f 4086/5672/1645 4075/5722/2264 4076/5720/1664
f 4086/5672/1645 4076/5720/1664 4098/5719/1677
f 4087/5671/1644 4091/5723/2269 4075/5722/2264
f 4539/6281/2011 4478/6282/2270 4101/6283/2261
f 4084/5678/1651 4078/5661/1635 4112/6284/2380
f 4138/5727/1681 4067/5729/1683 4093/5675/1648
f 4538/5733/1687 4138/5727/1681 4120/6192/2372
f 3861/5449/1459 4127/6285/1692 3862/5450/1460
f 4131/5752/1701 4133/5751/1700 4132/5753/2273
f 4128/6286/1693 4134/6287/1671 4129/6288/1694
f 4126/6289/1691 4129/6290/1694 4127/2102/1692
f 4135/5772/2279 4136/6172/1709 4122/5735/1689
f 4123/5734/1688 4124/5736/2272 3883/5744/2213
f 4128/5745/1693 4099/5711/2265 4080/5683/2259
f 3854/5442/1452 4132/5753/2273 3856/5443/1453
f 4122/5735/1689 4136/6172/1709 4124/5736/2272
f 4097/5679/1652 4130/5743/1695 4141/5750/1699
f 4126/5748/1691 4139/5747/1697 4128/5745/1693
f 3861/5457/1459 3865/5765/1710 4140/5749/1698
f 4143/5754/2274 4144/5755/2275 4136/5761/1709
f 4144/5755/2275 4073/5693/1660 4121/6291/2381
f 3882/5465/1473 3883/5467/2213 4145/5757/1706
f 4124/5760/2272 4145/5757/1706 3883/5467/2213
f 4142/5758/1707 4146/5759/2276 4121/6291/2381
f 4146/5759/2276 4124/5760/2272 4136/5761/1709
f 4121/6291/2381 4146/5759/2276 4144/5755/2275
f 3893/5483/2218 4131/5752/1701 3854/5442/1452
f 4129/5762/1694 3893/5483/2218 4127/5763/1692
f 4147/5707/1670 4097/5679/1652 4141/5750/1699
f 4080/2441/2259 4134/6292/1671 4128/6293/1693
f 4138/5727/1681 4109/5766/1711 4148/5768/1712
f 4109/5767/1711 4139/5747/1697 4148/6294/1712
f 4138/5727/1681 3898/5485/2220 3880/5464/1472
f 4148/6294/1712 4140/5749/1698 3898/5764/2220
f 4148/6294/1712 4139/5747/1697 4140/5749/1698
f 4132/5753/2273 4122/5735/1689 4123/5734/1688
f 4132/5753/2273 4123/5734/1688 3856/5443/1453
f 4133/5751/1700 4135/5772/2279 4122/5735/1689
f 4151/4506/2362 4485/6295/2278 4143/6296/2274
f 4151/6171/2362 4143/6148/2274 4136/6172/1709
f 4168/5781/1724 4170/5783/2280 4169/5797/1736
f 4172/6217/1470 4165/5785/1728 4164/5784/1727
f 4164/5784/1727 4163/5786/1722 4162/6297/1721
f 4172/6217/1470 3850/5477/1451 4165/5785/1728
f 4175/5829/1760 4176/5796/1735 4157/5774/1717
f 4158/5773/1716 4159/5775/1718 4174/5788/1730
f 4172/5462/1470 4177/5791/2281 3879/5463/1471
f 4164/5789/1727 4177/5791/2281 4172/5462/1470
f 4164/5792/1727 4180/5794/2282 4179/5827/1731
f 4168/5781/1724 4181/5795/1734 4171/5782/1725
f 4169/5797/1736 4183/5798/1737 4182/5819/1754
f 4166/5776/1719 3874/5777/1720 4181/5795/1734
f 4185/5801/1740 3860/6224/1743 3887/5802/1741
f 4176/6298/1735 4185/5801/1740 4187/6299/1751
f 4185/5801/1740 4154/5806/1744 4187/6299/1751
f 4156/5807/1745 4190/5809/1747 4189/5811/1749
f 4190/5809/1747 4174/5859/1730 4189/5811/1749
f 4159/5775/1718 4189/6300/1749 4174/5788/1730
f 4155/5810/1748 4187/5814/1751 4154/6301/1744
f 4187/5815/1751 4159/5775/1718 4176/5796/1735
f 4163/5786/1722 4193/5818/1753 4192/5817/1752
f 4193/5818/1753 4168/5781/1724 4169/5797/1736
f 4165/5785/1728 3891/5480/1484 4193/5818/1753
f 3891/5480/1484 4166/5776/1719 4193/5818/1753
f 3891/5480/1484 3857/5445/1455 4166/5776/1719
f 4192/5817/1752 4167/5871/1723 4163/5786/1722
f 4178/5820/1755 4194/5822/2283 4233/5876/1801
f 4194/5823/2283 4180/5794/2282 4184/5799/1738
f 4177/5791/2281 4195/6302/1758 3894/5828/1759
f 4195/5825/1758 3875/5488/1490 3894/6227/1759
f 3875/5488/1490 4195/5825/1758 4178/5820/1755
f 4195/6302/1758 4177/5791/2281 4179/5790/1731
f 4170/5783/2280 4173/5787/1729 4183/5798/1737
f 4170/5783/2280 4157/5774/1717 4158/5773/1716
f 4171/5782/1725 4175/5829/1760 4157/5774/1717
f 4545/6303/2030 4491/6304/2360 4186/4595/1742
f 3904/5495/1496 3875/5488/1490 4178/5820/1755
f 4211/6305/2286 4213/6306/1799 4212/6307/2292
f 4211/6308/2286 4214/6309/1774 4213/6310/1799
f 4212/6311/2292 4213/6312/1799 4266/4581/1798
f 4218/906/1773 4214/6313/1774 4211/6314/2286
f 4221/5883/1805 4222/6132/1795 4208/5835/1766
f 4209/5834/1765 4210/5836/2284 4220/5841/1772
f 4223/5888/1810 4224/5855/2291 4117/5854/1783
f 4228/5852/1781 4229/5882/1804 4217/5838/1769
f 4215/5837/1768 4216/5839/1770 4230/5850/2290
f 4208/5835/1766 4222/6132/1795 4210/5836/2284
f 4228/5852/1781 4183/5798/1737 4229/5882/1804
f 4228/5852/1781 4217/5838/1769 4215/5837/1768
f 4232/5853/1782 4224/5855/2291 4271/5905/1826
f 4218/5845/1773 4225/5847/2287 4184/5799/1738
f 4212/5856/2292 4227/5848/2288 4211/5846/2286
f 4211/5846/2286 4226/5849/2289 4225/5847/2287
f 4233/5876/1801 4224/5855/2291 4223/5888/1810
f 4235/5858/2294 4236/5860/1788 4222/5868/1795
f 4236/5860/1788 4188/5808/1746 4205/5864/1792
f 4207/5861/1789 4239/5863/2295 4238/6315/2382
f 4239/5863/2295 4220/6316/1772 4238/6315/2382
f 4206/5865/2296 4238/6315/2382 4240/5866/1794
f 4238/6315/2382 4210/5867/2284 4240/5866/1794
f 4210/5867/2284 4238/6315/2382 4220/6316/1772
f 4238/6315/2382 4206/5865/2296 4207/5861/1789
f 4205/5864/1792 4240/5866/1794 4236/5860/1788
f 4240/5866/1794 4222/5868/1795 4236/5860/1788
f 4241/5872/1797 4215/5837/1768 4230/5850/2290
f 4213/5874/1799 4242/5869/1796 4241/5872/1797
f 4242/5869/1796 4215/5837/1768 4241/5872/1797
f 4242/5869/1796 4213/5874/1799 4214/5870/1774
f 4167/5871/1723 4192/5817/1752 4242/5869/1796
f 4192/5817/1752 4182/5819/1754 4242/5869/1796
f 4162/6317/1721 4167/6318/1723 4218/6319/1773
f 4224/5855/2291 4243/5878/1802 4271/5905/1826
f 4243/5879/1802 4227/5848/2288 4234/5857/2293
f 4233/5876/1801 4244/5877/2297 4224/5855/2291
f 4216/5839/1770 4219/5840/2285 4231/5851/1780
f 4216/5839/1770 4208/5835/1766 4209/5834/1765
f 4217/5838/1769 4221/5883/1805 4208/5835/1766
f 4246/6320/2001 4500/4532/2299 4235/6321/2294
f 4231/5851/1780 4295/5885/1807 4262/5913/1832
f 4246/6131/2001 4235/5881/2294 4222/6132/1795
f 3904/5495/1496 4178/5820/1755 4223/5888/1810
f 3904/5495/1496 4223/5888/1810 4248/6123/1996
f 4250/6122/1995 4248/6123/1996 4251/6151/2015
f 4230/5850/2290 4231/5851/1780 4262/5913/1832
f 4260/6322/2302 4266/6323/1798 4261/6324/1818
f 4257/6325/2301 4261/6326/1818 4259/6327/1816
f 4269/5939/1850 4270/5911/2306 4253/5890/2300
f 4260/5906/2302 4234/5857/2293 4212/5856/2292
f 4276/5912/1831 4262/5913/1832 4265/5899/1820
f 4263/5898/1819 4264/5900/1821 4277/5925/1843
f 4277/5925/1843 4264/5900/1821 4278/5950/1860
f 4260/5906/2302 4273/5908/2305 4234/5857/2293
f 4258/6328/1814 4275/5910/1829 4257/5909/2301
f 4257/5909/2301 4274/5907/1827 4260/5906/2302
f 4239/5863/2295 4282/5915/1834 4220/6316/1772
f 4282/5915/1834 4281/5914/1833 4270/6329/2306
f 4284/5917/2308 4285/5919/1838 4252/5920/1839
f 4286/5918/2309 4268/6330/2304 4285/5919/1838
f 4252/5920/1839 4288/5921/1840 4287/5923/2310
f 4255/5922/1813 4285/5919/1838 4268/6330/2304
f 4288/5921/1840 4255/5922/1813 4270/6329/2306
f 4287/5923/2310 4281/5914/1833 4283/5916/2307
f 4288/5921/1840 4270/6329/2306 4281/5914/1833
f 4261/5926/1818 4289/5924/1842 4259/5894/1816
f 4290/5927/1844 4263/5898/1819 4289/5924/1842
f 4266/5873/1798 4290/5927/1844 4261/5926/1818
f 4290/5927/1844 4230/5850/2290 4276/5912/1831
f 4241/5872/1797 4230/5850/2290 4290/5927/1844
f 4291/5928/1845 4259/5894/1816 4289/5924/1842
f 4293/5935/1846 4275/5910/1829 4292/5993/1847
f 4243/5879/1802 4234/5857/2293 4273/5908/2305
f 4294/5936/1848 4273/5908/2305 4274/5907/1827
f 4271/5905/1826 4293/5931/1846 4272/5903/1824
f 4293/5935/1846 4274/5907/1827 4275/5910/1829
f 4300/5937/1849 4282/5938/1834 4299/6142/1851
f 4264/5900/1821 4267/5901/2303 4278/5950/1860
f 4264/5900/1821 4253/5890/2300 4254/5889/1811
f 4265/5899/1820 4269/5939/1850 4253/5890/2300
f 4280/5944/1854 4279/5904/1825 4325/5945/1855
f 4308/6002/1897 4310/5982/1886 4309/5955/1865
f 4311/6331/1868 4313/5989/1890 4312/6332/1877
f 4318/5951/1861 4314/5953/1863 4311/6331/1868
f 4311/6331/1868 4314/5953/1863 4313/5989/1890
f 4322/6169/2026 4323/5983/1887 4308/6002/1897
f 4309/5955/1865 4310/5982/1886 4321/5956/2312
f 4318/5957/1861 4275/5910/1829 4258/6328/1814
f 4318/5957/1861 4326/5995/1869 4324/5958/2313
f 4329/5965/1873 4317/5966/2315 4330/6001/2322
f 4308/6002/1897 4323/5983/1887 4310/5982/1886
f 4315/5949/1859 4278/5950/1860 4328/5964/2314
f 4316/5963/1871 4328/5964/2314 4317/5966/2315
f 4312/5969/1877 4332/5991/1892 4327/5962/1870
f 4333/6333/2316 4306/5975/2317 4323/5986/1887
f 4307/5976/1880 4336/5978/2318 4335/5980/1884
f 4336/5978/2318 4321/6031/2312 4335/5980/1884
f 4337/5979/1883 4335/5980/1884 4338/6334/1885
f 4335/5980/1884 4310/6335/1886 4338/6334/1885
f 4310/5982/1886 4335/6336/1884 4321/5956/2312
f 4314/5953/1863 4339/5987/1888 4313/5989/1890
f 4314/5953/1863 4291/5928/1845 4339/5987/1888
f 4291/5928/1845 4316/5963/1871 4339/5987/1888
f 4318/5951/1861 4259/5894/1816 4319/5952/1862
f 4331/5968/1876 4340/5996/1891 4332/6337/1892
f 4341/5994/1893 4272/5903/1824 4292/5932/1847
f 4325/5945/1855 4341/5994/1893 4340/5996/1891
f 4341/5997/1893 4327/5962/1870 4340/5990/1891
f 4317/5966/2315 4309/5955/1865 4330/6001/2322
f 4328/5964/2314 4322/6169/2026 4308/6002/1897
f 4330/6001/2322 4356/6004/1899 4362/6025/1920
f 4344/6338/2025 4515/6339/2321 4333/6340/2316
f 4352/6341/2064 4354/6019/1914 4353/6017/2326
f 4361/6010/2324 4330/6001/2322 4362/6025/1920
f 4366/6014/1909 4359/6008/1903 4360/6023/1918
f 4360/6342/1918 4359/6343/1903 4357/6344/1902
f 4370/6057/2334 4371/6126/1932 4352/6341/2064
f 4312/5969/1877 4372/6020/1915 4332/5991/1892
f 4373/6021/1916 4375/6022/1917 4374/6028/1923
f 4360/6023/1918 4372/6020/1915 4366/6014/1909
f 4363/6012/1907 4362/6025/1920 4377/6056/1940
f 4352/6341/2064 4371/6126/1932 4354/6019/1914
f 4363/6012/1907 4377/6056/1940 4365/6013/1908
f 4357/6007/1902 4379/6051/2332 4376/6024/2328
f 4334/5977/1881 4383/6029/2329 4336/5978/2318
f 4383/6029/2329 4321/6031/2312 4336/5978/2318
f 4384/6055/2330 4383/6345/2329 4371/6126/1932
f 4385/6346/2383 4386/6038/2331 4351/6034/1928
f 4382/6033/1927 4388/6035/1929 4387/6039/1931
f 4388/6035/1929 4354/6037/1914 4387/6039/1931
f 4369/6036/2327 4388/6035/1929 4386/6038/2331
f 4387/6039/1931 4354/6037/1914 4371/6040/1932
f 4350/6032/1926 4387/6039/1931 4383/6029/2329
f 4359/6041/1903 4389/6043/1934 4358/6103/1904
f 4390/6042/1933 4364/6011/1906 4389/6043/1934
f 4390/6042/1933 4363/6012/1907 4364/6011/1906
f 4367/6044/1910 4390/6042/1933 4359/6041/1903
f 4391/5988/2319 4363/6012/1907 4390/6042/1933
f 4313/5989/1890 4391/5988/2319 4367/6044/1910
f 4312/6347/1877 4367/6348/1910 4366/6349/1909
f 4375/6022/1917 4392/6048/1936 4421/6027/1922
f 4372/6020/1915 4394/6053/2333 4332/5991/1892
f 4394/6052/2333 4331/5968/1876 4332/6337/1892
f 4375/6022/1917 4394/6052/2333 4393/6047/1935
f 4394/6053/2333 4376/6024/2328 4393/6050/1935
f 4393/6050/1935 4376/6024/2328 4379/6051/2332
f 4395/6350/2384 4370/6057/2334 4362/6025/1920
f 4365/6013/1908 4352/6341/2064 4353/6017/2326
f 4377/6056/1940 4352/6341/2064 4365/6013/1908
f 4377/6056/1940 4370/6057/2334 4352/6341/2064
f 4533/6058/1942 4523/6060/2335 4384/6351/2330
f 4378/6026/1921 4405/6062/1946 4410/6082/1961
f 4396/6063/1939 4523/6065/2335 4522/6352/2385
f 4349/6129/2353 4398/6353/2068 4397/6066/1947
f 4380/6067/1948 4374/6028/1923 4421/6027/1922
f 4406/6354/2337 4407/6355/1959 3957/5613/2338
f 4409/6071/1952 4378/6026/1921 4410/6082/1961
f 4408/6075/1956 4414/6077/2339 4407/6356/1959
f 4415/6108/1980 4416/6153/1969 4401/6069/1950
f 4413/6076/1957 4379/6051/2332 4357/6007/1902
f 4408/6075/1956 4417/6081/1960 4413/6076/1957
f 4406/6086/2337 4419/6087/1965 4408/6075/1956
f 4409/6071/1952 4420/6083/1962 4411/6084/1963
f 3929/5500/1501 4412/6085/1964 3932/5501/1502
f 4401/6069/1950 4416/6153/1969 4403/6070/1951
f 4411/6084/1963 4420/6083/1962 4412/6085/1964
f 3938/6237/1953 3941/5516/1516 4406/6086/2337
f 4422/6088/1966 4386/6038/2331 4385/6346/2383
f 4386/6038/2331 4424/6090/1968 4369/6036/2327
f 3950/6099/1519 4427/6096/1974 3948/6094/1972
f 4427/6096/1974 4009/6092/1970 3948/6094/1972
f 4425/6095/1973 4426/6097/1975 4428/6100/1976
f 4426/6097/1975 4403/6098/1951 4416/6091/1969
f 4428/6100/1976 4423/6089/1967 4422/6088/1966
f 4407/6357/1959 4429/6101/1977 3957/6074/2338
f 4411/6084/1963 4429/6101/1977 4389/6043/1934
f 4429/6101/1977 4407/6357/1959 4389/6043/1934
f 4414/6102/2339 4389/6043/1934 4407/6357/1959
f 4389/6043/1934 4409/6071/1952 4411/6084/1963
f 4389/6043/1934 4364/6011/1906 4409/6071/1952
f 3929/5500/1501 3956/5528/1526 4429/6101/1977
f 3956/5528/1526 3957/6074/2338 4429/6101/1977
f 4357/6007/1902 4414/6077/2339 4413/6076/1957
f 3946/5533/1531 4430/6104/1978 3960/5534/1530
f 4417/6081/1960 4431/6107/1979 4392/6049/1936
f 4431/6106/1979 4421/6027/1922 4392/6048/1936
f 4431/6107/1979 4417/6081/1960 4419/6087/1965
f 4392/6049/1936 4379/6051/2332 4417/6081/1960
f 4430/6105/1978 4419/6087/1965 3941/5516/1516
f 4412/6085/1964 4401/6069/1950 4402/6068/1949
f 4420/6083/1962 4401/6069/1950 4412/6085/1964
f 4412/6085/1964 4402/6068/1949 3932/5501/1502
f 4420/6083/1962 4415/6108/1980 4401/6069/1950
f 4540/6358/2016 4531/6111/1982 4424/6110/1968
f 4410/6082/1961 4405/6062/1946 4433/6359/2386
f 4432/6109/1981 4531/6111/1982 4529/6360/2387
f 3971/5549/1543 3967/5551/1545 4201/5831/1762
f 4465/2753/2071 4464/6361/2388 4470/6362/2389
f 4464/6361/2388 4466/6363/2074 4470/6362/2389
f 4481/6364/2390 4482/6114/2343 4486/6113/2342
f 4489/6365/2076 4484/6366/2077 4492/6367/2078
f 4484/6366/2077 4483/6368/2391 4492/6367/2078
f 4501/6116/1987 4503/6369/2392 4508/6117/2345
f 4511/4582/2393 4513/959/2348 4516/6370/2347
f 4518/6371/2082 4517/6372/2083 4525/6373/2084
f 4517/6372/2083 4519/6374/2085 4525/6373/2084
f 4519/6375/2085 4520/6121/2351 4524/6120/2350
f 4443/6376/2086 4461/6377/2087 4532/6378/2088
f 4461/6377/2087 4527/6379/2394 4532/6378/2088
f 3877/5459/1467 3878/5461/1469 3868/6179/2363
f 4534/6380/2395 4397/6066/1947 3971/5549/1543
f 4346/5967/1875 4331/5968/1876 4381/6127/1997
f 4063/6270/2059 4546/5731/1685 4070/6160/2020
f 4542/6339/2023 4452/6381/2226 3951/6382/1518
f 3910/6230/2048 3904/5495/1496 4536/6139/2356
f 4251/6151/2015 4248/6123/1996 4302/5946/1856
f 4537/6141/2009 4282/5938/1834 4270/5911/2306
f 4098/5719/1677 4125/6143/2010 4130/5743/1695
f 3900/6229/2378 3863/5490/1491 3855/5444/1454
f 4546/5731/1685 4538/5733/1687 4070/6160/2020
f 4535/6135/2004 4397/6066/1947 4534/6380/2395
f 4181/5795/1734 4161/6150/2014 4198/6383/2091
f 4198/6383/2091 4175/5829/1760 4181/5795/1734
f 3901/6163/2022 3884/6162/1474 3864/6164/1482
f 3903/5498/1499 4553/6212/2370 4152/6154/2359
f 3908/5497/1498 3867/5493/1494 3904/5495/1496
f 4328/5964/2314 4298/6145/2012 4343/6384/2092
f 4343/6384/2092 4322/6169/2026 4328/5964/2314
f 4345/6006/1901 4398/6353/2068 4349/6129/2353
f 4130/5743/1695 4125/6143/2010 4150/6385/2396
f 4150/6385/2396 4135/5772/2279 4130/5743/1695
f 4120/6192/2372 4138/5727/1681 4153/6173/2029
f 3945/5513/1514 3965/6156/2018 3986/5566/1560
f 4542/6165/2023 3951/5518/1518 3940/5526/1524
f 3986/5566/1560 3965/6156/2018 4015/6386/2397
f 4015/6386/2397 3992/5602/1590 3986/5566/1560
f 4232/5853/1782 4271/5905/1826 4279/5904/1825
f 4344/6168/2025 4333/5971/2316 4323/5983/1887
f 4545/6174/2030 4186/5804/1742 4176/5796/1735
f 4229/5882/1804 4200/6166/2361 4245/6387/2095
f 4016/5603/1591 4004/5575/1568 3993/5604/1569
f 3932/5501/1502 3923/6170/2027 3931/5510/1511
f 4245/6387/2095 4221/5883/1805 4229/5882/1804
f 4362/6025/1920 4356/6004/1899 4395/6350/2384
f 4533/6125/1942 4384/6055/2330 4371/6126/1932
f 4031/5659/1633 4543/6175/2031 4061/6388/2398
f 4061/6388/2398 4038/5618/1603 4031/5659/1633
f 3999/5570/1564 4543/6175/2031 4031/5659/1633
f 4112/6284/2380 4091/5723/2269 4084/5678/1651
f 4544/6138/2006 4304/5948/1858 4345/6006/1901
f 4296/6389/2097 4269/5939/1850 4262/5913/1832
f 4433/6359/2386 4415/6108/1980 4410/6082/1961
f 4540/6152/2016 4424/6176/1968 4416/6153/1969
f 4539/6144/2011 4101/5690/2261 4092/5691/1658
f 4262/5913/1832 4295/5885/1807 4296/6389/2097
f 4537/6390/2009 4507/5942/2311 4299/5941/1851
f 3866/5494/1495 3878/5461/1469 3875/5488/1490
f 3856/5443/1453 3848/6180/2364 3855/5444/1454
f 4547/6391/2399 4534/6392/2395 3971/984/1543
f 4070/6393/2020 4065/6208/2367 4066/6394/2400
f 4017/991/2355 4019/6395/2401 4069/6396/2003
f 4018/6397/1593 4549/6398/2402 4201/6399/1762
f 4348/997/2354 4347/6400/2403 4544/6401/2006
f 4550/6197/2374 3910/6230/2048 4536/6139/2356
f 4202/6402/1764 4204/6403/2373 4536/6404/2356
f 4017/1002/2355 4070/4617/2020 4071/6405/2404
f 4549/6406/2402 4018/5606/1593 4020/6407/2405
f 4551/6408/2368 4303/6409/1857 4305/6410/2105
f 4349/6203/2353 4399/4409/2366 4548/6201/2047
f 3906/6411/2369 4553/6412/2370 3905/6413/2376
f 4304/6414/1858 4305/6415/2105 4303/6416/1857
f 4071/4607/2404 4070/6393/2020 4066/6394/2400
f 4020/6407/2405 4018/5606/1593 4069/6134/2003
f 4120/6417/2372 4119/6418/2371 4538/2827/1687
f 4348/6419/2354 4400/4634/2365 4347/6420/2403
f 4072/6280/2262 4576/6421/2106 4104/5699/1666
f 3843/5470/1478 4558/6422/2107 3886/5800/1739
f 4155/5810/1748 4581/6423/2108 4156/5807/1745
f 3976/5579/1571 4567/6424/2109 4006/5580/1572
f 4156/5807/1745 4582/6425/2110 4188/5808/1746
f 3917/5523/1522 4563/6426/2111 3918/5571/1565
f 4104/5699/1666 4575/6427/2112 4074/6276/2060
f 4188/5808/1746 4583/6428/2113 4205/5864/1792
f 4425/6095/1973 4568/6429/2114 4009/6092/1970
f 3888/6225/2052 4556/6430/2115 3843/5470/1478
f 4306/5975/2317 4594/6431/2116 4337/5984/1883
f 4283/5916/2307 4590/6432/2117 4287/5923/2310
f 4237/5862/1790 4588/6433/2118 4283/5916/2307
f 4350/6032/1926 4597/6434/2119 4382/6033/1927
f 3841/5469/1477 4555/6435/2406 3842/5475/2216
f 4142/5758/1707 4557/6436/2407 3881/5756/1705
f 4205/5864/1792 4584/6437/2122 4206/5865/2296
f 3881/5756/1705 4554/6438/2123 3841/5469/1477
f 4334/5977/1881 4595/6439/2124 4350/6032/1926
f 4074/6276/2060 4574/6440/2125 4073/5693/1660
f 4428/6100/1976 4600/6441/2126 4425/6095/1973
f 4252/5920/1839 4589/6442/2127 4284/5917/2308
f 4006/5580/1572 4569/6443/2128 4021/5635/2249
f 3975/5572/1566 4566/6444/2129 4002/5582/2230
f 3916/6242/2055 4562/6445/2130 3917/5523/1522
f 3842/5475/2216 4559/6446/2131 3888/6225/2052
f 3915/6093/2340 4561/6447/2132 3916/6240/2055
f 3918/5571/1565 4564/6448/2408 3975/5572/1566
f 4422/6088/1966 4601/6449/2134 4428/6100/1976
f 4207/5861/1789 4586/6450/2135 4237/5862/1790
f 4022/5636/2250 4571/6451/2136 4051/5637/1619
f 4284/5917/2308 4591/6452/2409 4306/5975/2317
f 4287/5923/2310 4587/6453/2137 4252/5920/1839
f 4307/5976/1880 4593/6454/2138 4334/5977/1881
f 4073/5693/1660 4577/6455/2139 4121/6291/2381
f 4382/6033/1927 4596/6456/2140 4351/6034/1928
f 4054/5639/2251 4570/6457/2141 4022/5636/2250
f 4351/6034/1928 4598/6458/2142 4385/6346/2383
f 4051/5637/1619 4573/6459/692 4072/5692/2262
f 4009/6092/1970 4560/6460/2143 3915/6093/2340
f 4385/6346/2383 4599/6461/2144 4422/6088/1966
f 4206/5865/2296 4585/6462/2145 4207/5861/1789
f 4337/5979/1883 4592/6463/2146 4307/5976/1880
f 3886/5800/1739 4579/6464/2147 4154/5806/1744
f 4154/6301/1744 4580/6465/2148 4155/5810/1748
f 4021/5635/2249 4572/6466/2149 4054/5639/2251
f 4002/5582/2230 4565/6467/2150 3976/5579/1571
f 4121/6291/2381 4578/6468/2151 4142/5758/1707
f 4646/6469/763 4690/6470/774 4644/6471/765
f 4639/6472/745 4640/6473/782 4641/6474/744
f 4621/6475/747 4658/6476/795 4623/6477/730
f 4616/6478/769 4667/6479/748 4665/6480/758
f 4634/6481/759 4649/6482/749 4647/6483/760
f 4629/6484/751 4650/6485/737 4631/6486/738
f 4670/6487/752 4613/6488/739 4611/6489/753
f 4655/6490/717 4624/6491/754 4657/6492/755
f 4644/6493/765 4639/6472/745 4637/6494/756
f 4662/6495/764 4621/6475/747 4619/6496/757
f 4618/6497/725 4665/6480/758 4663/6498/726
f 4645/6499/728 4634/6481/759 4647/6483/760
f 4627/6500/762 4652/6501/785 4629/6484/751
f 4610/6502/734 4609/6503/714 4671/6504/712
f 4609/6503/714 4670/6487/752 4611/6489/753
f 4628/6505/736 4655/6490/717 4653/6506/715
f 4646/6507/763 4637/6494/756 4635/6508/719
f 4617/6509/723 4662/6495/764 4619/6496/757
f 4661/6510/724 4618/6497/725 4663/6498/726
f 4638/6511/727 4645/6499/728 4643/6512/729
f 4656/6513/731 4627/6500/762 4625/6514/732
f 4669/6515/733 4610/6502/734 4671/6504/712
f 4630/6516/750 4653/6506/715 4651/6517/735
f 4648/6518/718 4635/6508/719 4633/6519/720
f 4615/6520/721 4664/6521/722 4617/6509/723
f 4659/6522/742 4620/6523/777 4661/6510/724
f 4640/6473/782 4643/6512/729 4641/6474/744
f 4623/6477/730 4656/6513/731 4625/6514/732
f 4667/6479/748 4612/6524/711 4669/6515/733
f 4632/6525/772 4651/6517/735 4649/6482/749
f 4612/6526/711 4673/6527/793 4610/6528/734
f 4650/6485/737 4633/6519/720 4631/6486/738
f 4624/6491/754 4659/6522/742 4657/6492/755
f 4613/6488/739 4666/6529/740 4615/6520/721
f 4648/6530/718 4691/6531/2156 4646/6469/763
f 4683/6532/796 4628/6533/736 4630/6534/750
f 4701/6535/2152 4664/6536/722 4666/6537/740
f 4684/6538/818 4630/6534/750 4632/6539/772
f 4702/6540/779 4666/6537/740 4668/6541/780
f 4614/6542/709 4674/6543/710 4612/6526/711
f 4693/6544/1432 4648/6530/718 4650/6545/737
f 4616/6546/769 4675/6547/2153 4614/6542/709
f 4652/6548/785 4693/6544/1432 4650/6545/737
f 4634/6549/759 4684/6538/818 4632/6539/772
f 4703/6550/788 4668/6541/780 4670/6551/752
f 4686/6552/773 4634/6549/759 4636/6553/767
f 4704/6554/789 4670/6555/752 4672/6556/713
f 4618/6557/725 4676/6558/768 4616/6546/769
f 4654/6559/761 4694/6560/798 4652/6548/785
f 4678/6561/784 4618/6557/725 4620/6562/777
f 4656/6563/731 4695/6564/790 4654/6565/761
f 4687/6566/824 4636/6553/767 4638/6567/727
f 4688/6568/781 4638/6569/727 4640/6570/782
f 4622/6571/741 4678/6561/784 4620/6562/777
f 4697/6572/794 4656/6563/731 4658/6573/795
f 4624/6574/754 4679/6575/2154 4622/6576/741
f 4698/6577/807 4658/6573/795 4660/6578/746
f 4642/6579/743 4688/6568/781 4640/6570/782
f 4690/6470/774 4642/6579/743 4644/6471/765
f 4681/6580/2155 4624/6574/754 4626/6581/716
f 4662/6582/764 4698/6577/807 4660/6578/746
f 4682/6583/792 4626/6581/716 4628/6533/736
f 4664/6536/722 4699/6584/770 4662/6582/764
f 4673/6527/793 4672/6556/713 4610/6528/734
f 4710/6585/831 4677/6586/775 4678/6587/784
f 4692/6588/783 4723/6589/823 4691/6590/2156
f 4711/6591/805 4678/6587/784 4679/6592/2154
f 4725/6593/2410 4692/6588/783 4693/6594/1432
f 4712/6595/808 4679/6592/2154 4680/6596/2157
f 4694/6597/798 4725/6593/2410 4693/6594/1432
f 4681/6598/2155 4712/6595/808 4680/6596/2157
f 4727/6599/801 4694/6597/798 4695/6600/790
f 4714/6601/811 4681/6598/2155 4682/6602/792
f 4728/6603/2159 4695/6600/790 4696/6604/804
f 4683/6605/796 4714/6601/811 4682/6602/792
f 4729/6606/829 4696/6604/804 4697/6607/794
f 4684/6608/818 4715/6609/814 4683/6605/796
f 4730/6610/806 4697/6607/794 4698/6611/807
f 4717/6612/843 4684/6608/818 4685/6613/2158
f 4731/6614/810 4698/6611/807 4699/6615/770
f 4718/6616/821 4685/6613/2158 4686/6617/773
f 4705/6618/848 4704/6619/789 4673/6620/793
f 4732/6621/813 4699/6615/770 4700/6622/778
f 4719/6623/852 4686/6617/773 4687/6624/824
f 4706/6625/825 4673/6620/793 4674/6626/710
f 4701/6627/2152 4732/6621/813 4700/6622/778
f 4688/6628/781 4719/6623/852 4687/6624/824
f 4675/6629/2153 4706/6625/825 4674/6626/710
f 4734/6630/815 4701/6627/2152 4702/6631/779
f 4689/6632/766 4720/6633/827 4688/6628/781
f 4708/6634/857 4675/6629/2153 4676/6635/768
f 4735/6636/819 4702/6631/779 4703/6637/788
f 4690/6638/774 4721/6639/816 4689/6632/766
f 4709/6640/802 4676/6635/768 4677/6586/775
f 4736/6641/2411 4703/6637/788 4704/6619/789
f 4691/6590/2156 4722/6642/820 4690/6638/774
f 4745/6643/836 4712/6595/808 4713/6644/834
f 4759/6645/887 4726/6646/797 4727/6599/801
f 4714/6601/811 4745/6643/836 4713/6644/834
f 4760/6647/860 4727/6599/801 4728/6603/2159
f 4715/6609/814 4746/6648/864 4714/6601/811
f 4729/6606/829 4760/6647/860 4728/6603/2159
f 4716/6649/817 4747/6650/839 4715/6609/814
f 4730/6610/806 4761/6651/828 4729/6606/829
f 4749/6652/847 4716/6649/817 4717/6612/843
f 4763/6653/835 4730/6610/806 4731/6614/810
f 4750/6654/877 4717/6612/843 4718/6616/821
f 4737/6655/853 4736/6641/2411 4705/6618/848
f 4732/6621/813 4763/6653/835 4731/6614/810
f 4751/6656/851 4718/6616/821 4719/6623/852
f 4706/6625/825 4737/6655/853 4705/6618/848
f 4733/6657/838 4764/6658/861 4732/6621/813
f 4752/6659/869 4719/6623/852 4720/6633/827
f 4739/6660/855 4706/6625/825 4707/6661/799
f 4734/6630/815 4765/6662/837 4733/6657/838
f 4721/6639/816 4752/6659/869 4720/6633/827
f 4740/6663/856 4707/6661/799 4708/6634/857
f 4767/6664/872 4734/6630/815 4735/6636/819
f 4722/6642/820 4753/6665/841 4721/6639/816
f 4741/6666/859 4708/6634/857 4709/6640/802
f 4736/6641/2411 4767/6664/872 4735/6636/819
f 4755/6667/846 4722/6642/820 4723/6589/823
f 4742/6668/889 4709/6640/802 4710/6585/831
f 4756/6669/849 4723/6589/823 4724/6670/850
f 4743/6671/830 4710/6585/831 4711/6591/805
f 4757/6672/854 4724/6670/850 4725/6593/2410
f 4744/6673/832 4711/6591/805 4712/6595/808
f 4758/6674/858 4725/6593/2410 4726/6646/797
f 4780/6675/870 4747/6650/839 4748/6676/844
f 4762/6677/833 4793/6678/891 4761/6651/828
f 4781/6679/873 4748/6676/844 4749/6652/847
f 4795/6680/862 4762/6677/833 4763/6653/835
f 4782/6681/876 4749/6652/847 4750/6654/877
f 4769/6682/881 4768/6683/845 4737/6655/853
f 4796/6684/920 4763/6653/835 4764/6658/861
f 4783/6685/879 4750/6654/877 4751/6656/851
f 4738/6686/880 4769/6682/881 4737/6655/853
f 4797/6687/865 4764/6658/861 4765/6662/837
f 4784/6688/904 4751/6656/851 4752/6659/869
f 4739/6660/855 4770/6689/883 4738/6686/880
f 4798/6690/867 4765/6662/837 4766/6691/840
f 4753/6665/841 4784/6688/904 4752/6659/869
f 4740/6663/856 4771/6692/885 4739/6660/855
f 4799/6693/871 4766/6691/840 4767/6664/872
f 4754/6694/842 4785/6695/868 4753/6665/841
f 4741/6666/859 4772/6696/888 4740/6663/856
f 4768/6683/845 4799/6693/871 4767/6664/872
f 4755/6667/846 4786/6697/875 4754/6694/842
f 4774/6698/911 4741/6666/859 4742/6668/889
f 4756/6669/849 4787/6699/878 4755/6667/846
f 4775/6700/892 4742/6668/889 4743/6671/830
f 4757/6672/854 4788/6701/882 4756/6669/849
f 4744/6673/832 4775/6700/892 4743/6671/830
f 4758/6674/858 4789/6702/903 4757/6672/854
f 4777/6703/918 4744/6673/832 4745/6643/836
f 4791/6704/886 4758/6674/858 4759/6645/887
f 4746/6648/864 4777/6703/918 4745/6643/836
f 4792/6705/910 4759/6645/887 4760/6647/860
f 4779/6706/866 4746/6648/864 4747/6650/839
f 4761/6651/828 4792/6705/910 4760/6647/860
f 4815/6707/901 4782/6681/876 4783/6685/879
f 4770/6689/883 4801/6708/902 4769/6682/881
f 4829/6709/922 4796/6684/920 4797/6687/865
f 4816/6710/930 4783/6685/879 4784/6688/904
f 4803/6711/931 4770/6689/883 4771/6692/885
f 4798/6690/867 4829/6709/922 4797/6687/865
f 4785/6695/868 4816/6710/930 4784/6688/904
f 4772/6696/888 4803/6711/931 4771/6692/885
f 4831/6712/894 4798/6690/867 4799/6693/871
f 4786/6697/875 4817/6713/924 4785/6695/868
f 4805/6714/912 4772/6696/888 4773/6715/890
f 4832/6716/897 4799/6693/871 4800/6717/874
f 4787/6699/878 4818/6718/2163 4786/6697/875
f 4774/6698/911 4805/6714/912 4773/6715/890
f 4820/6719/900 4787/6699/878 4788/6701/882
f 4807/6720/914 4774/6698/911 4775/6700/892
f 4821/6721/928 4788/6701/882 4789/6702/903
f 4808/6722/916 4775/6700/892 4776/6723/893
f 4790/6724/884 4821/6721/928 4789/6702/903
f 4777/6703/918 4808/6722/916 4776/6723/893
f 4823/6725/908 4790/6724/884 4791/6704/886
f 4778/6726/863 4809/6727/921 4777/6703/918
f 4824/6728/909 4791/6704/886 4792/6705/910
f 4779/6706/866 4810/6729/2162 4778/6726/863
f 4793/6678/891 4824/6728/909 4792/6705/910
f 4812/6730/925 4779/6706/866 4780/6675/870
f 4794/6731/915 4825/6732/913 4793/6678/891
f 4813/6733/896 4780/6675/870 4781/6679/873
f 4827/6734/943 4794/6731/915 4795/6680/862
f 4814/6735/2168 4781/6679/873 4782/6681/876
f 4801/6708/902 4800/6717/874 4769/6682/881
f 4796/6684/920 4827/6734/943 4795/6680/862
f 4818/6718/2163 4849/6736/950 4817/6713/924
f 4805/6714/912 4836/6737/1215 4804/6738/907
f 4832/6716/897 4863/6739/953 4831/6712/894
f 4851/6740/2412 4818/6718/2163 4819/6741/898
f 4838/6742/1216 4805/6714/912 4806/6743/2165
f 4820/6719/900 4851/6740/2412 4819/6741/898
f 4807/6720/914 4838/6742/1216 4806/6743/2165
f 4853/6744/2167 4820/6719/900 4821/6721/928
f 4808/6722/916 4839/6745/939 4807/6720/914
f 4822/6746/906 4853/6744/2167 4821/6721/928
f 4841/6747/944 4808/6722/916 4809/6727/921
f 4823/6725/908 4854/6748/2413 4822/6746/906
f 4842/6749/2414 4809/6727/921 4810/6729/2162
f 4856/6750/1220 4823/6725/908 4824/6728/909
f 4811/6751/946 4842/6749/2414 4810/6729/2162
f 4857/6752/938 4824/6728/909 4825/6732/913
f 4812/6730/925 4843/1365/951 4811/6751/946
f 4826/6753/917 4857/6752/938 4825/6732/913
f 4845/6754/1217 4812/6730/925 4813/6733/896
f 4827/6734/943 4858/6755/940 4826/6753/917
f 4846/6756/955 4813/6733/896 4814/6735/2168
f 4833/6757/926 4832/6716/897 4801/6708/902
f 4860/6758/2209 4827/6734/943 4828/6759/919
f 4847/6760/956 4814/6735/2168 4815/6707/901
f 4802/6761/2160 4833/6757/926 4801/6708/902
f 4829/6709/922 4860/6758/2209 4828/6759/919
f 4816/6710/930 4847/6760/956 4815/6707/901
f 4803/6711/931 4834/6762/932 4802/6761/2160
f 4862/6763/948 4829/6709/922 4830/6764/2161
f 4849/6736/950 4816/6710/930 4817/6713/924
f 4804/6738/907 4835/6765/934 4803/6711/931
f 4831/6712/894 4862/6763/948 4830/6764/2161
f 4900/6766/1005 4947/6767/1031 4902/6768/1017
f 4895/6769/990 4896/6770/991 4898/6771/992
f 4877/6772/994 4914/6773/980 4916/6774/2172
f 4921/6775/2174 4870/6776/959 4872/3223/2173
f 4903/6777/1011 4888/6778/2415 4890/6779/1012
f 4887/6780/984 4908/6781/2416 4885/6782/999
f 4867/6783/1002 4924/6784/2417 4926/6785/1001
f 4911/6786/1016 4880/6787/1004 4882/6788/964
f 4893/6789/1006 4898/6771/992 4900/6790/1005
f 4875/6791/1008 4916/6774/2172 4918/6792/1007
f 4921/6775/2174 4874/6793/973 4919/6794/1021
f 4901/6795/975 4890/6779/1012 4892/6796/1023
f 4883/6797/1013 4908/6781/2416 4910/6798/1014
f 4865/6799/960 4866/6800/961 4927/6801/962
f 4865/6799/960 4926/6785/1001 4928/6802/1015
f 4909/6803/963 4882/6788/964 4884/6804/2176
f 4893/6789/1006 4902/6805/1017 4891/6806/966
f 4875/6791/1008 4920/6807/2177 4873/6808/1436
f 4919/6794/1021 4876/6809/974 4917/6810/972
f 4901/6795/975 4894/6811/976 4899/6812/977
f 4881/6813/1022 4910/6798/1014 4912/6814/979
f 4925/6815/981 4866/6800/961 4868/6816/957
f 4909/6803/963 4886/6817/983 4907/6818/982
f 4891/6806/966 4904/6819/2179 4889/6820/2178
f 4871/6821/969 4920/6807/2177 4922/6822/971
f 4917/6810/972 4878/6823/989 4915/6824/988
f 4899/6812/977 4896/6770/991 4897/6825/993
f 4879/6826/978 4912/6814/979 4914/6773/980
f 4925/6815/981 4870/6776/959 4923/6827/996
f 4905/6828/2180 4886/6817/983 4888/6778/2415
f 4868/6829/957 4929/6830/1049 4930/6831/1050
f 4889/6820/2178 4906/6832/985 4887/6780/984
f 4913/6833/1003 4878/6823/989 4880/6787/1004
f 4871/6821/969 4924/6784/2417 4869/6834/986
f 4904/6835/2179 4947/6767/1031 4948/6836/1033
f 4886/6837/983 4938/6838/1048 4939/6839/1052
f 4920/6840/2177 4957/6841/1035 4922/6842/971
f 4888/6843/2415 4939/6839/1052 4940/6844/1027
f 4924/6845/2417 4957/6841/1035 4958/6846/1037
f 4868/6829/957 4931/6847/958 4870/6848/959
f 4906/6849/985 4948/6836/1033 4949/6850/1039
f 4872/6851/2173 4931/6847/958 4932/6852/1024
f 4908/6853/2416 4949/6850/1039 4950/6854/1041
f 4888/6843/2415 4941/6855/1028 4890/6856/1012
f 4924/6845/2417 4959/6857/1043 4926/6858/1001
f 4890/6856/1012 4942/6859/1030 4892/6860/1023
f 4926/6861/1001 4960/6862/1044 4928/6863/1015
f 4874/6864/973 4932/6852/1024 4933/6865/1032
f 4910/6866/1014 4950/6854/1041 4951/6867/1045
f 4876/6868/974 4933/6865/1032 4934/6869/1034
f 4910/6870/1014 4952/6871/1047 4912/6872/979
f 4892/6860/1023 4943/6873/1036 4894/6874/976
f 4894/6875/976 4944/6876/1038 4896/6877/991
f 4876/6868/974 4935/6878/1040 4878/6879/989
f 4912/6872/979 4953/6880/1051 4914/6881/980
f 4878/6882/989 4936/6883/1042 4880/6884/1004
f 4916/6885/2172 4953/6880/1051 4954/6886/1025
f 4896/6877/991 4945/6887/1019 4898/6888/992
f 4898/6888/992 4946/6889/1020 4900/6766/1005
f 4880/6884/1004 4937/6890/1046 4882/6891/964
f 4916/6885/2172 4955/6892/1026 4918/6893/1007
f 4882/6891/964 4938/6838/1048 4884/6894/2176
f 4918/6893/1007 4956/6895/1029 4920/6840/2177
f 4928/6863/1015 4929/6830/1049 4866/6896/961
f 4934/6897/1034 4965/6898/1057 4966/6899/1059
f 4948/6900/1033 4979/6901/1077 4980/6902/1080
f 4934/6897/1034 4967/6903/1061 4935/6904/1040
f 4948/6900/1033 4981/6905/1083 4949/6906/1039
f 4935/6904/1040 4968/6907/1063 4936/6908/1042
f 4949/6906/1039 4982/6909/1053 4950/6910/1041
f 4936/6908/1042 4969/6911/1065 4937/6912/1046
f 4950/6910/1041 4983/6913/1056 4951/6914/1045
f 4937/6912/1046 4970/6915/1067 4938/6916/1048
f 4952/6917/1047 4983/6913/1056 4984/6918/1058
f 4938/6916/1048 4971/6919/1069 4939/6920/1052
f 4952/6917/1047 4985/6921/1060 4953/6922/1051
f 4939/6920/1052 4972/6923/1072 4940/6924/1027
f 4954/6925/1025 4985/6921/1060 4986/6926/1062
f 4941/6927/1028 4972/6923/1072 4973/6928/1075
f 4954/6925/1025 4987/6929/1064 4955/6930/1026
f 4942/6931/1030 4973/6928/1075 4974/6932/1078
f 4960/6933/1044 4961/6934/1079 4929/6935/1049
f 4955/6930/1026 4988/6936/1066 4956/6937/1029
f 4943/6938/1036 4974/6932/1078 4975/6939/1081
f 4930/6940/1050 4961/6934/1079 4962/6941/1082
f 4957/6942/1035 4988/6936/1066 4989/6943/1068
f 4944/6944/1038 4975/6939/1081 4976/6945/1084
f 4930/6940/1050 4963/6946/1054 4931/6947/958
f 4958/6948/1037 4989/6943/1068 4990/6949/1070
f 4944/6944/1038 4977/6950/1071 4945/6951/1019
f 4931/6947/958 4964/6952/1055 4932/6953/1024
f 4958/6948/1037 4991/6954/1073 4959/6955/1043
f 4946/6956/1020 4977/6950/1071 4978/6957/1074
f 4932/6953/1024 4965/6898/1057 4933/6958/1032
f 4960/6933/1044 4991/6954/1073 4992/6959/1076
f 4946/6956/1020 4979/6901/1077 4947/6960/1031
f 4968/6907/1063 5001/6961/1092 4969/6911/1065
f 4982/6909/1053 5015/6962/1115 4983/6913/1056
f 4970/6915/1067 5001/6961/1092 5002/6963/1094
f 4983/6913/1056 5016/6964/1085 4984/6918/1058
f 4971/6919/1069 5002/6963/1094 5003/6965/1096
f 4985/6921/1060 5016/6964/1085 5017/6966/1086
f 4971/6919/1069 5004/6967/1099 4972/6923/1072
f 4986/6926/1062 5017/6966/1086 5018/6968/1089
f 4973/6928/1075 5004/6967/1099 5005/6969/1102
f 4986/6926/1062 5019/6970/1091 4987/6929/1064
f 4973/6928/1075 5006/6971/1105 4974/6932/1078
f 4961/6934/1079 5024/6972/1103 4993/6973/1106
f 4987/6929/1064 5020/6974/1093 4988/6936/1066
f 4974/6932/1078 5007/6975/1108 4975/6939/1081
f 4961/6934/1079 4994/6976/1109 4962/6941/1082
f 4989/6943/1068 5020/6974/1093 5021/6977/1095
f 4975/6939/1081 5008/6978/1111 4976/6945/1084
f 4963/6946/1054 4994/6976/1109 4995/6979/1112
f 4990/6949/1070 5021/6977/1095 5022/6980/1097
f 4976/6945/1084 5009/6981/1098 4977/6950/1071
f 4963/6946/1054 4996/6982/1114 4964/6952/1055
f 4991/6954/1073 5022/6980/1097 5023/6983/1100
f 4978/6957/1074 5009/6981/1098 5010/6984/1101
f 4965/6898/1057 4996/6982/1114 4997/6985/1116
f 4992/6959/1076 5023/6983/1100 5024/6972/1103
f 4978/6957/1074 5011/6986/1104 4979/6901/1077
f 4965/6898/1057 4998/6987/1087 4966/6899/1059
f 4979/6901/1077 5012/6988/1107 4980/6902/1080
f 4966/6899/1059 4999/6989/1088 4967/6903/1061
f 4981/6905/1083 5012/6988/1107 5013/6990/1110
f 4968/6907/1063 4999/6989/1088 5000/6991/2184
f 4981/6905/1083 5014/6992/1113 4982/6909/1053
f 5004/6967/1099 5035/6993/1122 5036/6994/1126
f 5018/6968/1089 5049/6995/1145 5050/6996/1147
f 5005/6969/1102 5036/6994/1126 5037/6997/1129
f 5019/6970/1091 5050/6996/1147 5051/6998/1117
f 5005/6969/1102 5038/6999/1132 5006/6971/1105
f 4993/6973/1106 5056/7000/1130 5025/7001/1133
f 5019/6970/1091 5052/7002/1118 5020/6974/1093
f 5006/6971/1105 5039/7003/1135 5007/6975/1108
f 4994/6976/1109 5025/7001/1133 5026/7004/1136
f 5021/6977/1095 5052/7002/1118 5053/7005/1121
f 5007/6975/1108 5040/7006/1124 5008/6978/1111
f 4995/6979/1112 5026/7004/1136 5027/7007/1138
f 5021/6977/1095 5054/7008/1123 5022/6980/1097
f 5009/6981/1098 5040/7006/1124 5041/7009/1125
f 4995/6979/1112 5028/7010/1140 4996/6982/1114
f 5022/6980/1097 5055/7011/1127 5023/6983/1100
f 5010/6984/1101 5041/7009/1125 5042/7012/1128
f 4996/6982/1114 5029/7013/1142 4997/6985/1116
f 5023/6983/1100 5056/7000/1130 5024/6972/1103
f 5011/6986/1104 5042/7012/1128 5043/7014/1131
f 4998/6987/1087 5029/7013/1142 5030/7015/1144
f 5011/6986/1104 5044/7016/1134 5012/6988/1107
f 4998/6987/1087 5031/7017/1146 4999/6989/1088
f 5013/6990/1110 5044/7016/1134 5045/7018/1137
f 5000/6991/2184 5031/7017/1146 5032/7019/1148
f 5014/6992/1113 5045/7018/1137 5046/7020/1139
f 5001/6961/1092 5032/7019/1148 5033/7021/1119
f 5014/6992/1113 5047/7022/1141 5015/6962/1115
f 5002/6963/1094 5033/7021/1119 5034/7023/1120
f 5015/6962/1115 5048/7024/1143 5016/6964/1085
f 5003/6965/1096 5034/7023/1120 5035/6993/1122
f 5017/6966/1086 5048/7024/1143 5049/6995/1145
f 5039/7003/1135 5070/7025/1156 5071/7026/1159
f 5026/7004/1136 5057/7027/1157 5058/7028/1160
f 5052/7002/1118 5085/7029/1178 5053/7005/1121
f 5039/7003/1135 5072/7030/2187 5040/7006/1124
f 5027/7007/1138 5058/7028/1160 5059/7031/1163
f 5053/7005/1121 5086/7032/1149 5054/7008/1123
f 5041/7009/1125 5072/7030/2187 5073/7033/1151
f 5027/7007/1138 5060/7034/1165 5028/7010/1140
f 5054/7008/1123 5087/7035/1150 5055/7011/1127
f 5041/7009/1125 5074/7036/1152 5042/7012/1128
f 5028/7010/1140 5061/7037/1167 5029/7013/1142
f 5055/7011/1127 5088/7038/1440 5056/7000/1130
f 5042/7012/1128 5075/7039/1155 5043/7014/1131
f 5030/7015/1144 5061/7037/1167 5062/7040/1169
f 5043/7014/1131 5076/7041/1158 5044/7016/1134
f 5030/7015/1144 5063/7042/1171 5031/7017/1146
f 5044/7016/1134 5077/7043/1161 5045/7018/1137
f 5032/7019/1148 5063/7042/1171 5064/7044/1442
f 5045/7018/1137 5078/7045/2418 5046/7020/1139
f 5032/7019/1148 5065/7046/1175 5033/7021/1119
f 5046/7020/1139 5079/7047/1166 5047/7022/1141
f 5034/7023/1120 5065/7046/1175 5066/7048/1177
f 5047/7022/1141 5080/7049/1168 5048/7024/1143
f 5034/7023/1120 5067/7050/1179 5035/6993/1122
f 5049/6995/1145 5080/7049/1168 5081/7051/1170
f 5035/6993/1122 5068/7052/1180 5036/6994/1126
f 5050/6996/1147 5081/7051/1170 5082/7053/1172
f 5037/6997/1129 5068/7052/1180 5069/7054/1153
f 5050/6996/1147 5083/7055/1174 5051/6998/1117
f 5038/6999/1132 5069/7054/1153 5070/7025/1156
f 5025/7001/1133 5088/7038/1440 5057/7027/1157
f 5052/7002/1118 5083/7055/1174 5084/7056/1176
f 5074/7036/1152 5105/7057/2189 5106/7058/1208
f 5060/7034/1165 5093/7059/1191 5061/7037/1167
f 5088/7038/1440 5119/7060/1445 5120/7061/2190
f 5075/7039/1155 5106/7058/1208 5107/7062/2191
f 5061/7037/1167 5094/3484/2192 5062/7040/1169
f 5076/7041/1158 5107/7062/2191 5108/7063/2193
f 5062/7040/1169 5095/3482/2194 5063/7042/1171
f 5076/7041/1158 5109/7064/1184 5077/7043/1161
f 5063/7042/1171 5096/7065/2195 5064/7044/1442
f 5077/7043/1161 5110/7066/2196 5078/7045/2418
f 5065/7046/1175 5096/7065/2195 5097/7067/2197
f 5078/7045/2418 5111/7068/1190 5079/7047/1166
f 5066/7048/1177 5097/7067/2197 5098/7069/2198
f 5079/7047/1166 5112/7070/1192 5080/7049/1168
f 5067/7050/1179 5098/7069/2198 5099/7071/1203
f 5081/7051/1170 5112/7070/1192 5113/7072/1194
f 5068/7052/1180 5099/7071/1203 5100/7073/1206
f 5082/7053/1172 5113/7072/1194 5114/7074/2199
f 5068/7052/1180 5101/7075/2200 5069/7054/1153
f 5082/7053/1172 5115/7076/1198 5083/7055/1174
f 5069/7054/1153 5102/5278/1212 5070/7025/1156
f 5088/7038/1440 5089/7077/1443 5057/7027/1157
f 5083/7055/1174 5116/7078/2201 5084/7056/1176
f 5070/7025/1156 5103/5276/2202 5071/7026/1159
f 5058/7028/1160 5089/7077/1443 5090/7079/2203
f 5085/7029/1178 5116/7078/2201 5117/7080/2204
f 5071/7026/1159 5104/7081/2205 5072/7030/2187
f 5059/7031/1163 5090/7079/2203 5091/7082/2206
f 5086/7032/1149 5117/7080/2204 5118/7083/2207
f 5073/7033/1151 5104/7081/2205 5105/7057/2189
f 5060/7034/1165 5091/7082/2206 5092/7084/1189
f 5086/7032/1149 5119/7060/1445 5087/7035/1150
f 4844/7085/952 5099/7086/1203 4843/7087/951
f 4845/7088/1217 5100/7089/1206 4844/7085/952
f 4846/7090/955 5101/7091/2200 4845/7088/1217
f 4847/7092/956 5102/7093/1212 4846/7090/955
f 4847/7094/956 5104/7095/2205 5103/7096/2202
f 4848/7097/929 5105/7098/2189 5104/7095/2205
f 4849/7099/950 5106/7100/1208 5105/7098/2189
f 4851/7101/2412 5106/7100/1208 4850/7102/1218
f 4851/7101/2412 5108/7103/2193 5107/7104/2191
f 4852/7105/1219 5109/7106/1184 5108/7103/2193
f 4853/7107/2167 5110/7108/2196 5109/7106/1184
f 4854/7109/2413 5111/7110/1190 5110/7108/2196
f 4856/7111/1220 5111/7112/1190 4855/7113/935
f 4857/7114/938 5112/7115/1192 4856/7111/1220
f 4858/7116/940 5113/7117/1194 4857/7114/938
f 4859/7118/942 5114/7119/2199 4858/7116/940
f 4860/7120/2209 5115/7121/1198 4859/7118/942
f 4861/7122/945 5116/7123/2201 4860/7120/2209
f 4862/7124/948 5117/7125/2204 4861/7122/945
f 4862/7124/948 5119/5328/1445 5118/7126/2207
f 4864/7127/1214 5119/7128/1445 4863/7129/953
f 4833/7130/926 5120/7131/2190 4864/7127/1214
f 4834/7132/932 5089/7133/1443 4833/7130/926
f 4834/7132/932 5091/7134/2206 5090/7135/2203
f 4835/7136/934 5092/7137/1189 5091/7134/2206
f 4836/7138/1215 5093/7139/1191 5092/7137/1189
f 4837/7140/2210 5094/7141/2192 5093/7139/1191
f 4838/7142/1216 5095/7143/2194 5094/7141/2192
f 4839/7144/939 5096/7145/2195 5095/7146/2194
f 4840/7147/2211 5097/7148/2197 5096/7145/2195
f 4841/7149/944 5098/7150/2198 5097/7148/2197
f 4842/7151/2414 5099/7086/1203 5098/7150/2198
f 4671/7152/712 4865/7153/960 4927/7154/962
f 4671/7152/712 4925/7155/981 4669/7156/733
f 4669/7156/733 4923/7157/996 4667/7158/748
f 4665/7159/758 4923/7157/996 4921/7160/2174
f 4665/7159/758 4919/7161/1021 4663/7162/726
f 4661/7163/724 4919/7161/1021 4917/7164/972
f 4661/7163/724 4915/7165/988 4659/7166/742
f 4659/3600/742 4913/7167/1003 4657/7168/755
f 4655/7169/717 4913/7167/1003 4911/7170/1016
f 4655/7169/717 4909/7171/963 4653/7172/715
f 4653/7172/715 4907/7173/982 4651/7174/735
f 4651/7174/735 4905/7175/2180 4649/7176/749
f 4647/7177/760 4905/7175/2180 4903/7178/1011
f 4647/7177/760 4901/7179/975 4645/7180/728
f 4643/7181/729 4901/7179/975 4899/7182/977
f 4641/7183/744 4899/7184/977 4897/7185/993
f 4639/7186/745 4897/7185/993 4895/7187/990
f 4639/7186/745 4893/7188/1006 4637/7189/756
f 4637/7189/756 4891/7190/966 4635/7191/719
f 4633/7192/720 4891/7190/966 4889/7193/2178
f 4631/7194/738 4889/7193/2178 4887/7195/984
f 4629/7196/751 4887/7195/984 4885/7197/999
f 4627/7198/762 4885/7197/999 4883/7199/1013
f 4627/7200/762 4881/7201/1022 4625/7202/732
f 4623/7203/730 4881/7201/1022 4879/7204/978
f 4623/7203/730 4877/7205/994 4621/7206/747
f 4621/7206/747 4875/7207/1008 4619/7208/757
f 4619/7208/757 4873/7209/1436 4617/7210/723
f 4617/7210/723 4871/7211/969 4615/7212/721
f 4613/7213/739 4871/7211/969 4869/7214/986
f 4611/7215/753 4869/7214/986 4867/7216/1002
f 4611/7217/753 4865/7153/960 4609/7218/714
f 232/866/214 733/7219/699 736/1022/661
f 3/35/33 716/1031/670 718/1023/662
f 315/380/303 740/1066/705 741/1024/663
f 136/149/126 725/1068/707 727/1025/664
f 316/377/300 741/1024/663 742/1026/665
f 77/88/77 722/1046/685 723/1027/666
f 264/270/221 736/1022/661 735/1028/667
f 348/378/301 742/1026/665 743/1029/668
f 585/665/528 760/1042/681 728/1030/669
f 48/809/607 719/1047/686 716/1031/670
f 466/545/434 751/1053/692 754/1032/671
f 443/487/390 748/1034/673 750/1033/672
f 397/433/345 746/1051/690 748/1034/673
f 510/602/481 755/1040/679 757/1035/674
f 1/34/32 714/1039/678 715/1036/675
f 302/329/262 738/1069/708 717/1037/676
f 365/435/347 743/1029/668 744/1038/677
f 41/327/260 717/1037/676 714/1039/678
f 494/547/436 753/1055/694 755/1040/679
f 234/862/615 735/1028/667 734/1041/680
f 588/670/531 761/1050/689 760/1042/681
f 412/491/394 747/1054/693 749/1043/682
f 166/150/127 727/1025/664 729/1044/683
f 135/143/121 724/1049/688 726/1045/684
f 76/825/610 721/7220/687 722/1046/685
f 2/40/36 715/1036/675 719/1047/686
f 75/663/526 720/1061/700 721/1048/687
f 78/142/120 723/1027/666 724/1049/688
f 582/658/521 759/1062/701 761/1050/689
f 367/432/344 745/1063/702 746/1051/690
f 182/207/173 730/1058/697 731/1052/691
f 444/488/391 749/1043/682 751/1053/692
f 447/494/396 750/1033/672 747/1054/693
f 467/546/435 752/1064/703 753/1055/694
f 233/264/215 734/1041/680 737/1056/695
f 542/603/482 757/1035/674 756/1057/696
f 214/210/176 732/1067/706 730/1058/697
f 511/604/483 756/1057/696 758/1059/698
f 211/208/174 731/1052/691 733/1060/699
f 169/662/525 728/1030/669 720/1061/700
f 545/934/620 758/1059/698 759/1062/701
f 366/436/348 744/1038/677 745/1063/702
f 497/549/438 754/7221/671 752/1064/703
f 46/370/294 718/1023/662 739/1065/704
f 314/892/299 739/7222/704 740/1066/705
f 181/206/172 729/1044/683 732/1067/706
f 162/152/129 726/1045/684 725/1068/707
f 281/878/617 737/1056/695 738/1069/708
f 806/1070/709 851/7223/800 850/1071/710
f 799/1073/712 802/1095/734 800/1074/713
f 781/1076/715 820/1097/736 818/1077/716
f 776/1079/718 774/1125/763 827/1080/719
f 807/1082/721 794/1101/740 792/1083/722
f 789/1085/724 812/7224/777 810/1086/725
f 830/1088/727 828/1130/767 773/1089/728
f 815/1091/730 786/7225/795 784/1092/731
f 797/1094/733 804/7226/711 802/1095/734
f 779/1096/735 822/1112/750 820/1097/736
f 778/1098/737 776/1079/718 825/1081/720
f 805/1100/739 796/7227/780 794/1101/740
f 814/1102/741 812/7224/777 789/1085/724
f 770/1104/743 832/7228/782 769/1105/744
f 769/1105/744 832/7228/782 830/1088/727
f 788/1107/746 786/7225/795 815/1091/730
f 806/1109/709 804/7226/711 797/1094/733
f 777/1111/749 824/7229/772 822/1112/750
f 821/1113/751 780/7230/785 778/1098/737
f 798/1114/752 796/7227/780 805/1100/739
f 816/1116/754 814/1102/741 787/1103/742
f 829/1118/756 772/7231/765 770/1104/743
f 811/1119/757 790/1126/764 788/1107/746
f 793/1120/758 808/7232/769 806/1109/709
f 826/1121/759 824/7229/772 777/1111/749
f 782/1123/761 780/7230/785 821/1113/751
f 801/1075/714 800/1074/713 798/1114/752
f 783/1078/717 818/1077/716 816/1116/754
f 774/1125/763 772/7231/765 829/1118/756
f 809/1084/723 792/1083/722 790/1126/764
f 772/1127/765 834/1143/774 833/1128/766
f 810/1086/725 808/7232/769 793/1120/758
f 784/1092/731 782/1123/761 819/1124/762
f 828/1130/767 826/1121/759 775/1122/760
f 852/1131/768 851/7223/800 806/1070/709
f 843/1133/770 842/7233/807 788/1134/746
f 861/1136/771 860/7234/818 824/1137/772
f 792/1139/722 844/1150/778 843/1133/770
f 862/1140/773 861/1136/771 826/1138/759
f 774/1142/763 835/1147/776 834/1143/774
f 853/1144/775 852/1131/768 808/1132/769
f 776/1146/718 836/1158/783 835/1147/776
f 812/1148/777 854/1160/784 853/1144/775
f 794/1149/740 845/7235/812 844/1150/778
f 830/1151/727 863/7236/824 862/1140/773
f 846/1152/779 845/7235/812 794/1149/740
f 864/1154/781 863/7237/824 830/1155/727
f 778/1157/737 837/1162/786 836/1158/783
f 814/1159/741 855/7238/787 854/1160/784
f 780/1161/785 838/7239/798 837/1162/786
f 816/1163/754 856/7240/809 855/1164/787
f 847/1166/788 846/1152/779 796/1153/780
f 848/1168/789 847/7241/788 798/1169/752
f 839/1171/790 838/7239/798 780/1161/785
f 857/1173/791 856/7240/809 816/1163/754
f 784/1175/731 840/7242/804 839/1176/790
f 858/1178/792 857/1173/791 818/1174/716
f 802/1180/734 849/1181/793 848/1168/789
f 804/1072/711 850/1071/710 849/1181/793
f 841/1182/794 840/7242/804 784/1175/731
f 822/1184/750 859/1185/796 858/1178/792
f 788/1134/746 842/7233/807 841/1182/794
f 824/1137/772 860/7234/818 859/1185/796
f 770/1129/743 833/1128/766 864/1154/781
f 870/1186/797 869/1239/826 837/1187/786
f 852/1189/768 884/1270/857 883/1190/799
f 871/1192/801 870/1186/797 838/1188/798
f 885/1194/802 884/1270/857 852/1189/768
f 872/1196/803 871/1192/801 839/1193/790
f 854/1198/784 886/1244/831 885/1194/802
f 841/1199/794 873/1242/829 872/1196/803
f 887/1200/805 886/1244/831 854/1198/784
f 874/1202/806 873/1242/829 841/1199/794
f 888/1204/808 887/1200/805 855/1201/787
f 843/1206/770 875/1209/810 874/1202/806
f 857/1207/791 889/1247/834 888/1204/808
f 844/1208/778 876/1213/813 875/1209/810
f 890/1210/811 889/1247/834 857/1207/791
f 845/1212/812 877/1251/838 876/1213/813
f 891/1214/814 890/1210/811 858/1211/792
f 878/1216/815 877/1251/838 845/1212/812
f 865/1218/816 896/1240/827 864/1219/781
f 892/1221/817 891/1214/814 859/1215/796
f 879/1223/819 878/1216/815 846/1217/779
f 866/1225/820 865/1218/816 833/1220/766
f 861/1227/771 893/1256/843 892/1221/817
f 848/1228/789 880/1233/822 879/1223/819
f 835/1229/776 867/1235/823 866/1225/820
f 894/1230/821 893/1256/843 861/1227/771
f 849/1232/793 881/1261/848 880/1233/822
f 836/1234/783 868/1263/850 867/1235/823
f 863/1236/824 895/1265/852 894/1230/821
f 882/1237/825 881/1261/848 849/1232/793
f 869/1239/826 868/1263/850 836/1234/783
f 896/1240/827 895/1265/852 863/1236/824
f 883/1190/799 882/1237/825 850/1238/710
f 905/1241/828 904/1273/860 872/1196/803
f 919/1243/830 918/1302/889 886/1244/831
f 874/1202/806 906/1246/833 905/1241/828
f 920/1245/832 919/1243/830 887/1200/805
f 875/1209/810 907/1248/835 906/1246/833
f 889/1247/834 921/1249/836 920/1245/832
f 876/1213/813 908/1274/861 907/1248/835
f 890/1210/811 922/1277/864 921/1249/836
f 909/1250/837 908/1274/861 876/1213/813
f 923/1252/839 922/1277/864 890/1210/811
f 910/1253/840 909/1250/837 877/1251/838
f 897/1254/841 928/1282/869 896/1240/827
f 892/1221/817 924/1257/844 923/1252/839
f 879/1223/819 911/1285/872 910/1253/840
f 898/1255/842 897/1254/841 865/1218/816
f 893/1256/843 925/1260/847 924/1257/844
f 912/1258/845 911/1285/872 879/1223/819
f 899/1259/846 898/1255/842 866/1225/820
f 894/1230/821 926/1290/877 925/1260/847
f 881/1261/848 913/1266/853 912/1258/845
f 900/1262/849 899/1259/846 867/1235/823
f 927/1264/851 926/1290/877 894/1230/821
f 882/1237/825 914/1293/880 913/1266/853
f 901/1267/854 900/1262/849 868/1263/850
f 896/1240/827 928/1282/869 927/1264/851
f 915/1268/855 914/1293/880 882/1237/825
f 870/1186/797 902/1271/858 901/1267/854
f 916/1269/856 915/1268/855 883/1190/799
f 871/1192/801 903/1300/887 902/1271/858
f 917/1272/859 916/1269/856 884/1270/857
f 904/1273/860 903/1300/887 871/1192/801
f 886/1244/831 918/1302/889 917/1272/859
f 908/1274/861 940/1333/920 939/1275/862
f 954/1276/863 953/1331/918 921/1249/836
f 941/1278/865 940/1333/920 908/1274/861
f 955/1279/866 954/1276/863 922/1277/864
f 942/1280/867 941/1278/865 909/1250/837
f 929/1281/868 960/1317/904 928/1282/869
f 956/1283/870 955/1279/866 923/1252/839
f 943/1284/871 942/1280/867 910/1253/840
f 898/1255/842 930/1288/875 929/1281/868
f 957/1286/873 956/1283/870 924/1257/844
f 944/1287/874 943/1284/871 911/1285/872
f 899/1259/846 931/1291/878 930/1288/875
f 958/1289/876 957/1286/873 925/1260/847
f 913/1266/853 945/1294/881 944/1287/874
f 900/1262/849 932/1295/882 931/1291/878
f 959/1292/879 958/1289/876 926/1290/877
f 914/1293/880 946/1296/883 945/1294/881
f 901/1267/854 933/1316/903 932/1295/882
f 928/1282/869 960/1317/904 959/1292/879
f 915/1268/855 947/1298/885 946/1296/883
f 934/1297/884 933/1316/903 901/1267/854
f 916/1269/856 948/1301/888 947/1298/885
f 935/1299/886 934/1297/884 902/1271/858
f 917/1272/859 949/1303/890 948/1301/888
f 904/1273/860 936/1323/910 935/1299/886
f 918/1302/889 950/1324/911 949/1303/890
f 937/1304/891 936/1323/910 904/1273/860
f 951/1305/892 950/1324/911 918/1302/889
f 906/1246/833 938/1328/915 937/1304/891
f 952/1306/893 951/1305/892 919/1243/830
f 939/1275/862 938/1328/915 906/1246/833
f 921/1249/836 953/1331/918 952/1306/893
f 975/1307/894 974/1362/949 942/1280/867
f 962/1308/895 961/1337/924 929/1281/868
f 989/1309/896 988/1338/925 956/1283/870
f 976/1310/897 975/1307/894 943/1284/871
f 963/1311/898 962/1308/895 930/1288/875
f 990/1312/899 989/1309/896 957/1286/873
f 945/1294/881 977/1315/902 976/1310/897
f 964/1313/900 963/1311/898 931/1291/878
f 991/1314/901 990/1312/899 958/1289/876
f 946/1296/883 978/1318/905 977/1315/902
f 933/1316/903 965/1341/928 964/1313/900
f 960/1317/904 992/1343/930 991/1314/901
f 947/1298/885 979/1344/931 978/1318/905
f 966/1319/906 965/1341/928 933/1316/903
f 980/1320/907 979/1344/931 947/1298/885
f 967/1321/908 966/1319/906 934/1297/884
f 949/1303/890 981/1325/912 980/1320/907
f 968/1322/909 967/1321/908 935/1299/886
f 950/1324/911 982/1350/937 981/1325/912
f 969/1326/913 968/1322/909 936/1323/910
f 983/1327/914 982/1350/937 950/1324/911
f 938/1328/915 970/1330/917 969/1326/913
f 984/1329/916 983/1327/914 951/1305/892
f 939/1275/862 971/1356/943 970/1330/917
f 953/1331/918 985/1334/921 984/1329/916
f 972/1332/919 971/1356/943 939/1275/862
f 954/1276/863 986/1336/923 985/1334/921
f 973/1335/922 972/1332/919 940/1333/920
f 955/1279/866 987/1359/946 986/1336/923
f 942/1280/867 974/1362/949 973/1335/922
f 961/1337/924 992/1343/930 960/1317/904
f 988/1338/925 987/1359/946 955/1279/866
f 978/1318/905 1010/1345/932 1009/1339/926
f 997/1340/927 996/7243/1219 964/1313/900
f 1024/1342/929 1023/1369/956 991/1314/901
f 979/1344/931 1011/1347/934 1010/1345/932
f 998/1346/933 997/1340/927 965/1341/928
f 980/1320/907 1012/7244/1215 1011/1347/934
f 999/1348/935 998/1346/933 966/1319/906
f 1013/1349/936 1012/7244/1215 980/1320/907
f 968/1322/909 1000/7245/1220 999/1348/935
f 982/1350/937 1014/7246/1216 1013/1349/936
f 1001/1351/938 1000/7245/1220 968/1322/909
f 1015/1352/939 1014/7246/1216 982/1350/937
f 1002/1353/940 1001/1351/938 969/1326/913
f 1016/1354/941 1015/1352/939 983/1327/914
f 1003/1355/942 1002/1353/940 970/1330/917
f 1017/1357/944 1016/1354/941 984/1329/916
f 972/1332/919 1004/7247/1213 1003/1355/942
f 986/1336/923 1018/1360/947 1017/1357/944
f 1005/1358/945 1004/7247/1213 972/1332/919
f 987/1359/946 1019/1364/951 1018/1360/947
f 1006/1361/948 1005/1358/945 973/1335/922
f 993/1363/950 1024/1342/929 992/1343/930
f 988/1338/925 1020/1365/952 1019/1364/951
f 975/1307/894 1007/1366/953 1006/1361/948
f 962/1308/895 994/7248/1218 993/1363/950
f 989/1309/896 1021/7249/1217 1020/1365/952
f 976/1310/897 1008/7250/1214 1007/1366/953
f 995/1367/954 994/7248/1218 962/1308/895
f 1022/1368/955 1021/7249/1217 989/1309/896
f 1009/1339/926 1008/7250/1214 976/1310/897
f 964/1313/900 996/7243/1219 995/1367/954
f 1023/1369/956 1022/1368/955 990/1312/899
f 1060/1370/957 1106/1494/1050 1107/1371/958
f 1057/1373/960 1056/1430/1015 1058/1374/961
f 1037/1376/963 1039/1431/1016 1074/1377/964
f 1083/1379/966 1030/1432/1017 1032/1380/967
f 1063/1382/969 1065/1433/1018 1048/1383/970
f 1045/1385/972 1047/1437/1021 1066/1386/973
f 1029/1388/975 1084/1439/1023 1086/1389/976
f 1071/1391/978 1073/1438/1022 1040/1392/979
f 1055/1375/962 1058/1374/961 1060/1394/957
f 1035/1396/982 1037/1376/963 1076/1378/965
f 1079/1398/984 1081/1381/968 1032/1380/967
f 1061/1400/986 1063/1382/969 1050/1384/971
f 1043/1402/988 1045/1385/972 1068/1387/974
f 1087/1404/990 1025/1407/993 1088/1405/991
f 1027/1390/977 1086/1389/976 1088/1405/991
f 1069/1408/994 1071/1391/978 1042/1393/980
f 1053/1395/981 1060/1394/957 1062/1410/959
f 1035/1396/982 1078/1397/983 1080/1412/997
f 1077/1414/999 1079/1398/984 1034/1399/985
f 1061/1400/986 1052/1401/987 1054/1416/1001
f 1041/1418/1003 1043/1402/988 1070/1403/989
f 1087/1404/990 1026/1406/992 1028/1420/1005
f 1069/1408/994 1044/1409/995 1046/1422/1007
f 1051/1411/996 1062/1410/959 1064/1424/1009
f 1031/1426/1011 1033/1413/998 1080/1412/997
f 1075/1428/1013 1077/1414/999 1036/1415/1000
f 1057/1373/960 1059/1417/1002 1054/1416/1001
f 1039/1431/1016 1041/1418/1003 1072/1419/1004
f 1083/1379/966 1085/1421/1006 1028/1420/1005
f 1065/1433/1018 1067/1423/1008 1046/1422/1007
f 1028/1434/1005 1026/1501/992 1089/1435/1019
f 1049/1425/1010 1064/1424/1009 1066/1386/973
f 1073/1438/1022 1075/1428/1013 1038/1429/1014
f 1029/1388/975 1031/1426/1011 1082/1427/1012
f 1064/1440/1009 1062/1372/959 1107/1371/958
f 1046/1442/1007 1044/1499/995 1098/1443/1025
f 1082/1445/1012 1080/1500/997 1116/1446/1027
f 1046/1442/1007 1099/1444/1026 1100/1448/1029
f 1082/1445/1012 1117/1447/1028 1118/1450/1030
f 1030/1452/1017 1028/1434/1005 1090/1436/1020
f 1064/1440/1009 1108/1441/1024 1109/1454/1032
f 1032/1456/967 1030/1452/1017 1091/1453/1031
f 1066/1455/973 1109/1454/1032 1110/1458/1034
f 1050/1460/971 1048/1449/970 1100/1448/1029
f 1086/1462/976 1084/1451/1023 1118/1450/1030
f 1052/1464/987 1050/1460/971 1101/1461/1035
f 1086/1466/976 1119/7251/1036 1120/1467/1038
f 1034/1469/985 1032/1456/967 1092/1457/1033
f 1070/1471/989 1068/1459/974 1110/1458/1034
f 1036/1473/1000 1034/1469/985 1093/1470/1039
f 1070/1475/989 1111/3288/1040 1112/1476/1042
f 1052/1464/987 1102/1465/1037 1103/1478/1043
f 1054/1480/1001 1103/7252/1043 1104/1481/1044
f 1036/1473/1000 1094/1474/1041 1095/1483/1045
f 1072/1477/1004 1112/1476/1042 1113/1485/1046
f 1038/1487/1014 1095/7253/1045 1096/1488/1047
f 1074/1486/964 1113/1485/1046 1114/1490/1048
f 1056/1482/1015 1104/1481/1044 1105/1492/1049
f 1060/1370/957 1058/1493/961 1105/1492/1049
f 1042/1495/980 1040/1489/979 1096/1488/1047
f 1076/1491/965 1114/1490/1048 1115/1497/1052
f 1044/1499/995 1042/1495/980 1097/1496/1051
f 1078/1498/983 1115/1497/1052 1116/1446/1027
f 1088/1468/991 1120/1467/1038 1089/1435/1019
f 1093/1502/1039 1125/1563/1083 1126/1503/1053
f 1108/1505/1024 1107/1565/958 1139/1506/1054
f 1095/1508/1045 1094/1504/1041 1126/1503/1053
f 1108/1505/1024 1140/1507/1055 1141/1510/1057
f 1096/1512/1047 1095/1508/1045 1127/1509/1056
f 1109/1511/1032 1141/1510/1057 1142/1514/1059
f 1096/1512/1047 1128/1513/1058 1129/1516/1060
f 1110/1515/1034 1142/1514/1059 1143/1518/1061
f 1097/1517/1051 1129/1516/1060 1130/1520/1062
f 1111/1519/1040 1143/1518/1061 1144/1522/1063
f 1098/1521/1025 1130/1520/1062 1131/1524/1064
f 1112/1523/1042 1144/1522/1063 1145/1526/1065
f 1099/1525/1026 1131/1524/1064 1132/1528/1066
f 1113/1527/1046 1145/1526/1065 1146/1530/1067
f 1101/1532/1035 1100/1529/1029 1132/1528/1066
f 1114/1531/1048 1146/1530/1067 1147/1534/1069
f 1102/1536/1037 1101/1532/1035 1133/1533/1068
f 1120/1538/1038 1152/1564/1084 1121/1539/1071
f 1116/1541/1027 1115/1535/1052 1147/1534/1069
f 1102/1536/1037 1134/1537/1070 1135/1543/1073
f 1090/1545/1020 1089/1540/1019 1121/1539/1071
f 1117/1547/1028 1116/1541/1027 1148/1542/1072
f 1103/1544/1043 1135/1543/1073 1136/1549/1076
f 1090/1545/1020 1122/1546/1074 1123/1551/1077
f 1117/1547/1028 1149/1548/1075 1150/1553/1078
f 1105/1555/1049 1104/1550/1044 1136/1549/1076
f 1092/1557/1033 1091/1552/1031 1123/1551/1077
f 1118/1554/1030 1150/1553/1078 1151/1559/1081
f 1106/1561/1050 1105/1555/1049 1137/1556/1079
f 1092/1557/1033 1124/1558/1080 1125/1563/1083
f 1120/1538/1038 1119/1560/1036 1151/1559/1081
f 1107/1565/958 1106/1561/1050 1138/1562/1082
f 1129/1516/1060 1128/1513/1058 1160/1566/1085
f 1143/1518/1061 1142/1514/1059 1174/1568/1087
f 1130/1520/1062 1129/1516/1060 1161/1567/1086
f 1144/1522/1063 1143/1518/1061 1175/1569/1088
f 1130/1520/1062 1162/1570/1089 1163/1572/1091
f 1144/1522/1063 1176/1571/1090 1177/1573/1092
f 1131/1524/1064 1163/1572/1091 1164/1574/1093
f 1146/1530/1067 1145/1526/1065 1177/1573/1092
f 1133/1533/1068 1132/1528/1066 1164/1574/1093
f 1146/1530/1067 1178/1575/1094 1179/1577/1096
f 1133/1533/1068 1165/1576/1095 1166/1578/1097
f 1152/1564/1084 1184/1592/1111 1153/1579/1098
f 1147/1534/1069 1179/1577/1096 1180/1580/1099
f 1134/1537/1070 1166/1578/1097 1167/1581/1100
f 1122/1546/1074 1121/1539/1071 1153/1579/1098
f 1149/1548/1075 1148/1542/1072 1180/1580/1099
f 1135/1543/1073 1167/1581/1100 1168/1584/1103
f 1122/1546/1074 1154/1582/1101 1155/1585/1104
f 1150/1553/1078 1149/1548/1075 1181/1583/1102
f 1137/1556/1079 1136/1549/1076 1168/1584/1103
f 1124/1558/1080 1123/1551/1077 1155/1585/1104
f 1151/1559/1081 1150/1553/1078 1182/1586/1105
f 1138/1562/1082 1137/1556/1079 1169/1587/1106
f 1125/1563/1083 1124/1558/1080 1156/1588/1107
f 1151/1559/1081 1183/1589/1108 1184/1592/1111
f 1139/1506/1054 1138/1562/1082 1170/1590/1109
f 1125/1563/1083 1157/1591/1110 1158/1594/1113
f 1139/1506/1054 1171/1593/1112 1172/1595/1114
f 1126/1503/1053 1158/1594/1113 1159/1596/1115
f 1141/1510/1057 1140/1507/1055 1172/1595/1114
f 1128/1513/1058 1127/1509/1056 1159/1596/1115
f 1141/1510/1057 1173/1597/1116 1174/1568/1087
f 1164/1574/1093 1163/1572/1091 1195/1598/1117
f 1178/1575/1094 1177/1573/1092 1209/1600/1119
f 1165/1576/1095 1164/1574/1093 1196/1599/1118
f 1179/1577/1096 1178/1575/1094 1210/1601/1120
f 1165/1576/1095 1197/1602/1121 1198/1604/1123
f 1153/1579/1098 1184/1592/1111 1216/1605/1124
f 1179/1577/1096 1211/1603/1122 1212/1607/1126
f 1166/1578/1097 1198/1604/1123 1199/1608/1127
f 1154/1582/1101 1153/1579/1098 1185/1606/1125
f 1181/1583/1102 1180/1580/1099 1212/1607/1126
f 1167/1581/1100 1199/1608/1127 1200/1611/1130
f 1155/1585/1104 1154/1582/1101 1186/1609/1128
f 1181/1583/1102 1213/1610/1129 1214/1613/1132
f 1169/1587/1106 1168/1584/1103 1200/1611/1130
f 1155/1585/1104 1187/1612/1131 1188/1615/1134
f 1182/1586/1105 1214/1613/1132 1215/1616/1135
f 1170/1590/1109 1169/1587/1106 1201/1614/1133
f 1157/1591/1110 1156/1588/1107 1188/1615/1134
f 1183/1589/1108 1215/1616/1135 1216/1605/1124
f 1170/1590/1109 1202/1617/1136 1203/1619/1138
f 1158/1594/1113 1157/1591/1110 1189/1618/1137
f 1171/1593/1112 1203/1619/1138 1204/1621/1140
f 1158/1594/1113 1190/1620/1139 1191/1622/1141
f 1173/1597/1116 1172/1595/1114 1204/1621/1140
f 1160/1566/1085 1159/1596/1115 1191/1622/1141
f 1174/1568/1087 1173/1597/1116 1205/1623/1142
f 1161/1567/1086 1160/1566/1085 1192/1624/1143
f 1174/1568/1087 1206/1625/1144 1207/1627/1146
f 1162/1570/1089 1161/1567/1086 1193/1626/1145
f 1175/1569/1088 1207/1627/1146 1208/1629/1148
f 1163/1572/1091 1162/1570/1089 1194/1628/1147
f 1177/1573/1092 1176/1571/1090 1208/1629/1148
f 1199/1608/1127 1198/1604/1123 1230/1630/1149
f 1186/1609/1128 1185/1606/1125 1217/1632/1151
f 1212/1607/1126 1244/1661/1180 1245/1634/1153
f 1199/1608/1127 1231/1631/1150 1232/1635/1154
f 1187/1612/1131 1186/1609/1128 1218/1633/1152
f 1213/1610/1129 1245/1634/1153 1246/1637/1156
f 1201/1614/1133 1200/1611/1130 1232/1635/1154
f 1188/1615/1134 1187/1612/1131 1219/1636/1155
f 1214/1613/1132 1246/1637/1156 1247/1640/1159
f 1202/1617/1136 1201/1614/1133 1233/1638/1157
f 1188/1615/1134 1220/1639/1158 1221/1642/1161
f 1215/1616/1135 1247/1640/1159 1248/1643/1162
f 1202/1617/1136 1234/1641/1160 1235/1644/1163
f 1190/1620/1139 1189/1618/1137 1221/1642/1161
f 1203/1619/1138 1235/1644/1163 1236/1646/1165
f 1190/1620/1139 1222/1645/1164 1223/1647/1166
f 1204/1621/1140 1236/1646/1165 1237/1648/1167
f 1191/1622/1141 1223/1647/1166 1224/1649/1168
f 1206/1625/1144 1205/1623/1142 1237/1648/1167
f 1192/1624/1143 1224/1649/1168 1225/1651/1170
f 1206/1625/1144 1238/1650/1169 1239/1652/1171
f 1193/1626/1145 1225/1651/1170 1226/1653/1172
f 1207/1627/1146 1239/1652/1171 1240/1654/1173
f 1194/1628/1147 1226/1653/1172 1227/1655/1174
f 1209/1600/1119 1208/1629/1148 1240/1654/1173
f 1195/1598/1117 1227/1655/1174 1228/1657/1176
f 1210/1601/1120 1209/1600/1119 1241/1656/1175
f 1196/1599/1118 1228/1657/1176 1229/1659/1178
f 1210/1601/1120 1242/1658/1177 1243/1660/1179
f 1198/1604/1123 1197/1602/1121 1229/1659/1178
f 1185/1606/1125 1216/1605/1124 1248/1643/1162
f 1211/1603/1122 1243/1660/1179 1244/1661/1180
f 1234/1641/1160 1233/1638/1157 1265/1662/1181
f 1221/1642/1161 1220/1639/1158 1252/1664/1183
f 1248/1643/1162 1247/1640/1159 1279/1666/1185
f 1234/1641/1160 1266/1663/1182 1267/1668/1187
f 1221/1642/1161 1253/1665/1184 1254/1669/1188
f 1235/1644/1163 1267/1668/1187 1268/1670/1189
f 1222/1645/1164 1254/1669/1188 1255/1671/1190
f 1237/1648/1167 1236/1646/1165 1268/1670/1189
f 1224/1649/1168 1223/1647/1166 1255/1671/1190
f 1238/1650/1169 1237/1648/1167 1269/1672/1191
f 1224/1649/1168 1256/1673/1192 1257/1675/1194
f 1238/1650/1169 1270/1674/1193 1271/1676/1195
f 1226/1653/1172 1225/1651/1170 1257/1675/1194
f 1240/1654/1173 1239/1652/1171 1271/1676/1195
f 1227/1655/1174 1226/1653/1172 1258/1677/1196
f 1241/1656/1175 1240/1654/1173 1272/1678/1197
f 1227/1655/1174 1259/1679/1198 1260/1681/1200
f 1242/1658/1177 1241/1656/1175 1273/1680/1199
f 1229/1659/1178 1228/1657/1176 1260/1681/1200
f 1243/1660/1179 1242/1658/1177 1274/1682/1201
f 1229/1659/1178 1261/1683/1202 1262/1685/1204
f 1248/1643/1162 1280/1667/1186 1249/1686/1205
f 1244/1661/1180 1243/1660/1179 1275/1684/1203
f 1230/1630/1149 1262/1685/1204 1263/1688/1207
f 1218/1633/1152 1217/1632/1151 1249/1686/1205
f 1245/1634/1153 1244/1661/1180 1276/1687/1206
f 1231/1631/1150 1263/1688/1207 1264/1691/1210
f 1219/1636/1155 1218/1633/1152 1250/1689/1208
f 1245/1634/1153 1277/1690/1209 1278/1693/1212
f 1233/1638/1157 1232/1635/1154 1264/1691/1210
f 1220/1639/1158 1219/1636/1155 1251/1692/1211
f 1247/1640/1159 1246/1637/1156 1278/1693/1212
f 1003/1694/942 1004/1698/1213 1260/1695/1200
f 1005/1697/945 1261/1700/1202 1260/1695/1200
f 1006/1699/948 1262/1702/1204 1261/1700/1202
f 1007/1701/953 1263/7254/1207 1262/1702/1204
f 1008/1703/1214 1264/1707/1210 1263/1704/1207
f 1009/1706/926 1265/1709/1181 1264/1707/1210
f 1009/1706/926 1010/1710/932 1266/1708/1182
f 1010/1710/932 1011/1713/934 1267/1711/1187
f 1012/1712/1215 1268/1715/1189 1267/1711/1187
f 1013/1714/936 1269/1717/1191 1268/1715/1189
f 1014/1716/1216 1270/1719/1193 1269/1717/1191
f 1014/1716/1216 1015/7255/939 1271/1718/1195
f 1016/1720/941 1272/1724/1197 1271/1721/1195
f 1017/1723/944 1273/1726/1199 1272/1724/1197
f 1017/1723/944 1018/1728/947 1274/1725/1201
f 1019/1727/951 1275/1730/1203 1274/1725/1201
f 1020/1729/952 1276/1732/1206 1275/1730/1203
f 1021/1731/1217 1277/1734/1209 1276/1732/1206
f 1022/1733/955 1278/1736/1212 1277/1734/1209
f 1023/1735/956 1279/7256/1185 1278/1736/1212
f 1024/1737/929 1280/1741/1186 1279/1738/1185
f 1024/1737/929 993/1743/950 1249/1740/1205
f 994/1742/1218 1250/1745/1208 1249/1740/1205
f 994/1742/1218 995/1746/954 1251/1744/1211
f 995/1746/954 996/1749/1219 1252/1747/1183
f 997/1748/927 1253/1751/1184 1252/1747/1183
f 998/1750/933 1254/1753/1188 1253/1751/1184
f 998/1750/933 999/7257/935 1255/1752/1190
f 999/1754/935 1000/1758/1220 1256/1755/1192
f 1001/1757/938 1257/1760/1194 1256/1755/1192
f 1002/1759/940 1258/1761/1196 1257/1760/1194
f 1002/1759/940 1003/1694/942 1259/1696/1198
f 769/1762/744 1025/1829/993 1087/1763/990
f 831/1764/745 1087/1763/990 1085/1765/1006
f 829/1766/756 1085/1765/1006 1083/1767/966
f 827/1768/719 1083/1767/966 1081/1769/968
f 823/1771/738 825/1770/720 1081/1769/968
f 823/1771/738 1079/1772/984 1077/1773/999
f 821/1774/751 1077/1773/999 1075/1775/1013
f 819/1777/762 1075/7258/1013 1073/1778/1022
f 815/1780/730 817/1779/732 1073/1778/1022
f 813/1782/747 815/1780/730 1071/1781/978
f 811/1784/757 813/1782/747 1069/1783/994
f 809/1786/723 811/1784/757 1067/1785/1008
f 809/1786/723 1065/1787/1018 1063/1788/969
f 807/1789/721 1063/1788/969 1061/1790/986
f 803/1792/753 805/1791/739 1061/1790/986
f 803/1794/753 1059/7259/1002 1057/1795/960
f 801/1796/714 1057/1795/960 1055/1797/962
f 797/1799/733 799/1798/712 1055/1797/962
f 795/1801/748 797/1799/733 1053/1800/981
f 793/1803/758 795/1801/748 1051/1802/996
f 793/1803/758 1049/1804/1010 1047/1805/1021
f 791/1806/726 1047/1805/1021 1045/1807/972
f 789/1808/724 1045/1807/972 1043/1809/988
f 785/1811/755 787/7260/742 1043/1812/988
f 783/1814/717 785/1811/755 1041/1813/1003
f 783/1814/717 1039/1815/1016 1037/1816/963
f 779/1818/735 781/1817/715 1037/1816/963
f 777/1820/749 779/1818/735 1035/1819/982
f 777/1820/749 1033/1821/998 1031/1822/1011
f 775/1823/760 1031/1822/1011 1029/1824/975
f 773/1825/728 1029/1824/975 1027/1826/977
f 771/1828/729 1027/7261/977 1025/1829/993
f 1512/2686/1272 2013/7262/699 2016/2832/661
f 1283/1864/33 1996/2841/670 1998/2833/662
f 1595/2206/303 2020/2876/705 2021/2834/663
f 1416/1976/126 2005/2878/707 2007/2835/664
f 1596/2203/300 2021/2834/663 2022/2836/665
f 1357/1917/77 2002/2856/685 2003/2837/666
f 1544/2097/221 2016/2832/661 2015/2838/667
f 1628/2204/301 2022/2836/665 2023/2839/668
f 1865/2491/528 2040/2852/681 2008/2840/669
f 1328/2630/607 1999/2857/686 1996/2841/670
f 1746/2370/1331 2031/2863/1429 2034/2842/671
f 1723/2313/390 2028/2844/673 2030/2843/672
f 1677/2259/1304 2026/2861/690 2028/2844/673
f 1790/2427/481 2035/2850/679 2037/2845/674
f 1281/1863/32 1994/2849/678 1995/2846/1426
f 1582/2155/1286 2018/2879/708 1997/2847/1427
f 1645/2261/347 2023/2839/668 2024/2848/677
f 1321/2153/260 1997/2847/1427 1994/2849/678
f 1774/2372/436 2033/2865/694 2035/2850/679
f 1514/2682/615 2015/2838/667 2014/2851/680
f 1868/2496/531 2041/2860/689 2040/2852/681
f 1692/2317/394 2027/2864/693 2029/2853/682
f 1446/1977/127 2007/2835/664 2009/2854/683
f 1415/1970/121 2004/2859/1428 2006/2855/684
f 1356/2646/610 2001/7263/687 2002/2856/685
f 1282/1869/1225 1995/2846/1426 1999/2857/686
f 1355/2489/526 2000/2871/700 2001/2858/687
f 1358/1969/1238 2003/2837/666 2004/2859/1428
f 1862/2484/521 2039/2872/701 2041/2860/689
f 1647/2258/344 2025/2873/702 2026/2861/690
f 1462/2034/1257 2010/2868/697 2011/2862/691
f 1724/2314/1315 2029/2853/682 2031/2863/1429
f 1727/2320/1317 2030/2843/672 2027/2864/693
f 1747/2371/435 2032/2874/703 2033/2865/694
f 1513/2091/215 2014/2851/680 2017/2866/695
f 1822/2428/1346 2037/2845/674 2036/2867/696
f 1494/2037/1259 2012/2877/706 2010/2868/697
f 1791/2429/483 2036/2867/696 2038/2869/698
f 1491/2035/174 2011/2862/691 2013/2870/699
f 1449/2488/525 2008/2840/669 2000/2871/700
f 1825/2749/620 2038/2869/698 2039/2872/701
f 1646/2262/348 2024/2848/677 2025/2873/702
f 1777/2374/438 2034/7264/671 2032/2874/703
f 1326/2196/294 1998/2833/662 2019/2875/704
f 1594/2710/299 2019/7265/704 2020/2876/705
f 1461/2033/172 2009/2854/683 2012/2877/706
f 1442/1979/1239 2006/2855/684 2005/2878/707
f 1561/2697/1401 2017/2866/695 2018/2879/708
f 2086/2880/709 2131/2941/800 2130/2881/710
f 2079/2883/712 2082/2905/734 2080/2884/713
f 2061/2886/715 2100/2907/736 2098/2887/716
f 2105/2889/720 2056/7266/718 2054/2890/763
f 2074/2892/740 2072/1112/722 2089/2893/723
f 2069/2895/724 2092/7267/777 2090/2896/725
f 2051/2898/729 2110/2916/727 2108/2899/767
f 2095/2901/730 2066/7268/795 2064/2902/731
f 2077/2904/733 2084/7269/711 2082/2905/734
f 2059/2906/735 2102/2922/750 2100/2907/736
f 2058/2908/737 2056/7266/718 2105/2889/720
f 2085/2910/739 2076/7270/780 2074/2892/740
f 2094/2911/741 2092/7267/777 2069/2895/724
f 2050/2913/743 2112/7271/782 2049/2914/744
f 2049/2914/744 2112/7271/782 2110/2916/727
f 2068/2917/746 2066/7268/795 2095/2901/730
f 2086/2919/709 2084/7269/711 2077/2904/733
f 2057/2921/749 2104/2932/772 2102/2922/750
f 2101/2923/751 2060/7272/785 2058/2908/737
f 2078/2924/752 2076/7270/780 2085/2910/739
f 2096/2926/754 2094/2911/741 2067/2912/742
f 2109/2928/756 2052/7273/765 2050/2913/743
f 2091/2929/757 2070/7229/764 2068/2917/746
f 2073/2930/758 2088/2938/769 2086/2919/709
f 2055/2931/760 2106/2939/759 2104/2932/772
f 2062/2933/761 2060/7272/785 2101/2923/751
f 2080/2884/713 2078/2924/752 2083/2925/753
f 2063/2888/717 2098/2887/716 2096/2926/754
f 2054/2890/763 2052/7273/765 2109/2928/756
f 2072/1112/722 2070/7229/764 2091/2929/757
f 2052/2935/765 2114/2953/774 2113/2936/766
f 2071/2897/726 2090/2896/725 2088/2938/769
f 2064/2902/731 2062/2933/761 2099/2934/762
f 2053/2900/728 2108/2899/767 2106/2939/759
f 2088/2940/769 2132/7274/768 2131/2941/800
f 2123/2942/1430 2122/2996/807 2068/2943/746
f 2141/2945/771 2140/7275/818 2104/2946/772
f 2124/2948/778 2123/2942/1430 2070/2944/764
f 2142/2950/773 2141/2945/771 2106/2947/759
f 2054/2952/763 2115/2957/776 2114/2953/774
f 2133/2954/1431 2132/7274/768 2088/2940/769
f 2056/2956/718 2116/2968/783 2115/2957/776
f 2092/2958/777 2134/2970/784 2133/2954/1431
f 2074/2959/740 2125/7276/812 2124/2948/778
f 2143/2960/824 2142/2950/773 2108/2951/767
f 2126/2962/779 2125/7276/812 2074/2959/740
f 2144/2964/781 2143/7277/824 2110/2965/727
f 2058/2967/737 2117/2972/1432 2116/2968/783
f 2094/2969/741 2135/7278/787 2134/2970/784
f 2060/2971/785 2118/2982/798 2117/2972/1432
f 2096/2973/754 2136/7279/809 2135/2974/787
f 2127/2976/788 2126/2962/779 2076/2963/780
f 2128/2978/789 2127/7280/788 2078/2979/752
f 2062/2981/761 2119/7237/790 2118/2982/798
f 2137/2983/791 2136/7279/809 2096/2973/754
f 2064/2985/731 2120/7281/804 2119/2986/790
f 2138/2988/792 2137/2983/791 2098/2984/716
f 2129/2990/793 2128/2978/789 2080/2980/713
f 2130/2881/710 2129/2990/793 2082/2991/734
f 2121/2992/794 2120/7281/804 2064/2985/731
f 2139/2994/796 2138/2988/792 2100/2989/736
f 2122/2996/807 2121/2992/794 2066/2993/795
f 2104/2946/772 2140/7275/818 2139/2994/796
f 2113/2936/766 2144/2964/781 2112/2966/782
f 2150/2997/797 2149/3051/826 2117/2998/1432
f 2132/3000/768 2164/3083/857 2163/3001/799
f 2151/3003/801 2150/2997/797 2118/2999/798
f 2165/3005/802 2164/3083/857 2132/3000/768
f 2120/3007/804 2152/3054/803 2151/3003/801
f 2166/3008/831 2165/3005/802 2133/3006/1431
f 2153/3010/829 2152/3054/803 2120/3007/804
f 2167/3012/805 2166/3008/831 2134/3009/784
f 2122/3014/807 2154/3018/806 2153/3010/829
f 2168/3015/808 2167/3012/805 2135/3013/787
f 2123/3017/1430 2155/3021/810 2154/3018/806
f 2137/3019/791 2169/3059/834 2168/3015/808
f 2124/3020/778 2156/3025/813 2155/3021/810
f 2170/3022/811 2169/3059/834 2137/3019/791
f 2125/3024/812 2157/3063/838 2156/3025/813
f 2171/3026/814 2170/3022/811 2138/3023/792
f 2158/3028/815 2157/3063/838 2125/3024/812
f 2145/3030/816 2176/3052/1433 2144/3031/781
f 2172/3033/817 2171/3026/814 2139/3027/796
f 2159/3035/819 2158/3028/815 2126/3029/779
f 2146/3037/820 2145/3030/816 2113/3032/766
f 2141/3039/771 2173/3068/843 2172/3033/817
f 2160/3040/822 2159/3035/819 2127/3036/788
f 2115/3042/776 2147/3048/823 2146/3037/820
f 2174/3043/821 2173/3068/843 2141/3039/771
f 2161/3045/848 2160/3040/822 2128/3041/789
f 2116/3047/783 2148/3074/850 2147/3048/823
f 2143/3049/824 2175/3076/852 2174/3043/821
f 2130/3050/710 2162/3077/825 2161/3045/848
f 2149/3051/826 2148/3074/850 2116/3047/783
f 2176/3052/1433 2175/3076/852 2143/3049/824
f 2163/3001/799 2162/3077/825 2130/3050/710
f 2153/3010/829 2185/3056/828 2184/3053/860
f 2167/3012/805 2199/3116/830 2198/3055/889
f 2154/3018/806 2186/3058/833 2185/3056/828
f 2200/3057/832 2199/3116/830 2167/3012/805
f 2155/3021/810 2187/3086/835 2186/3058/833
f 2169/3059/834 2201/3061/836 2200/3057/832
f 2188/3060/861 2187/3086/835 2155/3021/810
f 2170/3022/811 2202/3088/864 2201/3061/836
f 2189/3062/837 2188/3060/861 2156/3025/813
f 2203/3064/839 2202/3088/864 2170/3022/811
f 2190/3065/840 2189/3062/837 2157/3063/838
f 2177/3066/841 2208/3093/869 2176/3052/1433
f 2172/3033/817 2204/3069/844 2203/3064/839
f 2191/3067/872 2190/3065/840 2158/3028/815
f 2146/3037/820 2178/3096/842 2177/3066/841
f 2173/3068/843 2205/3072/847 2204/3069/844
f 2192/3070/845 2191/3067/872 2159/3035/819
f 2179/3071/846 2178/3096/842 2146/3037/820
f 2174/3043/821 2206/3101/877 2205/3072/847
f 2161/3045/848 2193/3078/853 2192/3070/845
f 2180/3073/849 2179/3071/846 2147/3048/823
f 2207/3075/851 2206/3101/877 2174/3043/821
f 2162/3077/825 2194/3080/880 2193/3078/853
f 2181/3079/854 2180/3073/849 2148/3074/850
f 2176/3052/1433 2208/3093/869 2207/3075/851
f 2163/3001/799 2195/3106/855 2194/3080/880
f 2182/3081/858 2181/3079/854 2149/3051/826
f 2196/3082/856 2195/3106/855 2163/3001/799
f 2151/3003/801 2183/3111/887 2182/3081/858
f 2197/3084/859 2196/3082/856 2164/3083/857
f 2184/3053/860 2183/3111/887 2151/3003/801
f 2166/3008/831 2198/3055/889 2197/3084/859
f 2188/3060/861 2220/3143/920 2219/3085/862
f 2234/3087/863 2233/3141/918 2201/3061/836
f 2221/3089/865 2220/3143/920 2188/3060/861
f 2235/3090/866 2234/3087/863 2202/3088/864
f 2222/3091/867 2221/3089/865 2189/3062/837
f 2209/3092/868 2240/3127/904 2208/3093/869
f 2236/3094/870 2235/3090/866 2203/3064/839
f 2223/3095/871 2222/3091/867 2190/3065/840
f 2178/3096/842 2210/3099/875 2209/3092/868
f 2237/3097/873 2236/3094/870 2204/3069/844
f 2224/3098/874 2223/3095/871 2191/3067/872
f 2179/3071/846 2211/3102/878 2210/3099/875
f 2238/3100/876 2237/3097/873 2205/3072/847
f 2193/3078/853 2225/3104/881 2224/3098/874
f 2180/3073/849 2212/3105/882 2211/3102/878
f 2239/3103/879 2238/3100/876 2206/3101/877
f 2194/3080/880 2226/3107/883 2225/3104/881
f 2181/3079/854 2213/3126/903 2212/3105/882
f 2208/3093/869 2240/3127/904 2239/3103/879
f 2195/3106/855 2227/3109/885 2226/3107/883
f 2214/3108/884 2213/3126/903 2181/3079/854
f 2196/3082/856 2228/3112/888 2227/3109/885
f 2215/3110/886 2214/3108/884 2182/3081/858
f 2197/3084/859 2229/3113/890 2228/3112/888
f 2184/3053/860 2216/3133/910 2215/3110/886
f 2198/3055/889 2230/3134/911 2229/3113/890
f 2217/3114/891 2216/3133/910 2184/3053/860
f 2231/3115/892 2230/3134/911 2198/3055/889
f 2186/3058/833 2218/3139/915 2217/3114/891
f 2232/3117/893 2231/3115/892 2199/3116/830
f 2219/3085/862 2218/3139/915 2186/3058/833
f 2201/3061/836 2233/3141/918 2232/3117/893
f 2255/3118/894 2254/3147/949 2222/3091/867
f 2210/3099/875 2242/3174/895 2241/3119/924
f 2269/3120/896 2268/3171/925 2236/3094/870
f 2256/3121/897 2255/3118/894 2223/3095/871
f 2243/3122/898 2242/3174/895 2210/3099/875
f 2238/3100/876 2270/3179/899 2269/3120/896
f 2225/3104/881 2257/3124/902 2256/3121/897
f 2212/3105/882 2244/3151/900 2243/3122/898
f 2271/3123/901 2270/3179/899 2238/3100/876
f 2226/3107/883 2258/3128/905 2257/3124/902
f 2245/3125/928 2244/3151/900 2212/3105/882
f 2240/3127/904 2272/3152/930 2271/3123/901
f 2227/3109/885 2259/3130/931 2258/3128/905
f 2246/3129/906 2245/3125/928 2213/3126/903
f 2228/3112/888 2260/3132/1434 2259/3130/931
f 2247/3131/908 2246/3129/906 2214/3108/884
f 2229/3113/890 2261/3135/912 2260/3132/1434
f 2216/3133/910 2248/3159/909 2247/3131/908
f 2230/3134/911 2262/3160/937 2261/3135/912
f 2249/3136/913 2248/3159/909 2216/3133/910
f 2263/3137/914 2262/3160/937 2230/3134/911
f 2250/3138/917 2249/3136/913 2217/3114/891
f 2264/3140/916 2263/3137/914 2231/3115/892
f 2219/3085/862 2251/3166/943 2250/3138/917
f 2233/3141/918 2265/3144/921 2264/3140/916
f 2252/3142/919 2251/3166/943 2219/3085/862
f 2234/3087/863 2266/3146/923 2265/3144/921
f 2253/3145/922 2252/3142/919 2220/3143/920
f 2235/3090/866 2267/3148/946 2266/3146/923
f 2254/3147/949 2253/3145/922 2221/3089/865
f 2241/3119/924 2272/3152/930 2240/3127/904
f 2236/3094/870 2268/3171/925 2267/3148/946
f 2258/3128/905 2290/7282/932 2289/3149/926
f 2277/3150/927 2276/7283/1219 2244/3151/900
f 2272/3152/930 2304/7284/929 2303/3153/956
f 2291/3154/934 2290/7282/932 2258/3128/905
f 2278/3155/933 2277/3150/927 2245/3125/928
f 2292/3156/1215 2291/3154/934 2259/3130/931
f 2279/3157/935 2278/3155/933 2246/3129/906
f 2293/3158/936 2292/3156/1215 2260/3132/1434
f 2248/3159/909 2280/7285/1220 2279/3157/935
f 2262/3160/937 2294/3162/1216 2293/3158/936
f 2281/3161/938 2280/7285/1220 2248/3159/909
f 2263/3137/914 2295/7286/939 2294/3162/1216
f 2282/3163/1435 2281/3161/938 2249/3136/913
f 2296/3164/941 2295/7286/939 2263/3137/914
f 2283/3165/942 2282/3163/1435 2250/3138/917
f 2297/3167/944 2296/3164/941 2264/3140/916
f 2252/3142/919 2284/7287/1213 2283/3165/942
f 2298/3168/947 2297/3167/944 2265/3144/921
f 2285/3169/945 2284/7287/1213 2252/3142/919
f 2267/3148/946 2299/3172/951 2298/3168/947
f 2254/3147/949 2286/3173/948 2285/3169/945
f 2273/3170/950 2304/7284/929 2272/3152/930
f 2268/3171/925 2300/3175/952 2299/3172/951
f 2255/3118/894 2287/3176/953 2286/3173/948
f 2242/3174/895 2274/7288/1218 2273/3170/950
f 2269/3120/896 2301/7289/1217 2300/3175/952
f 2256/3121/897 2288/7290/1214 2287/3176/953
f 2275/3177/954 2274/7288/1218 2242/3174/895
f 2302/3178/955 2301/7289/1217 2269/3120/896
f 2289/3149/926 2288/7290/1214 2256/3121/897
f 2244/3151/900 2276/7283/1219 2275/3177/954
f 2271/3123/901 2303/3153/956 2302/3178/955
f 2340/3180/957 2386/3304/1050 2387/3181/958
f 2335/3183/962 2337/3240/960 2336/3184/1015
f 2317/3186/963 2319/3241/1016 2354/3187/964
f 2363/3189/966 2310/3242/1017 2312/3190/967
f 2345/3192/1436 2328/3243/970 2330/3193/971
f 2325/3195/972 2327/3247/1021 2346/3196/973
f 2309/3198/975 2364/3249/1023 2366/3199/976
f 2351/3201/978 2353/3248/1022 2320/3202/979
f 2333/3204/981 2335/3183/962 2338/3185/961
f 2315/3206/982 2317/3186/963 2356/3188/965
f 2359/3208/984 2361/3191/968 2312/3190/967
f 2343/3194/969 2330/3193/971 2332/3210/987
f 2323/3212/988 2325/3195/972 2348/3197/1437
f 2305/3214/993 2368/3217/991 2306/3215/992
f 2305/3214/993 2307/3200/977 2366/3199/976
f 2349/3218/994 2351/3201/978 2322/3203/980
f 2331/3220/996 2333/3204/981 2340/3205/957
f 2313/3222/1438 2315/3206/982 2358/3207/983
f 2359/3208/984 2314/3209/985 2316/3224/1000
f 2339/3226/1002 2341/3211/986 2332/3210/987
f 2321/3228/1003 2323/3212/988 2350/3213/989
f 2367/3216/990 2306/3215/992 2308/3230/1005
f 2349/3218/994 2324/3219/995 2326/3232/1007
f 2329/3234/1010 2331/3220/996 2342/3221/959
f 2311/3236/1011 2313/3222/1438 2360/3223/997
f 2355/3238/1013 2357/3225/999 2316/3224/1000
f 2337/3240/960 2339/3226/1002 2334/3227/1001
f 2319/3241/1016 2321/3228/1003 2352/3229/1004
f 2363/3189/966 2365/3231/1006 2308/3230/1005
f 2347/3233/1008 2326/3232/1007 2328/3243/970
f 2308/3244/1005 2306/3311/992 2369/3245/1019
f 2329/3234/1010 2344/3235/1009 2346/3196/973
f 2353/3248/1022 2355/3238/1013 2318/3239/1014
f 2311/3236/1011 2362/3237/1012 2364/3249/1023
f 2344/3250/1009 2342/3182/959 2387/3181/958
f 2324/3252/995 2378/3309/1025 2379/3253/1026
f 2360/3255/997 2396/3310/1027 2397/3256/1028
f 2328/3258/970 2326/3254/1007 2379/3253/1026
f 2364/3260/1023 2362/3257/1012 2397/3256/1028
f 2308/3244/1005 2370/3246/1020 2371/3262/1031
f 2346/3264/973 2344/3250/1009 2388/3251/1024
f 2312/3266/967 2310/3263/1017 2371/3262/1031
f 2348/3268/1437 2346/3264/973 2389/3265/1032
f 2328/3258/970 2380/3259/1029 2381/3270/1439
f 2364/3260/1023 2398/3261/1030 2399/3272/1036
f 2330/3271/971 2381/3270/1439 2382/3274/1037
f 2366/3276/976 2399/7291/1036 2400/3277/1038
f 2312/3266/967 2372/3267/1033 2373/3279/1039
f 2350/3281/989 2348/3268/1437 2390/3269/1034
f 2316/3283/1000 2314/3280/985 2373/3279/1039
f 2352/3285/1004 2350/7292/989 2391/3286/1040
f 2332/3275/987 2382/3274/1037 2383/3288/1043
f 2334/3290/1001 2383/7293/1043 2384/3291/1044
f 2318/3293/1014 2316/3283/1000 2374/3284/1041
f 2354/3295/964 2352/3285/1004 2392/3287/1042
f 2318/3297/1014 2375/1463/1045 2376/3298/1047
f 2354/3295/964 2393/3296/1046 2394/3300/1048
f 2336/3292/1015 2384/3291/1044 2385/3302/1049
f 2340/3180/957 2338/3303/961 2385/3302/1049
f 2320/3299/979 2376/3298/1047 2377/3305/1051
f 2358/3307/983 2356/3301/965 2394/3300/1048
f 2322/3306/980 2377/3305/1051 2378/3309/1025
f 2358/3307/983 2395/3308/1052 2396/3310/1027
f 2368/3278/991 2400/3277/1038 2369/3245/1019
f 2373/3312/1039 2405/3373/1083 2406/3313/1053
f 2387/3315/958 2419/3375/1054 2420/3316/1055
f 2374/3314/1041 2406/3313/1053 2407/3318/1056
f 2388/3317/1024 2420/3316/1055 2421/3320/1057
f 2375/3319/1045 2407/3318/1056 2408/3322/1058
f 2389/3321/1032 2421/3320/1057 2422/3324/1059
f 2376/3323/1047 2408/3322/1058 2409/3326/1060
f 2391/3328/1040 2390/3325/1034 2422/3324/1059
f 2377/3327/1051 2409/3326/1060 2410/3330/1062
f 2392/3332/1042 2391/3328/1040 2423/3329/1061
f 2378/3331/1025 2410/3330/1062 2411/3334/1064
f 2392/3332/1042 2424/3333/1063 2425/3336/1065
f 2379/3335/1026 2411/3334/1064 2412/3338/1066
f 2394/3340/1048 2393/3337/1046 2425/3336/1065
f 2381/3342/1439 2380/3339/1029 2412/3338/1066
f 2394/3340/1048 2426/3341/1067 2427/3344/1069
f 2382/3346/1037 2381/3342/1439 2413/3343/1068
f 2400/3348/1038 2432/3374/1084 2401/3349/1071
f 2395/3345/1052 2427/3344/1069 2428/3351/1072
f 2382/3346/1037 2414/3347/1070 2415/3353/1073
f 2370/3355/1020 2369/3350/1019 2401/3349/1071
f 2397/3357/1028 2396/3352/1027 2428/3351/1072
f 2384/3359/1044 2383/3354/1043 2415/3353/1073
f 2370/3355/1020 2402/3356/1074 2403/3361/1077
f 2398/3363/1030 2397/3357/1028 2429/3358/1075
f 2384/3359/1044 2416/3360/1076 2417/3365/1079
f 2371/3362/1031 2403/3361/1077 2404/3367/1080
f 2398/3363/1030 2430/3364/1078 2431/3369/1081
f 2386/3371/1050 2385/3366/1049 2417/3365/1079
f 2372/3368/1033 2404/3367/1080 2405/3373/1083
f 2400/3348/1038 2399/3370/1036 2431/3369/1081
f 2386/3371/1050 2418/3372/1082 2419/3375/1054
f 2409/3326/1060 2408/3322/1058 2440/3376/1085
f 2423/3329/1061 2422/3324/1059 2454/3378/1087
f 2410/3330/1062 2409/3326/1060 2441/3377/1086
f 2423/3329/1061 2455/3379/1088 2456/3381/1090
f 2411/3334/1064 2410/3330/1062 2442/3380/1089
f 2424/3333/1063 2456/3381/1090 2457/3383/1092
f 2411/3334/1064 2443/3382/1091 2444/3384/1093
f 2426/3341/1067 2425/3336/1065 2457/3383/1092
f 2413/3343/1068 2412/3338/1066 2444/3384/1093
f 2426/3341/1067 2458/3385/1094 2459/3387/1096
f 2414/3347/1070 2413/3343/1068 2445/3386/1095
f 2432/3374/1084 2464/3402/1111 2433/3389/1098
f 2427/3344/1069 2459/3387/1096 2460/3390/1099
f 2414/3347/1070 2446/3388/1097 2447/3391/1100
f 2401/3349/1071 2433/3389/1098 2434/3392/1101
f 2429/3358/1075 2428/3351/1072 2460/3390/1099
f 2416/3360/1076 2415/3353/1073 2447/3391/1100
f 2403/3361/1077 2402/3356/1074 2434/3392/1101
f 2430/3364/1078 2429/3358/1075 2461/3393/1102
f 2417/3365/1079 2416/3360/1076 2448/3394/1103
f 2403/3361/1077 2435/3395/1104 2436/3398/1107
f 2431/3369/1081 2430/3364/1078 2462/3396/1105
f 2418/3372/1082 2417/3365/1079 2449/3397/1106
f 2405/3373/1083 2404/3367/1080 2436/3398/1107
f 2431/3369/1081 2463/3399/1108 2464/3402/1111
f 2419/3375/1054 2418/3372/1082 2450/3400/1109
f 2405/3373/1083 2437/3401/1110 2438/3404/1113
f 2419/3375/1054 2451/3403/1112 2452/3405/1114
f 2406/3313/1053 2438/3404/1113 2439/3406/1115
f 2421/3320/1057 2420/3316/1055 2452/3405/1114
f 2407/3318/1056 2439/3406/1115 2440/3376/1085
f 2421/3320/1057 2453/3407/1116 2454/3378/1087
f 2444/3384/1093 2443/3382/1091 2475/3408/1117
f 2458/3385/1094 2457/3383/1092 2489/3410/1119
f 2445/3386/1095 2444/3384/1093 2476/3409/1118
f 2459/3387/1096 2458/3385/1094 2490/3411/1120
f 2445/3386/1095 2477/3412/1121 2478/3414/1123
f 2433/3389/1098 2464/3402/1111 2496/3415/1124
f 2459/3387/1096 2491/3413/1122 2492/3417/1126
f 2446/3388/1097 2478/3414/1123 2479/3418/1127
f 2434/3392/1101 2433/3389/1098 2465/3416/1125
f 2461/3393/1102 2460/3390/1099 2492/3417/1126
f 2447/3391/1100 2479/3418/1127 2480/3421/1130
f 2435/3395/1104 2434/3392/1101 2466/3419/1128
f 2461/3393/1102 2493/3420/1129 2494/3423/1132
f 2449/3397/1106 2448/3394/1103 2480/3421/1130
f 2435/3395/1104 2467/3422/1131 2468/3425/1134
f 2462/3396/1105 2494/3423/1132 2495/3426/1135
f 2450/3400/1109 2449/3397/1106 2481/3424/1133
f 2437/3401/1110 2436/3398/1107 2468/3425/1134
f 2463/3399/1108 2495/3426/1135 2496/3415/1124
f 2450/3400/1109 2482/3427/1136 2483/3429/1138
f 2438/3404/1113 2437/3401/1110 2469/3428/1137
f 2451/3403/1112 2483/3429/1138 2484/3431/1140
f 2438/3404/1113 2470/3430/1139 2471/3432/1141
f 2453/3407/1116 2452/3405/1114 2484/3431/1140
f 2440/3376/1085 2439/3406/1115 2471/3432/1141
f 2454/3378/1087 2453/3407/1116 2485/3433/1142
f 2441/3377/1086 2440/3376/1085 2472/3434/1143
f 2454/3378/1087 2486/3435/1144 2487/3437/1146
f 2442/3380/1089 2441/3377/1086 2473/3436/1145
f 2455/3379/1088 2487/3437/1146 2488/3439/1148
f 2443/3382/1091 2442/3380/1089 2474/3438/1147
f 2457/3383/1092 2456/3381/1090 2488/3439/1148
f 2479/3418/1127 2478/3414/1123 2510/3440/1149
f 2466/3419/1128 2465/3416/1125 2497/3442/1151
f 2492/3417/1126 2524/3471/1180 2525/3444/1153
f 2479/3418/1127 2511/3441/1150 2512/3445/1440
f 2467/3422/1131 2466/3419/1128 2498/3443/1152
f 2493/3420/1129 2525/3444/1153 2526/3447/1156
f 2481/3424/1133 2480/3421/1130 2512/3445/1440
f 2468/3425/1134 2467/3422/1131 2499/3446/1155
f 2494/3423/1132 2526/3447/1156 2527/3450/1159
f 2481/3424/1133 2513/3448/1157 2514/3451/1160
f 2468/3425/1134 2500/3449/1158 2501/3452/1161
f 2495/3426/1135 2527/3450/1159 2528/3453/1162
f 2482/3427/1136 2514/3451/1160 2515/3454/1163
f 2470/3430/1139 2469/3428/1137 2501/3452/1161
f 2483/3429/1138 2515/3454/1163 2516/3456/1165
f 2470/3430/1139 2502/3455/1164 2503/3457/1166
f 2484/3431/1140 2516/3456/1165 2517/3458/1167
f 2472/3434/1143 2471/3432/1141 2503/3457/1166
f 2486/3435/1144 2485/3433/1142 2517/3458/1167
f 2472/3434/1143 2504/3459/1168 2505/3461/1170
f 2486/3435/1144 2518/3460/1169 2519/3462/1441
f 2473/3436/1145 2505/3461/1170 2506/3463/1172
f 2487/3437/1146 2519/3462/1441 2520/3464/1442
f 2474/3438/1147 2506/3463/1172 2507/3465/1174
f 2489/3410/1119 2488/3439/1148 2520/3464/1442
f 2475/3408/1117 2507/3465/1174 2508/3467/1176
f 2490/3411/1120 2489/3410/1119 2521/3466/1175
f 2477/3412/1121 2476/3409/1118 2508/3467/1176
f 2490/3411/1120 2522/3468/1177 2523/3470/1179
f 2478/3414/1123 2477/3412/1121 2509/3469/1178
f 2465/3416/1125 2496/3415/1124 2528/3453/1162
f 2491/3413/1122 2523/3470/1179 2524/3471/1180
f 2514/3451/1160 2513/3448/1157 2545/3472/1443
f 2500/3449/1158 2532/3500/1183 2533/3474/1184
f 2527/3450/1159 2559/3501/1185 2560/3475/1186
f 2514/3451/1160 2546/3473/1182 2547/3476/1187
f 2501/3452/1161 2533/3474/1184 2534/3477/1188
f 2516/3456/1165 2515/3454/1163 2547/3476/1187
f 2503/3457/1166 2502/3455/1164 2534/3477/1188
f 2516/3456/1165 2548/3478/1444 2549/3480/1191
f 2503/3457/1166 2535/3479/1190 2536/3481/1192
f 2517/3458/1167 2549/3480/1191 2550/3482/1193
f 2504/3459/1168 2536/3481/1192 2537/3483/1194
f 2518/3460/1169 2550/3482/1193 2551/3484/1195
f 2505/3461/1170 2537/3483/1194 2538/3485/1196
f 2520/3464/1442 2519/3462/1441 2551/3484/1195
f 2507/3465/1174 2506/3463/1172 2538/3485/1196
f 2520/3464/1442 2552/3486/1197 2553/3488/1199
f 2507/3465/1174 2539/3487/1198 2540/3489/1200
f 2522/3468/1177 2521/3466/1175 2553/3488/1199
f 2509/3469/1178 2508/3467/1176 2540/3489/1200
f 2523/3470/1179 2522/3468/1177 2554/3490/1201
f 2510/3440/1149 2509/3469/1178 2541/3491/1202
f 2528/3453/1162 2560/3475/1186 2529/3493/1205
f 2523/3470/1179 2555/3492/1203 2556/3494/1206
f 2510/3440/1149 2542/1671/1204 2543/1669/1445
f 2498/3443/1152 2497/3442/1151 2529/3493/1205
f 2525/3444/1153 2524/3471/1180 2556/3494/1206
f 2511/3441/1150 2543/1669/1445 2544/3497/1210
f 2498/3443/1152 2530/3495/1208 2531/3498/1211
f 2525/3444/1153 2557/3496/1209 2558/3499/1212
f 2513/3448/1157 2512/3445/1440 2544/3497/1210
f 2500/3449/1158 2499/3446/1155 2531/3498/1211
f 2526/3447/1156 2558/3499/1212 2559/3501/1185
f 2284/3502/1213 2540/3506/1200 2539/3503/1198
f 2285/3505/945 2541/3508/1202 2540/3506/1200
f 2286/3507/948 2542/3510/1204 2541/3508/1202
f 2287/3509/953 2543/5363/1445 2542/3510/1204
f 2287/3511/953 2288/3514/1214 2544/3512/1210
f 2288/3514/1214 2289/3516/926 2545/3515/1443
f 2289/3516/926 2290/3519/932 2546/3517/1182
f 2291/3518/934 2547/3521/1187 2546/3517/1182
f 2291/3518/934 2292/3523/1215 2548/3520/1444
f 2293/3522/936 2549/3525/1191 2548/3520/1444
f 2294/3524/1216 2550/3527/1193 2549/3525/1191
f 2294/3524/1216 2295/7294/939 2551/3526/1195
f 2296/3528/941 2552/3532/1197 2551/3529/1195
f 2296/3528/941 2297/3533/944 2553/3531/1199
f 2297/3533/944 2298/3536/947 2554/3534/1201
f 2299/3535/951 2555/3538/1203 2554/3534/1201
f 2300/3537/952 2556/3540/1206 2555/3538/1203
f 2301/3539/1217 2557/3542/1209 2556/3540/1206
f 2302/3541/955 2558/3544/1212 2557/3542/1209
f 2303/3543/956 2559/7295/1185 2558/3544/1212
f 2304/3545/929 2560/3549/1186 2559/3546/1185
f 2273/3548/950 2529/3551/1205 2560/3549/1186
f 2274/3550/1218 2530/3553/1208 2529/3551/1205
f 2274/3550/1218 2275/3554/954 2531/3552/1211
f 2275/3554/954 2276/3557/1219 2532/3555/1183
f 2277/3556/927 2533/3559/1184 2532/3555/1183
f 2277/3556/927 2278/3560/933 2534/3558/1188
f 2278/3560/933 2279/7296/935 2535/3561/1190
f 2279/3562/935 2280/3565/1220 2536/3563/1192
f 2280/3565/1220 2281/3567/938 2537/3566/1194
f 2281/3567/938 2282/3569/1435 2538/3568/1196
f 2282/3569/1435 2283/3504/942 2539/3503/1198
f 2111/3570/745 2049/3637/744 2305/3571/993
f 2111/3570/745 2367/3572/990 2365/3573/1006
f 2107/3575/719 2109/3574/756 2365/3573/1006
f 2105/3577/720 2107/3575/719 2363/3576/966
f 2105/3577/720 2361/3578/968 2359/3579/984
f 2101/3581/751 2103/3580/738 2359/3579/984
f 2101/3581/751 2357/3582/999 2355/3583/1013
f 2099/3585/762 2355/7297/1013 2353/3586/1022
f 2095/3588/730 2097/3587/732 2353/3586/1022
f 2093/3590/747 2095/3588/730 2351/3589/978
f 2093/3590/747 2349/3591/994 2347/3592/1008
f 2091/3593/757 2347/3592/1008 2345/3594/1436
f 2087/3596/721 2089/3595/723 2345/3594/1436
f 2087/3596/721 2343/3597/969 2341/3598/986
f 2083/3600/753 2085/3599/739 2341/3598/986
f 2081/3602/714 2083/7298/753 2339/3603/1002
f 2079/3605/712 2081/3602/714 2337/3604/960
f 2079/3605/712 2335/3606/962 2333/3607/981
f 2077/3608/733 2333/3607/981 2331/3609/996
f 2075/3610/748 2331/3609/996 2329/3611/1010
f 2071/3613/726 2073/3612/758 2329/3611/1010
f 2069/3615/724 2071/3613/726 2327/3614/1021
f 2067/3617/742 2069/3615/724 2325/3616/972
f 2067/3619/742 2323/7299/988 2321/3620/1003
f 2063/3622/717 2065/3621/755 2321/3620/1003
f 2063/3622/717 2319/3623/1016 2317/3624/963
f 2061/3625/715 2317/3624/963 2315/3626/982
f 2059/3627/735 2315/3626/982 2313/3628/1438
f 2055/3630/760 2057/3629/749 2313/3628/1438
f 2053/3632/728 2055/3630/760 2311/3631/1011
f 2051/3634/729 2053/3632/728 2309/3633/975
f 2051/3636/729 2307/7300/977 2305/3571/993
f 2792/4489/1659 3293/7301/692 3296/4635/2106
f 2563/3672/1478 3276/4644/2115 3278/4636/2107
f 2875/4012/1748 3300/4679/2148 3301/4637/2108
f 2696/3781/1571 3285/4681/2150 3287/4638/2109
f 2876/4009/1745 3301/4637/2108 3302/4639/2110
f 2637/3725/1522 3282/4659/2130 3283/4640/2111
f 2824/3902/1666 3296/4635/2106 3295/4641/2112
f 2908/4010/1746 3302/4639/2110 3303/4642/2113
f 3145/4300/1973 3320/4655/2126 3288/4643/2114
f 2608/4432/2052 3279/4660/2131 3276/4644/2115
f 3026/4180/1879 3311/4666/699 3314/4645/2116
f 3003/4120/1835 3308/4647/2118 3310/4646/2117
f 2957/4064/1790 3306/4664/2135 3308/4647/2118
f 3070/4237/1926 3315/4653/2124 3317/4648/2119
f 2561/3671/1477 3274/4652/2123 3275/4649/2120
f 2862/3960/1707 3298/4682/2151 3277/4650/2121
f 2925/4066/1792 3303/4642/2113 3304/4651/2122
f 2601/3958/1705 3277/4650/2121 3274/4652/2123
f 3054/4182/1881 3313/4668/2138 3315/4653/2124
f 2794/4485/2060 3295/4641/2112 3294/4654/2125
f 3148/4305/1976 3321/4663/2134 3320/4655/2126
f 2972/4124/1839 3307/4667/2137 3309/4656/2127
f 2726/3782/1572 3287/4638/2109 3289/4657/2128
f 2695/3774/1566 3284/4662/2133 3286/4658/2129
f 2636/4449/2055 3281/7302/2132 3282/4659/2130
f 2562/3677/1481 3275/4649/2120 3279/4660/2131
f 2635/4298/1971 3280/4674/2143 3281/4661/2132
f 2638/3773/1565 3283/4640/2111 3284/4662/2133
f 3142/4293/1966 3319/4675/2144 3321/4663/2134
f 2927/4063/1789 3305/4676/2145 3306/4664/2135
f 2742/3839/1618 3290/4671/2141 3291/4665/2136
f 3004/4121/1836 3309/4656/2127 3311/4666/699
f 3007/4127/1841 3310/4646/2117 3307/4667/2137
f 3027/4181/1880 3312/4677/2146 3313/4668/2138
f 2793/3896/1660 3294/4654/2125 3297/4669/2139
f 3102/4238/1927 3317/4648/2119 3316/4670/2140
f 2774/3842/1621 3292/4680/2149 3290/4671/2141
f 3071/4239/1928 3316/4670/2140 3318/4672/2142
f 2771/3840/1619 3291/4665/2136 3293/4673/692
f 2729/4297/1970 3288/4643/2114 3280/4674/2143
f 3105/4557/2065 3318/4672/2142 3319/4675/2144
f 2926/4067/1793 3304/4651/2122 3305/4676/2145
f 3057/4184/1883 3314/7303/2116 3312/4677/2146
f 2606/4002/1739 3278/4636/2107 3299/4678/2147
f 2874/4512/1744 3299/7304/2147 3300/4679/2148
f 2741/3838/1617 3289/4657/2128 3292/4680/2149
f 2722/3784/1574 3286/4658/2129 3285/4681/2150
f 2841/4500/2062 3297/4669/2139 3298/4682/2151
f 3366/4683/763 3411/7305/2156 3410/4684/774
f 3359/4686/745 3362/4708/743 3360/4687/782
f 3341/4689/747 3380/4710/746 3378/4690/795
f 3336/4692/769 3334/7306/709 3387/4693/748
f 3367/4695/760 3354/4713/759 3352/4696/772
f 3349/4698/751 3372/4715/785 3370/4699/737
f 3390/4701/752 3388/7307/780 3333/4702/739
f 3375/4704/717 3346/7308/716 3344/4705/754
f 3357/4707/756 3364/7309/765 3362/4708/743
f 3339/4709/757 3382/4724/764 3380/4710/746
f 3383/4711/726 3338/4726/725 3336/4692/769
f 3365/4712/728 3356/7310/767 3354/4713/759
f 3347/4714/762 3374/7311/761 3372/4715/785
f 3330/4716/734 3392/7312/713 3329/4717/714
f 3329/4717/714 3392/7312/713 3390/4701/752
f 3348/4719/736 3346/7308/716 3375/4704/717
f 3366/4721/763 3364/7309/765 3357/4707/756
f 3337/4723/723 3384/7313/722 3382/4724/764
f 3381/4725/724 3340/4738/777 3338/4726/725
f 3358/4727/727 3356/7310/767 3365/4712/728
f 3376/4729/731 3374/7311/761 3347/4714/762
f 3389/4731/733 3332/4739/711 3330/4716/734
f 3350/4732/750 3348/4719/736 3373/4720/715
f 3353/4734/720 3368/7314/718 3366/4721/763
f 3386/4735/740 3384/7313/722 3337/4723/723
f 3379/4737/742 3342/7315/741 3340/4738/777
f 3360/4687/782 3358/4727/727 3363/4728/729
f 3343/4691/730 3378/4690/795 3376/4729/731
f 3387/4693/748 3334/7306/709 3332/4739/711
f 3369/4697/749 3352/4696/772 3350/4732/750
f 3394/4740/710 3393/4796/793 3330/4741/734
f 3370/4699/737 3368/7314/718 3353/4734/720
f 3344/4705/754 3342/7315/741 3379/4737/742
f 3333/4702/739 3388/7307/780 3386/4735/740
f 3412/4743/783 3411/7305/2156 3366/4683/763
f 3403/4745/796 3402/7316/792 3348/4746/736
f 3421/4748/2152 3420/7317/778 3384/4749/722
f 3352/4751/772 3404/4762/818 3403/4745/796
f 3422/4752/779 3421/4748/2152 3386/4750/740
f 3395/4754/2153 3394/4740/710 3332/4742/711
f 3413/4756/1432 3412/4743/783 3368/4744/718
f 3336/4758/769 3396/4770/768 3395/4754/2153
f 3414/4759/798 3413/4756/1432 3370/4757/737
f 3354/4761/759 3405/7318/2158 3404/4762/818
f 3390/4763/752 3423/7319/788 3422/4752/779
f 3406/4764/773 3405/7318/2158 3354/4761/759
f 3424/4766/789 3423/7320/788 3390/4767/752
f 3338/4769/725 3397/7321/775 3396/4770/768
f 3374/4771/761 3415/7322/790 3414/4759/798
f 3398/4772/784 3397/7321/775 3338/4769/725
f 3376/4774/731 3416/7323/804 3415/4775/790
f 3407/4777/824 3406/4764/773 3356/4765/767
f 3408/4779/781 3407/7324/824 3358/4780/727
f 3342/4782/741 3399/7325/2154 3398/4772/784
f 3417/4783/794 3416/7323/804 3376/4774/731
f 3344/4785/754 3400/7326/2157 3399/4786/2154
f 3380/4788/746 3418/4794/807 3417/4783/794
f 3362/4789/743 3409/4790/766 3408/4779/781
f 3364/4685/765 3410/4684/774 3409/4790/766
f 3401/4791/2155 3400/7326/2157 3344/4785/754
f 3382/4793/764 3419/4795/770 3418/4794/807
f 3348/4746/736 3402/7316/792 3401/4791/2155
f 3384/4749/722 3420/7317/778 3419/4795/770
f 3393/4796/793 3424/4766/789 3392/4768/713
f 3430/4797/831 3429/4853/802 3397/4798/775
f 3444/4800/850 3443/4878/823 3411/4801/2156
f 3431/4803/805 3430/4797/831 3398/4799/784
f 3413/4805/1432 3445/4809/826 3444/4800/850
f 3432/4806/808 3431/4803/805 3399/4804/2154
f 3414/4808/798 3446/4813/797 3445/4809/826
f 3433/4810/834 3432/4806/808 3400/4807/2157
f 3415/4812/790 3447/4817/801 3446/4813/797
f 3434/4814/811 3433/4810/834 3401/4811/2155
f 3416/4816/804 3448/4858/2159 3447/4817/801
f 3403/4818/796 3435/4822/814 3434/4814/811
f 3449/4819/829 3448/4858/2159 3416/4816/804
f 3404/4821/818 3436/4860/817 3435/4822/814
f 3450/4823/806 3449/4819/829 3417/4820/794
f 3437/4825/843 3436/4860/817 3404/4821/818
f 3451/4827/810 3450/4823/806 3418/4824/807
f 3438/4829/821 3437/4825/843 3405/4826/2158
f 3425/4831/848 3456/4866/822 3424/4832/789
f 3452/4834/813 3451/4827/810 3419/4828/770
f 3439/4836/852 3438/4829/821 3406/4830/773
f 3426/4838/825 3425/4831/848 3393/4833/793
f 3453/4840/838 3452/4834/813 3420/4835/778
f 3408/4842/781 3440/4870/827 3439/4836/852
f 3395/4843/2153 3427/4872/799 3426/4838/825
f 3454/4844/815 3453/4840/838 3421/4841/2152
f 3441/4846/816 3440/4870/827 3408/4842/781
f 3428/4848/857 3427/4872/799 3395/4843/2153
f 3423/4850/788 3455/4854/819 3454/4844/815
f 3442/4851/820 3441/4846/816 3409/4847/766
f 3429/4853/802 3428/4848/857 3396/4849/768
f 3424/4832/789 3456/4866/822 3455/4854/819
f 3411/4801/2156 3443/4878/823 3442/4851/820
f 3465/4855/836 3464/4883/832 3432/4806/808
f 3479/4856/887 3478/4913/858 3446/4813/797
f 3434/4814/811 3466/4859/864 3465/4855/836
f 3480/4857/860 3479/4856/887 3447/4817/801
f 3435/4822/814 3467/4861/839 3466/4859/864
f 3449/4819/829 3481/4862/828 3480/4857/860
f 3436/4860/817 3468/4885/844 3467/4861/839
f 3450/4823/806 3482/4886/833 3481/4862/828
f 3469/4863/847 3468/4885/844 3436/4860/817
f 3483/4864/835 3482/4886/833 3450/4823/806
f 3438/4829/821 3470/4867/877 3469/4863/847
f 3457/4865/853 3488/4892/845 3456/4866/822
f 3452/4834/813 3484/4868/861 3483/4864/835
f 3439/4836/852 3471/4895/851 3470/4867/877
f 3426/4838/825 3458/4896/880 3457/4865/853
f 3453/4840/838 3485/4873/837 3484/4868/861
f 3472/4869/869 3471/4895/851 3439/4836/852
f 3459/4871/855 3458/4896/880 3426/4838/825
f 3454/4844/815 3486/4901/840 3485/4873/837
f 3441/4846/816 3473/4902/841 3472/4869/869
f 3460/4874/856 3459/4871/855 3427/4872/799
f 3487/4875/872 3486/4901/840 3454/4844/815
f 3474/4876/842 3473/4902/841 3441/4846/816
f 3429/4853/802 3461/4906/859 3460/4874/856
f 3456/4866/822 3488/4892/845 3487/4875/872
f 3475/4877/846 3474/4876/842 3442/4851/820
f 3462/4879/889 3461/4906/859 3429/4853/802
f 3476/4880/849 3475/4877/846 3443/4878/823
f 3463/4881/830 3462/4879/889 3430/4797/831
f 3477/4882/854 3476/4880/849 3444/4800/850
f 3464/4883/832 3463/4881/830 3431/4803/805
f 3446/4813/797 3478/4913/858 3477/4882/854
f 3500/4884/870 3499/4918/866 3467/4861/839
f 3482/4886/833 3514/4944/915 3513/4887/891
f 3501/4888/873 3500/4884/870 3468/4885/844
f 3515/4889/862 3514/4944/915 3482/4886/833
f 3502/4890/876 3501/4888/873 3469/4863/847
f 3489/4891/881 3520/4929/874 3488/4892/845
f 3516/4893/920 3515/4889/862 3483/4864/835
f 3503/4894/879 3502/4890/876 3470/4867/877
f 3458/4896/880 3490/4899/883 3489/4891/881
f 3517/4897/865 3516/4893/920 3484/4868/861
f 3504/4898/904 3503/4894/879 3471/4895/851
f 3459/4871/855 3491/4903/885 3490/4899/883
f 3518/4900/867 3517/4897/865 3485/4873/837
f 3473/4902/841 3505/4905/868 3504/4898/904
f 3460/4874/856 3492/4907/888 3491/4903/885
f 3519/4904/871 3518/4900/867 3486/4901/840
f 3474/4876/842 3506/4908/875 3505/4905/868
f 3461/4906/859 3493/4928/890 3492/4907/888
f 3488/4892/845 3520/4929/874 3519/4904/871
f 3475/4877/846 3507/4910/878 3506/4908/875
f 3494/4909/911 3493/4928/890 3461/4906/859
f 3476/4880/849 3508/4912/882 3507/4910/878
f 3495/4911/892 3494/4909/911 3462/4879/889
f 3477/4882/854 3509/4914/903 3508/4912/882
f 3464/4883/832 3496/4936/893 3495/4911/892
f 3478/4913/858 3510/4937/884 3509/4914/903
f 3497/4915/918 3496/4936/893 3464/4883/832
f 3511/4916/886 3510/4937/884 3478/4913/858
f 3466/4859/864 3498/4939/863 3497/4915/918
f 3512/4917/910 3511/4916/886 3479/4856/887
f 3499/4918/866 3498/4939/863 3466/4859/864
f 3481/4862/828 3513/4887/891 3512/4917/910
f 3535/4919/901 3534/4971/2168 3502/4890/876
f 3490/4899/883 3522/4923/2160 3521/4920/902
f 3549/4921/922 3548/4948/919 3516/4893/920
f 3536/4922/930 3535/4919/901 3503/4894/879
f 3491/4903/885 3523/4976/931 3522/4923/2160
f 3550/4924/2161 3549/4921/922 3517/4897/865
f 3505/4905/868 3537/4927/924 3536/4922/930
f 3524/4925/907 3523/4976/931 3491/4903/885
f 3551/4926/894 3550/4924/2161 3518/4900/867
f 3506/4908/875 3538/4950/2163 3537/4927/924
f 3493/4928/890 3525/4931/912 3524/4925/907
f 3520/4929/874 3552/4952/897 3551/4926/894
f 3539/4930/898 3538/4950/2163 3506/4908/875
f 3494/4909/911 3526/4955/2165 3525/4931/912
f 3540/4932/900 3539/4930/898 3507/4910/878
f 3527/4933/914 3526/4955/2165 3494/4909/911
f 3541/4934/928 3540/4932/900 3508/4912/882
f 3528/4935/916 3527/4933/914 3495/4911/892
f 3510/4937/884 3542/4959/906 3541/4934/928
f 3497/4915/918 3529/4940/921 3528/4935/916
f 3543/4938/908 3542/4959/906 3510/4937/884
f 3498/4939/863 3530/4941/2162 3529/4940/921
f 3512/4917/910 3544/4942/909 3543/4938/908
f 3499/4918/866 3531/4965/946 3530/4941/2162
f 3513/4887/891 3545/4945/913 3544/4942/909
f 3532/4943/925 3531/4965/946 3499/4918/866
f 3514/4944/915 3546/4947/917 3545/4945/913
f 3533/4946/896 3532/4943/925 3500/4884/870
f 3515/4889/862 3547/4968/943 3546/4947/917
f 3502/4890/876 3534/4971/2168 3533/4946/896
f 3521/4920/902 3552/4952/897 3520/4929/874
f 3548/4948/919 3547/4968/943 3515/4889/862
f 3570/4949/1218 3569/4979/2171 3537/4927/924
f 3525/4931/912 3557/7327/2210 3556/4951/1215
f 3552/4952/897 3584/7328/1214 3583/4953/2164
f 3539/4930/898 3571/4956/954 3570/4949/1218
f 3558/4954/1216 3557/7327/2210 3525/4931/912
f 3540/4932/900 3572/4958/2166 3571/4956/954
f 3559/4957/939 3558/4954/1216 3526/4955/2165
f 3541/4934/928 3573/4960/2167 3572/4958/2166
f 3528/4935/916 3560/7329/2211 3559/4957/939
f 3542/4959/906 3574/7330/933 3573/4960/2167
f 3561/4961/944 3560/7329/2211 3528/4935/916
f 3575/4962/935 3574/7330/933 3542/4959/906
f 3530/4941/2162 3562/7331/947 3561/4961/944
f 3576/4963/1220 3575/4962/935 3543/4938/908
f 3563/4964/951 3562/7331/947 3530/4941/2162
f 3577/4966/938 3576/4963/1220 3544/4942/909
f 3564/4967/952 3563/4964/951 3531/4965/946
f 3546/4947/917 3578/4969/940 3577/4966/938
f 3533/4946/896 3565/7332/1217 3564/4967/952
f 3547/4968/943 3579/4973/942 3578/4969/940
f 3566/4970/955 3565/7332/1217 3533/4946/896
f 3553/4972/2169 3584/7328/1214 3552/4952/897
f 3548/4948/919 3580/7333/2209 3579/4973/942
f 3535/4919/901 3567/7334/2208 3566/4970/955
f 3522/4923/2160 3554/4977/932 3553/4972/2169
f 3581/4974/945 3580/7333/2209 3548/4948/919
f 3568/4975/2170 3567/7334/2208 3535/4919/901
f 3523/4976/931 3555/4980/934 3554/4977/932
f 3582/4978/948 3581/4974/945 3549/4921/922
f 3569/4979/2171 3568/4975/2170 3536/4922/930
f 3524/4925/907 3556/4951/1215 3555/4980/934
f 3583/4953/2164 3582/4978/948 3550/4924/2161
f 3620/4981/1005 3666/5103/2183 3667/4982/1031
f 3617/4984/993 3616/5039/991 3618/4985/992
f 3599/4987/978 3634/5040/980 3636/4988/2172
f 3643/4990/996 3590/5041/959 3592/4991/2173
f 3623/4993/1011 3625/5042/2180 3608/4994/2175
f 3607/4996/984 3626/5046/985 3628/4997/1000
f 3587/4999/1002 3589/5048/986 3644/5000/987
f 3631/5002/1016 3633/5047/1003 3600/1377/1004
f 3613/5003/1006 3615/4986/990 3618/4985/992
f 3595/5005/1008 3597/4989/994 3636/4988/2172
f 3639/5007/1021 3641/4992/2174 3592/4991/2173
f 3621/5009/975 3623/4993/1011 3610/4995/1012
f 3605/4998/999 3628/4997/1000 3630/5011/1014
f 3647/5013/962 3585/5016/960 3648/5014/1015
f 3587/4999/1002 3646/5001/1001 3648/5014/1015
f 3629/5017/963 3631/5002/1016 3602/1419/964
f 3613/5003/1006 3620/5004/1005 3622/5019/1017
f 3595/5005/1008 3638/5006/1007 3640/5021/2177
f 3637/5023/972 3639/5007/1021 3594/5008/973
f 3621/5009/975 3612/5010/1023 3614/5025/976
f 3601/5027/1022 3603/5012/1013 3630/5011/1014
f 3647/5013/962 3586/5015/961 3588/5029/957
f 3629/5017/963 3604/5018/2176 3606/5031/983
f 3609/5033/2178 3611/5020/966 3622/5019/1017
f 3593/5022/1436 3640/5021/2177 3642/5035/971
f 3637/5023/972 3596/5024/974 3598/5037/989
f 3617/4984/993 3619/5026/977 3614/5025/976
f 3599/4987/978 3601/5027/1022 3632/5028/979
f 3645/5030/981 3588/5029/957 3590/5041/959
f 3625/5042/2180 3627/5032/982 3606/5031/983
f 3586/5043/961 3649/5110/1049 3650/5044/2181
f 3609/5033/2178 3624/5034/2179 3626/5046/985
f 3633/5047/1003 3635/5038/988 3598/5037/989
f 3589/5048/986 3591/5036/969 3642/5035/971
f 3622/4983/1017 3667/4982/1031 3668/5049/1033
f 3606/5051/983 3604/5108/2176 3658/5052/1048
f 3642/5054/971 3640/5109/2177 3676/5055/1029
f 3606/5051/983 3659/5053/1052 3660/5057/1027
f 3642/5054/971 3677/5056/1035 3678/5059/1037
f 3588/5045/957 3650/5044/2181 3651/5061/958
f 3624/5050/2179 3668/5049/1033 3669/5063/1039
f 3592/5065/2173 3590/5062/959 3651/5061/958
f 3628/5067/1000 3626/5064/985 3669/5063/1039
f 3608/5058/2175 3660/5057/1027 3661/5069/1028
f 3646/5071/1001 3644/5060/987 3678/5059/1037
f 3610/5070/1012 3661/5069/1028 3662/5073/2182
f 3646/5075/1001 3679/7335/1043 3680/5076/1044
f 3594/5078/973 3592/5065/2173 3652/5066/1024
f 3630/5080/1014 3628/5067/1000 3670/5068/1041
f 3596/5082/974 3594/5078/973 3653/5079/1032
f 3630/5084/1014 3671/7336/1045 3672/5085/1047
f 3612/5074/1023 3662/5073/2182 3663/5087/1036
f 3614/5089/976 3663/7337/1036 3664/5090/1038
f 3598/5092/989 3596/5082/974 3654/5083/1034
f 3632/5086/979 3672/5085/1047 3673/5094/1051
f 3598/5096/989 3655/7338/1040 3656/5097/1042
f 3634/5095/980 3673/5094/1051 3674/5099/1025
f 3618/5101/992 3616/5091/991 3664/5090/1038
f 3620/4981/1005 3618/5101/992 3665/5102/1019
f 3600/5098/1004 3656/5097/1042 3657/5104/1046
f 3636/5100/2172 3674/5099/1025 3675/5106/1026
f 3604/5108/2176 3602/5105/964 3657/5104/1046
f 3638/5107/1007 3675/5106/1026 3676/5055/1029
f 3648/5077/1015 3680/5076/1044 3649/5110/1049
f 3653/5111/1032 3685/5172/1057 3686/5112/1059
f 3668/5114/1033 3667/5174/1031 3699/5115/1077
f 3654/5113/1034 3686/5112/1059 3687/5117/1061
f 3668/5114/1033 3700/5116/1080 3701/5119/1083
f 3656/5121/1042 3655/5118/1040 3687/5117/1061
f 3669/5120/1039 3701/5119/1083 3702/5123/1053
f 3656/5121/1042 3688/5122/1063 3689/5125/1065
f 3670/5124/1041 3702/5123/1053 3703/5127/1056
f 3657/5126/1046 3689/5125/1065 3690/5129/1067
f 3671/5128/1045 3703/5127/1056 3704/5131/1058
f 3658/5130/1048 3690/5129/1067 3691/5133/1069
f 3672/5132/1047 3704/5131/1058 3705/5135/1060
f 3659/5134/1052 3691/5133/1069 3692/5137/1072
f 3673/5136/1051 3705/5135/1060 3706/5139/1062
f 3661/5141/1028 3660/5138/1027 3692/5137/1072
f 3674/5140/1025 3706/5139/1062 3707/5143/1064
f 3661/5141/1028 3693/5142/1075 3694/5145/1078
f 3680/5147/1044 3712/5173/1076 3681/5148/1079
f 3676/5150/1029 3675/5144/1026 3707/5143/1064
f 3662/5146/2182 3694/5145/1078 3695/5152/1081
f 3650/5154/2181 3649/5149/1049 3681/5148/1079
f 3677/5156/1035 3676/5150/1029 3708/5151/1066
f 3663/5153/1036 3695/5152/1081 3696/5158/1084
f 3650/5154/2181 3682/5155/1082 3683/5160/1054
f 3677/5156/1035 3709/5157/1068 3710/5162/1070
f 3665/5164/1019 3664/5159/1038 3696/5158/1084
f 3651/5161/958 3683/5160/1054 3684/5166/1055
f 3678/5163/1037 3710/5162/1070 3711/5168/1073
f 3666/5170/2183 3665/5164/1019 3697/5165/1071
f 3652/5167/1024 3684/5166/1055 3685/5172/1057
f 3680/5147/1044 3679/5169/1043 3711/5168/1073
f 3667/5174/1031 3666/5170/2183 3698/5171/1074
f 3689/5125/1065 3688/5122/1063 3720/5175/2184
f 3702/5123/1053 3734/5206/1113 3735/5177/1115
f 3690/5129/1067 3689/5125/1065 3721/5176/1092
f 3703/5127/1056 3735/5177/1115 3736/5179/2185
f 3690/5129/1067 3722/5178/1094 3723/5180/1096
f 3705/5135/1060 3704/5131/1058 3736/5179/2185
f 3691/5133/1069 3723/5180/1096 3724/5182/1099
f 3706/5139/1062 3705/5135/1060 3737/5181/1086
f 3693/5142/1075 3692/5137/1072 3724/5182/1099
f 3706/5139/1062 3738/5183/1089 3739/5185/1091
f 3693/5142/1075 3725/5184/1102 3726/5186/1105
f 3681/5148/1079 3712/5173/1076 3744/5187/1103
f 3707/5143/1064 3739/5185/1091 3740/5189/1093
f 3694/5145/1078 3726/5186/1105 3727/5190/1108
f 3682/5155/1082 3681/5148/1079 3713/5188/1106
f 3709/5157/1068 3708/5151/1066 3740/5189/1093
f 3695/5152/1081 3727/5190/1108 3728/5193/2186
f 3682/5155/1082 3714/5191/1109 3715/5194/1112
f 3709/5157/1068 3741/5192/1095 3742/5195/1097
f 3697/5165/1071 3696/5158/1084 3728/5193/2186
f 3684/5166/1055 3683/5160/1054 3715/5194/1112
f 3711/5168/1073 3710/5162/1070 3742/5195/1097
f 3698/5171/1074 3697/5165/1071 3729/5196/1098
f 3685/5172/1057 3684/5166/1055 3716/5197/1114
f 3712/5173/1076 3711/5168/1073 3743/5198/1100
f 3698/5171/1074 3730/5199/1101 3731/5201/1104
f 3685/5172/1057 3717/5200/1116 3718/5202/1087
f 3700/5116/1080 3699/5115/1077 3731/5201/1104
f 3686/5112/1059 3718/5202/1087 3719/5204/1088
f 3701/5119/1083 3700/5116/1080 3732/5203/1107
f 3688/5122/1063 3687/5117/1061 3719/5204/1088
f 3701/5119/1083 3733/5205/1110 3734/5206/1113
f 3724/5182/1099 3723/5180/1096 3755/5207/1122
f 3738/5183/1089 3737/5181/1086 3769/5209/1145
f 3725/5184/1102 3724/5182/1099 3756/5208/1126
f 3739/5185/1091 3738/5183/1089 3770/5210/1147
f 3725/5184/1102 3757/5211/1129 3758/5213/1132
f 3713/5188/1106 3744/5187/1103 3776/5214/1130
f 3739/5185/1091 3771/5212/1117 3772/5216/1118
f 3726/5186/1105 3758/5213/1132 3759/5217/1135
f 3714/5191/1109 3713/5188/1106 3745/5215/1133
f 3741/5192/1095 3740/5189/1093 3772/5216/1118
f 3727/5190/1108 3759/5217/1135 3760/5220/1124
f 3715/5194/1112 3714/5191/1109 3746/5218/1136
f 3741/5192/1095 3773/5219/1121 3774/5222/1123
f 3729/5196/1098 3728/5193/2186 3760/5220/1124
f 3715/5194/1112 3747/5221/1138 3748/5224/1140
f 3742/5195/1097 3774/5222/1123 3775/5225/1127
f 3730/5199/1101 3729/5196/1098 3761/5223/1125
f 3716/5197/1114 3748/5224/1140 3749/5227/1142
f 3743/5198/1100 3775/5225/1127 3776/5214/1130
f 3731/5201/1104 3730/5199/1101 3762/5226/1128
f 3718/5202/1087 3717/5200/1116 3749/5227/1142
f 3731/5201/1104 3763/5228/1131 3764/5230/1134
f 3718/5202/1087 3750/5229/1144 3751/5231/1146
f 3733/5205/1110 3732/5203/1107 3764/5230/1134
f 3720/5175/2184 3719/5204/1088 3751/5231/1146
f 3734/5206/1113 3733/5205/1110 3765/5232/1137
f 3721/5176/1092 3720/5175/2184 3752/5233/1148
f 3734/5206/1113 3766/5234/1139 3767/5236/1141
f 3722/5178/1094 3721/5176/1092 3753/5235/1119
f 3735/5177/1115 3767/5236/1141 3768/5238/1143
f 3723/5180/1096 3722/5178/1094 3754/5237/1120
f 3737/5181/1086 3736/5179/2185 3768/5238/1143
f 3759/5217/1135 3758/5213/1132 3790/5239/1156
f 3746/5218/1136 3745/5215/1133 3777/5241/1157
f 3772/5216/1118 3804/5270/1176 3805/5243/1178
f 3759/5217/1135 3791/5240/1159 3792/5244/2187
f 3746/5218/1136 3778/5242/1160 3779/5245/1163
f 3773/5219/1121 3805/5243/1178 3806/5246/1149
f 3761/5223/1125 3760/5220/1124 3792/5244/2187
f 3747/5221/1138 3779/5245/1163 3780/5248/1165
f 3774/5222/1123 3806/5246/1149 3807/5249/1150
f 3762/5226/1128 3761/5223/1125 3793/5247/1151
f 3748/5224/1140 3780/5248/1165 3781/5251/1167
f 3775/5225/1127 3807/5249/1150 3808/5252/1440
f 3762/5226/1128 3794/5250/1152 3795/5253/1155
f 3750/5229/1144 3749/5227/1142 3781/5251/1167
f 3763/5228/1131 3795/5253/1155 3796/5255/1158
f 3751/5231/1146 3750/5229/1144 3782/5254/1169
f 3764/5230/1134 3796/5255/1158 3797/5257/1161
f 3751/5231/1146 3783/5256/1171 3784/5258/1442
f 3766/5234/1139 3765/5232/1137 3797/5257/1161
f 3752/5233/1148 3784/5258/1442 3785/5260/1175
f 3767/5236/1141 3766/5234/1139 3798/5259/1164
f 3753/5235/1119 3785/5260/1175 3786/5262/1177
f 3767/5236/1141 3799/5261/1166 3800/5263/1168
f 3754/5237/1120 3786/5262/1177 3787/5264/1179
f 3769/5209/1145 3768/5238/1143 3800/5263/1168
f 3755/5207/1122 3787/5264/1179 3788/5266/1180
f 3770/5210/1147 3769/5209/1145 3801/5265/1170
f 3756/5208/1126 3788/5266/1180 3789/5268/1153
f 3770/5210/1147 3802/5267/2188 3803/5269/1174
f 3758/5213/1132 3757/5211/1129 3789/5268/1153
f 3745/5215/1133 3776/5214/1130 3808/5252/1440
f 3772/5216/1118 3771/5212/1117 3803/5269/1174
f 3794/5250/1152 3793/5247/1151 3825/5271/2189
f 3780/5248/1165 3812/5299/1189 3813/5273/1191
f 3807/5249/1150 3839/5300/1445 3840/5274/2190
f 3794/5250/1152 3826/5272/1208 3827/5275/2191
f 3781/5251/1167 3813/5273/1191 3814/5276/2192
f 3795/5253/1155 3827/5275/2191 3828/5277/2193
f 3782/5254/1169 3814/5276/2192 3815/5278/2194
f 3797/5257/1161 3796/5255/1158 3828/5277/2193
f 3783/5256/1171 3815/5278/2194 3816/5280/2195
f 3798/5259/1164 3797/5257/1161 3829/5279/1184
f 3785/5260/1175 3784/5258/1442 3816/5280/2195
f 3798/5259/1164 3830/5281/2196 3831/5283/1190
f 3786/5262/1177 3785/5260/1175 3817/5282/2197
f 3799/5261/1166 3831/5283/1190 3832/5285/1192
f 3787/5264/1179 3786/5262/1177 3818/5284/2198
f 3801/5265/1170 3800/5263/1168 3832/5285/1192
f 3788/5266/1180 3787/5264/1179 3819/5286/1203
f 3802/5267/2188 3801/5265/1170 3833/5287/1194
f 3788/5266/1180 3820/5288/1206 3821/5290/2200
f 3803/5269/1174 3802/5267/2188 3834/5289/2199
f 3789/5268/1153 3821/5290/2200 3822/1666/1212
f 3808/5252/1440 3840/5274/2190 3809/5292/1443
f 3804/5270/1176 3803/5269/1174 3835/5291/1198
f 3790/5239/1156 3822/1666/1212 3823/1693/2202
f 3777/5241/1157 3809/5292/1443 3810/5294/2203
f 3804/5270/1176 3836/5293/2201 3837/5295/2204
f 3791/5240/1159 3823/1693/2202 3824/5296/2205
f 3779/5245/1163 3778/5242/1160 3810/5294/2203
f 3805/5243/1178 3837/5295/2204 3838/5298/2207
f 3793/5247/1151 3792/5244/2187 3824/5296/2205
f 3780/5248/1165 3779/5245/1163 3811/5297/2206
f 3807/5249/1150 3806/5246/1149 3838/5298/2207
f 3564/5301/952 3820/5305/1206 3819/5302/1203
f 3565/5304/1217 3821/5307/2200 3820/5305/1206
f 3566/5306/955 3822/5309/1212 3821/5307/2200
f 3567/5308/2208 3823/7339/2202 3822/5309/1212
f 3568/5310/2170 3824/5314/2205 3823/5311/2202
f 3569/5313/2171 3825/5316/2189 3824/5314/2205
f 3570/5315/1218 3826/5318/1208 3825/5316/2189
f 3570/5315/1218 3571/5320/954 3827/5317/2191
f 3572/5319/2166 3828/5322/2193 3827/5317/2191
f 3573/5321/2167 3829/5324/1184 3828/5322/2193
f 3574/5323/933 3830/5326/2196 3829/5324/1184
f 3575/5325/935 3831/7340/1190 3830/5326/2196
f 3576/5327/1220 3832/5331/1192 3831/5328/1190
f 3577/5330/938 3833/5333/1194 3832/5331/1192
f 3577/5330/938 3578/5335/940 3834/5332/2199
f 3579/5334/942 3835/5337/1198 3834/5332/2199
f 3580/5336/2209 3836/5339/2201 3835/5337/1198
f 3581/5338/945 3837/5341/2204 3836/5339/2201
f 3582/5340/948 3838/5343/2207 3837/5341/2204
f 3582/5340/948 3583/7341/2164 3839/5342/1445
f 3584/5344/1214 3840/5348/2190 3839/5345/1445
f 3584/5344/1214 3553/5350/2169 3809/5347/1443
f 3554/5349/932 3810/5352/2203 3809/5347/1443
f 3554/5349/932 3555/5353/934 3811/5351/2206
f 3555/5353/934 3556/5356/1215 3812/5354/1189
f 3557/5355/2210 3813/5358/1191 3812/5354/1189
f 3558/5357/1216 3814/5360/2192 3813/5358/1191
f 3558/5357/1216 3559/7342/939 3815/5359/2194
f 3559/5361/939 3560/5365/2211 3816/5362/2195
f 3561/5364/944 3817/5367/2197 3816/5362/2195
f 3562/5366/947 3818/5368/2198 3817/5367/2197
f 3562/5366/947 3563/5303/951 3819/5302/1203
f 3391/5369/712 3329/5436/714 3585/5370/960
f 3391/5369/712 3647/5371/962 3645/5372/981
f 3389/5373/733 3645/5372/981 3643/5374/996
f 3387/5375/748 3643/5374/996 3641/5376/2174
f 3383/5378/726 3385/5377/758 3641/5376/2174
f 3383/5378/726 3639/5379/1021 3637/5380/972
f 3381/5381/724 3637/5380/972 3635/5382/988
f 3379/5384/742 3635/7343/988 3633/5385/1003
f 3375/5387/717 3377/5386/755 3633/5385/1003
f 3373/5389/715 3375/5387/717 3631/5388/1016
f 3371/5391/735 3373/5389/715 3629/5390/963
f 3369/5393/749 3371/5391/735 3627/5392/982
f 3369/5393/749 3625/5394/2180 3623/5395/1011
f 3365/5397/728 3367/5396/760 3623/5395/1011
f 3363/5399/729 3365/5397/728 3621/5398/975
f 3363/5401/729 3619/7344/977 3617/5402/993
f 3361/5403/744 3617/5402/993 3615/5404/990
f 3357/5406/756 3359/5405/745 3615/5404/990
f 3355/5408/719 3357/5406/756 3613/5407/1006
f 3355/5408/719 3611/5409/966 3609/5410/2178
f 3353/5411/720 3609/5410/2178 3607/5412/984
f 3351/5413/738 3607/5412/984 3605/5414/999
f 3349/5415/751 3605/5414/999 3603/5416/1013
f 3347/5418/762 3603/7345/1013 3601/5419/1022
f 3343/5421/730 3345/5420/732 3601/5419/1022
f 3343/5421/730 3599/5422/978 3597/5423/994
f 3339/5425/757 3341/5424/747 3597/5423/994
f 3337/5427/723 3339/5425/757 3595/5426/1008
f 3337/5427/723 3593/5428/1436 3591/5429/969
f 3335/5430/721 3591/5429/969 3589/5431/986
f 3333/5432/739 3589/5431/986 3587/5433/1002
f 3331/5435/753 3587/7346/1002 3585/5370/960
f 4072/6280/2262 4573/7347/692 4576/6421/2106
f 3843/5470/1478 4556/6430/2115 4558/6422/2107
f 4155/5810/1748 4580/6465/2148 4581/6423/2108
f 3976/5579/1571 4565/6467/2150 4567/6424/2109
f 4156/5807/1745 4581/6423/2108 4582/6425/2110
f 3917/5523/1522 4562/6445/2130 4563/6426/2111
f 4104/5699/1666 4576/6421/2106 4575/6427/2112
f 4188/5808/1746 4582/6425/2110 4583/6428/2113
f 4425/6095/1973 4600/6441/2126 4568/6429/2114
f 3888/6225/2052 4559/6446/2131 4556/6430/2115
f 4306/5975/2317 4591/6452/2409 4594/6431/2116
f 4283/5916/2307 4588/6433/2118 4590/6432/2117
f 4237/5862/1790 4586/6450/2135 4588/6433/2118
f 4350/6032/1926 4595/6439/2124 4597/6434/2119
f 3841/5469/1477 4554/6438/2123 4555/6435/2406
f 4142/5758/1707 4578/6468/2151 4557/6436/2407
f 4205/5864/1792 4583/6428/2113 4584/6437/2122
f 3881/5756/1705 4557/6436/2407 4554/6438/2123
f 4334/5977/1881 4593/6454/2138 4595/6439/2124
f 4074/6276/2060 4575/6427/2112 4574/6440/2125
f 4428/6100/1976 4601/6449/2134 4600/6441/2126
f 4252/5920/1839 4587/6453/2137 4589/6442/2127
f 4006/5580/1572 4567/6424/2109 4569/6443/2128
f 3975/5572/1566 4564/6448/2408 4566/6444/2129
f 3916/6242/2055 4561/7348/2132 4562/6445/2130
f 3842/5475/2216 4555/6435/2406 4559/6446/2131
f 3915/6093/2340 4560/6460/2143 4561/6447/2132
f 3918/5571/1565 4563/6426/2111 4564/6448/2408
f 4422/6088/1966 4599/6461/2144 4601/6449/2134
f 4207/5861/1789 4585/6462/2145 4586/6450/2135
f 4022/5636/2250 4570/6457/2141 4571/6451/2136
f 4284/5917/2308 4589/6442/2127 4591/6452/2409
f 4287/5923/2310 4590/6432/2117 4587/6453/2137
f 4307/5976/1880 4592/6463/2146 4593/6454/2138
f 4073/5693/1660 4574/6440/2125 4577/6455/2139
f 4382/6033/1927 4597/6434/2119 4596/6456/2140
f 4054/5639/2251 4572/6466/2149 4570/6457/2141
f 4351/6034/1928 4596/6456/2140 4598/6458/2142
f 4051/5637/1619 4571/6451/2136 4573/6459/692
f 4009/6092/1970 4568/6429/2114 4560/6460/2143
f 4385/6346/2383 4598/6458/2142 4599/6461/2144
f 4206/5865/2296 4584/6437/2122 4585/6462/2145
f 4337/5979/1883 4594/7349/2116 4592/6463/2146
f 3886/5800/1739 4558/6422/2107 4579/6464/2147
f 4154/6301/1744 4579/7350/2147 4580/6465/2148
f 4021/5635/2249 4569/6443/2128 4572/6466/2149
f 4002/5582/2230 4566/6444/2129 4565/6467/2150
f 4121/6291/2381 4577/6455/2139 4578/6468/2151
f 4646/6469/763 4691/6531/2156 4690/6470/774
f 4639/6472/745 4642/7351/743 4640/6473/782
f 4621/6475/747 4660/7352/746 4658/6476/795
f 4616/6478/769 4614/7353/709 4667/6479/748
f 4634/6481/759 4632/6525/772 4649/6482/749
f 4629/6484/751 4652/6501/785 4650/6485/737
f 4670/6487/752 4668/7354/780 4613/6488/739
f 4655/6490/717 4626/7355/716 4624/6491/754
f 4644/6493/765 4642/7351/743 4639/6472/745
f 4662/6495/764 4660/7352/746 4621/6475/747
f 4618/6497/725 4616/6478/769 4665/6480/758
f 4645/6499/728 4636/7356/767 4634/6481/759
f 4627/6500/762 4654/7357/761 4652/6501/785
f 4610/6502/734 4672/7358/713 4609/6503/714
f 4609/6503/714 4672/7358/713 4670/6487/752
f 4628/6505/736 4626/7355/716 4655/6490/717
f 4646/6507/763 4644/6493/765 4637/6494/756
f 4617/6509/723 4664/6521/722 4662/6495/764
f 4661/6510/724 4620/6523/777 4618/6497/725
f 4638/6511/727 4636/7356/767 4645/6499/728
f 4656/6513/731 4654/7357/761 4627/6500/762
f 4669/6515/733 4612/6524/711 4610/6502/734
f 4630/6516/750 4628/6505/736 4653/6506/715
f 4648/6518/718 4646/6507/763 4635/6508/719
f 4615/6520/721 4666/6529/740 4664/6521/722
f 4659/6522/742 4622/7359/741 4620/6523/777
f 4640/6473/782 4638/6511/727 4643/6512/729
f 4623/6477/730 4658/6476/795 4656/6513/731
f 4667/6479/748 4614/7353/709 4612/6524/711
f 4632/6525/772 4630/6516/750 4651/6517/735
f 4612/6526/711 4674/6543/710 4673/6527/793
f 4650/6485/737 4648/6518/718 4633/6519/720
f 4624/6491/754 4622/7359/741 4659/6522/742
f 4613/6488/739 4668/7354/780 4666/6529/740
f 4648/6530/718 4692/7360/783 4691/6531/2156
f 4683/6532/796 4682/6583/792 4628/6533/736
f 4701/6535/2152 4700/7361/778 4664/6536/722
f 4684/6538/818 4683/6532/796 4630/6534/750
f 4702/6540/779 4701/6535/2152 4666/6537/740
f 4614/6542/709 4675/6547/2153 4674/6543/710
f 4693/6544/1432 4692/7360/783 4648/6530/718
f 4616/6546/769 4676/6558/768 4675/6547/2153
f 4652/6548/785 4694/6560/798 4693/6544/1432
f 4634/6549/759 4685/7362/2158 4684/6538/818
f 4703/6550/788 4702/6540/779 4668/6541/780
f 4686/6552/773 4685/7362/2158 4634/6549/759
f 4704/6554/789 4703/7363/788 4670/6555/752
f 4618/6557/725 4677/7364/775 4676/6558/768
f 4654/6559/761 4695/7365/790 4694/6560/798
f 4678/6561/784 4677/7364/775 4618/6557/725
f 4656/6563/731 4696/7366/804 4695/6564/790
f 4687/6566/824 4686/6552/773 4636/6553/767
f 4688/6568/781 4687/7367/824 4638/6569/727
f 4622/6571/741 4679/7368/2154 4678/6561/784
f 4697/6572/794 4696/7366/804 4656/6563/731
f 4624/6574/754 4680/7369/2157 4679/6575/2154
f 4698/6577/807 4697/6572/794 4658/6573/795
f 4642/6579/743 4689/7370/766 4688/6568/781
f 4690/6470/774 4689/7370/766 4642/6579/743
f 4681/6580/2155 4680/7369/2157 4624/6574/754
f 4662/6582/764 4699/6584/770 4698/6577/807
f 4682/6583/792 4681/6580/2155 4626/6581/716
f 4664/6536/722 4700/7361/778 4699/6584/770
f 4673/6527/793 4704/6554/789 4672/6556/713
f 4710/6585/831 4709/6640/802 4677/6586/775
f 4692/6588/783 4724/6670/850 4723/6589/823
f 4711/6591/805 4710/6585/831 4678/6587/784
f 4725/6593/2410 4724/6670/850 4692/6588/783
f 4712/6595/808 4711/6591/805 4679/6592/2154
f 4694/6597/798 4726/6646/797 4725/6593/2410
f 4681/6598/2155 4713/6644/834 4712/6595/808
f 4727/6599/801 4726/6646/797 4694/6597/798
f 4714/6601/811 4713/6644/834 4681/6598/2155
f 4728/6603/2159 4727/6599/801 4695/6600/790
f 4683/6605/796 4715/6609/814 4714/6601/811
f 4729/6606/829 4728/6603/2159 4696/6604/804
f 4684/6608/818 4716/6649/817 4715/6609/814
f 4730/6610/806 4729/6606/829 4697/6607/794
f 4717/6612/843 4716/6649/817 4684/6608/818
f 4731/6614/810 4730/6610/806 4698/6611/807
f 4718/6616/821 4717/6612/843 4685/6613/2158
f 4705/6618/848 4736/6641/2411 4704/6619/789
f 4732/6621/813 4731/6614/810 4699/6615/770
f 4719/6623/852 4718/6616/821 4686/6617/773
f 4706/6625/825 4705/6618/848 4673/6620/793
f 4701/6627/2152 4733/6657/838 4732/6621/813
f 4688/6628/781 4720/6633/827 4719/6623/852
f 4675/6629/2153 4707/6661/799 4706/6625/825
f 4734/6630/815 4733/6657/838 4701/6627/2152
f 4689/6632/766 4721/6639/816 4720/6633/827
f 4708/6634/857 4707/6661/799 4675/6629/2153
f 4735/6636/819 4734/6630/815 4702/6631/779
f 4690/6638/774 4722/6642/820 4721/6639/816
f 4709/6640/802 4708/6634/857 4676/6635/768
f 4736/6641/2411 4735/6636/819 4703/6637/788
f 4691/6590/2156 4723/6589/823 4722/6642/820
f 4745/6643/836 4744/6673/832 4712/6595/808
f 4759/6645/887 4758/6674/858 4726/6646/797
f 4714/6601/811 4746/6648/864 4745/6643/836
f 4760/6647/860 4759/6645/887 4727/6599/801
f 4715/6609/814 4747/6650/839 4746/6648/864
f 4729/6606/829 4761/6651/828 4760/6647/860
f 4716/6649/817 4748/6676/844 4747/6650/839
f 4730/6610/806 4762/6677/833 4761/6651/828
f 4749/6652/847 4748/6676/844 4716/6649/817
f 4763/6653/835 4762/6677/833 4730/6610/806
f 4750/6654/877 4749/6652/847 4717/6612/843
f 4737/6655/853 4768/6683/845 4736/6641/2411
f 4732/6621/813 4764/6658/861 4763/6653/835
f 4751/6656/851 4750/6654/877 4718/6616/821
f 4706/6625/825 4738/6686/880 4737/6655/853
f 4733/6657/838 4765/6662/837 4764/6658/861
f 4752/6659/869 4751/6656/851 4719/6623/852
f 4739/6660/855 4738/6686/880 4706/6625/825
f 4734/6630/815 4766/6691/840 4765/6662/837
f 4721/6639/816 4753/6665/841 4752/6659/869
f 4740/6663/856 4739/6660/855 4707/6661/799
f 4767/6664/872 4766/6691/840 4734/6630/815
f 4722/6642/820 4754/6694/842 4753/6665/841
f 4741/6666/859 4740/6663/856 4708/6634/857
f 4736/6641/2411 4768/6683/845 4767/6664/872
f 4755/6667/846 4754/6694/842 4722/6642/820
f 4742/6668/889 4741/6666/859 4709/6640/802
f 4756/6669/849 4755/6667/846 4723/6589/823
f 4743/6671/830 4742/6668/889 4710/6585/831
f 4757/6672/854 4756/6669/849 4724/6670/850
f 4744/6673/832 4743/6671/830 4711/6591/805
f 4758/6674/858 4757/6672/854 4725/6593/2410
f 4780/6675/870 4779/6706/866 4747/6650/839
f 4762/6677/833 4794/6731/915 4793/6678/891
f 4781/6679/873 4780/6675/870 4748/6676/844
f 4795/6680/862 4794/6731/915 4762/6677/833
f 4782/6681/876 4781/6679/873 4749/6652/847
f 4769/6682/881 4800/6717/874 4768/6683/845
f 4796/6684/920 4795/6680/862 4763/6653/835
f 4783/6685/879 4782/6681/876 4750/6654/877
f 4738/6686/880 4770/6689/883 4769/6682/881
f 4797/6687/865 4796/6684/920 4764/6658/861
f 4784/6688/904 4783/6685/879 4751/6656/851
f 4739/6660/855 4771/6692/885 4770/6689/883
f 4798/6690/867 4797/6687/865 4765/6662/837
f 4753/6665/841 4785/6695/868 4784/6688/904
f 4740/6663/856 4772/6696/888 4771/6692/885
f 4799/6693/871 4798/6690/867 4766/6691/840
f 4754/6694/842 4786/6697/875 4785/6695/868
f 4741/6666/859 4773/6715/890 4772/6696/888
f 4768/6683/845 4800/6717/874 4799/6693/871
f 4755/6667/846 4787/6699/878 4786/6697/875
f 4774/6698/911 4773/6715/890 4741/6666/859
f 4756/6669/849 4788/6701/882 4787/6699/878
f 4775/6700/892 4774/6698/911 4742/6668/889
f 4757/6672/854 4789/6702/903 4788/6701/882
f 4744/6673/832 4776/6723/893 4775/6700/892
f 4758/6674/858 4790/6724/884 4789/6702/903
f 4777/6703/918 4776/6723/893 4744/6673/832
f 4791/6704/886 4790/6724/884 4758/6674/858
f 4746/6648/864 4778/6726/863 4777/6703/918
f 4792/6705/910 4791/6704/886 4759/6645/887
f 4779/6706/866 4778/6726/863 4746/6648/864
f 4761/6651/828 4793/6678/891 4792/6705/910
f 4815/6707/901 4814/6735/2168 4782/6681/876
f 4770/6689/883 4802/6761/2160 4801/6708/902
f 4829/6709/922 4828/6759/919 4796/6684/920
f 4816/6710/930 4815/6707/901 4783/6685/879
f 4803/6711/931 4802/6761/2160 4770/6689/883
f 4798/6690/867 4830/6764/2161 4829/6709/922
f 4785/6695/868 4817/6713/924 4816/6710/930
f 4772/6696/888 4804/6738/907 4803/6711/931
f 4831/6712/894 4830/6764/2161 4798/6690/867
f 4786/6697/875 4818/6718/2163 4817/6713/924
f 4805/6714/912 4804/6738/907 4772/6696/888
f 4832/6716/897 4831/6712/894 4799/6693/871
f 4787/6699/878 4819/6741/898 4818/6718/2163
f 4774/6698/911 4806/6743/2165 4805/6714/912
f 4820/6719/900 4819/6741/898 4787/6699/878
f 4807/6720/914 4806/6743/2165 4774/6698/911
f 4821/6721/928 4820/6719/900 4788/6701/882
f 4808/6722/916 4807/6720/914 4775/6700/892
f 4790/6724/884 4822/6746/906 4821/6721/928
f 4777/6703/918 4809/6727/921 4808/6722/916
f 4823/6725/908 4822/6746/906 4790/6724/884
f 4778/6726/863 4810/6729/2162 4809/6727/921
f 4824/6728/909 4823/6725/908 4791/6704/886
f 4779/6706/866 4811/6751/946 4810/6729/2162
f 4793/6678/891 4825/6732/913 4824/6728/909
f 4812/6730/925 4811/6751/946 4779/6706/866
f 4794/6731/915 4826/6753/917 4825/6732/913
f 4813/6733/896 4812/6730/925 4780/6675/870
f 4827/6734/943 4826/6753/917 4794/6731/915
f 4814/6735/2168 4813/6733/896 4781/6679/873
f 4801/6708/902 4832/6716/897 4800/6717/874
f 4796/6684/920 4828/6759/919 4827/6734/943
f 4818/6718/2163 4850/7371/1218 4849/6736/950
f 4805/6714/912 4837/7372/2210 4836/6737/1215
f 4832/6716/897 4864/7373/1214 4863/6739/953
f 4851/6740/2412 4850/7371/1218 4818/6718/2163
f 4838/6742/1216 4837/7372/2210 4805/6714/912
f 4820/6719/900 4852/7374/1219 4851/6740/2412
f 4807/6720/914 4839/6745/939 4838/6742/1216
f 4853/6744/2167 4852/7374/1219 4820/6719/900
f 4808/6722/916 4840/7375/2211 4839/6745/939
f 4822/6746/906 4854/6748/2413 4853/6744/2167
f 4841/6747/944 4840/7375/2211 4808/6722/916
f 4823/6725/908 4855/7376/935 4854/6748/2413
f 4842/6749/2414 4841/6747/944 4809/6727/921
f 4856/6750/1220 4855/7376/935 4823/6725/908
f 4811/6751/946 4843/1365/951 4842/6749/2414
f 4857/6752/938 4856/6750/1220 4824/6728/909
f 4812/6730/925 4844/1364/952 4843/1365/951
f 4826/6753/917 4858/6755/940 4857/6752/938
f 4845/6754/1217 4844/1364/952 4812/6730/925
f 4827/6734/943 4859/7377/942 4858/6755/940
f 4846/6756/955 4845/6754/1217 4813/6733/896
f 4833/6757/926 4864/7373/1214 4832/6716/897
f 4860/6758/2209 4859/7377/942 4827/6734/943
f 4847/6760/956 4846/6756/955 4814/6735/2168
f 4802/6761/2160 4834/6762/932 4833/6757/926
f 4829/6709/922 4861/7378/945 4860/6758/2209
f 4816/6710/930 4848/7379/929 4847/6760/956
f 4803/6711/931 4835/6765/934 4834/6762/932
f 4862/6763/948 4861/7378/945 4829/6709/922
f 4849/6736/950 4848/7379/929 4816/6710/930
f 4804/6738/907 4836/6737/1215 4835/6765/934
f 4831/6712/894 4863/6739/953 4862/6763/948
f 4900/6766/1005 4946/6889/1020 4947/6767/1031
f 4895/6769/990 4897/6825/993 4896/6770/991
f 4877/6772/994 4879/6826/978 4914/6773/980
f 4921/6775/2174 4923/6827/996 4870/6776/959
f 4903/6777/1011 4905/6828/2180 4888/6778/2415
f 4887/6780/984 4906/6832/985 4908/6781/2416
f 4867/6783/1002 4869/6834/986 4924/6784/2417
f 4911/6786/1016 4913/6833/1003 4880/6787/1004
f 4893/6789/1006 4895/6769/990 4898/6771/992
f 4875/6791/1008 4877/6772/994 4916/6774/2172
f 4921/6775/2174 4872/3223/2173 4874/6793/973
f 4901/6795/975 4903/6777/1011 4890/6779/1012
f 4883/6797/1013 4885/6782/999 4908/6781/2416
f 4865/6799/960 4928/6802/1015 4866/6800/961
f 4865/6799/960 4867/6783/1002 4926/6785/1001
f 4909/6803/963 4911/6786/1016 4882/6788/964
f 4893/6789/1006 4900/6790/1005 4902/6805/1017
f 4875/6791/1008 4918/6792/1007 4920/6807/2177
f 4919/6794/1021 4874/6793/973 4876/6809/974
f 4901/6795/975 4892/6796/1023 4894/6811/976
f 4881/6813/1022 4883/6797/1013 4910/6798/1014
f 4925/6815/981 4927/6801/962 4866/6800/961
f 4909/6803/963 4884/6804/2176 4886/6817/983
f 4891/6806/966 4902/6805/1017 4904/6819/2179
f 4871/6821/969 4873/6808/1436 4920/6807/2177
f 4917/6810/972 4876/6809/974 4878/6823/989
f 4899/6812/977 4894/6811/976 4896/6770/991
f 4879/6826/978 4881/6813/1022 4912/6814/979
f 4925/6815/981 4868/6816/957 4870/6776/959
f 4905/6828/2180 4907/6818/982 4886/6817/983
f 4868/6829/957 4866/6896/961 4929/6830/1049
f 4889/6820/2178 4904/6819/2179 4906/6832/985
f 4913/6833/1003 4915/6824/988 4878/6823/989
f 4871/6821/969 4922/6822/971 4924/6784/2417
f 4904/6835/2179 4902/6768/1017 4947/6767/1031
f 4886/6837/983 4884/6894/2176 4938/6838/1048
f 4920/6840/2177 4956/6895/1029 4957/6841/1035
f 4888/6843/2415 4886/6837/983 4939/6839/1052
f 4924/6845/2417 4922/6842/971 4957/6841/1035
f 4868/6829/957 4930/6831/1050 4931/6847/958
f 4906/6849/985 4904/6835/2179 4948/6836/1033
f 4872/6851/2173 4870/6848/959 4931/6847/958
f 4908/6853/2416 4906/6849/985 4949/6850/1039
f 4888/6843/2415 4940/6844/1027 4941/6855/1028
f 4924/6845/2417 4958/6846/1037 4959/6857/1043
f 4890/6856/1012 4941/6855/1028 4942/6859/1030
f 4926/6861/1001 4959/7380/1043 4960/6862/1044
f 4874/6864/973 4872/6851/2173 4932/6852/1024
f 4910/6866/1014 4908/6853/2416 4950/6854/1041
f 4876/6868/974 4874/6864/973 4933/6865/1032
f 4910/6870/1014 4951/1483/1045 4952/6871/1047
f 4892/6860/1023 4942/6859/1030 4943/6873/1036
f 4894/6875/976 4943/7381/1036 4944/6876/1038
f 4876/6868/974 4934/6869/1034 4935/6878/1040
f 4912/6872/979 4952/6871/1047 4953/6880/1051
f 4878/6882/989 4935/7382/1040 4936/6883/1042
f 4916/6885/2172 4914/6881/980 4953/6880/1051
f 4896/6877/991 4944/6876/1038 4945/6887/1019
f 4898/6888/992 4945/6887/1019 4946/6889/1020
f 4880/6884/1004 4936/6883/1042 4937/6890/1046
f 4916/6885/2172 4954/6886/1025 4955/6892/1026
f 4882/6891/964 4937/6890/1046 4938/6838/1048
f 4918/6893/1007 4955/6892/1026 4956/6895/1029
f 4928/6863/1015 4960/6862/1044 4929/6830/1049
f 4934/6897/1034 4933/6958/1032 4965/6898/1057
f 4948/6900/1033 4947/6960/1031 4979/6901/1077
f 4934/6897/1034 4966/6899/1059 4967/6903/1061
f 4948/6900/1033 4980/6902/1080 4981/6905/1083
f 4935/6904/1040 4967/6903/1061 4968/6907/1063
f 4949/6906/1039 4981/6905/1083 4982/6909/1053
f 4936/6908/1042 4968/6907/1063 4969/6911/1065
f 4950/6910/1041 4982/6909/1053 4983/6913/1056
f 4937/6912/1046 4969/6911/1065 4970/6915/1067
f 4952/6917/1047 4951/6914/1045 4983/6913/1056
f 4938/6916/1048 4970/6915/1067 4971/6919/1069
f 4952/6917/1047 4984/6918/1058 4985/6921/1060
f 4939/6920/1052 4971/6919/1069 4972/6923/1072
f 4954/6925/1025 4953/6922/1051 4985/6921/1060
f 4941/6927/1028 4940/6924/1027 4972/6923/1072
f 4954/6925/1025 4986/6926/1062 4987/6929/1064
f 4942/6931/1030 4941/6927/1028 4973/6928/1075
f 4960/6933/1044 4992/6959/1076 4961/6934/1079
f 4955/6930/1026 4987/6929/1064 4988/6936/1066
f 4943/6938/1036 4942/6931/1030 4974/6932/1078
f 4930/6940/1050 4929/6935/1049 4961/6934/1079
f 4957/6942/1035 4956/6937/1029 4988/6936/1066
f 4944/6944/1038 4943/6938/1036 4975/6939/1081
f 4930/6940/1050 4962/6941/1082 4963/6946/1054
f 4958/6948/1037 4957/6942/1035 4989/6943/1068
f 4944/6944/1038 4976/6945/1084 4977/6950/1071
f 4931/6947/958 4963/6946/1054 4964/6952/1055
f 4958/6948/1037 4990/6949/1070 4991/6954/1073
f 4946/6956/1020 4945/6951/1019 4977/6950/1071
f 4932/6953/1024 4964/6952/1055 4965/6898/1057
f 4960/6933/1044 4959/6955/1043 4991/6954/1073
f 4946/6956/1020 4978/6957/1074 4979/6901/1077
f 4968/6907/1063 5000/6991/2184 5001/6961/1092
f 4982/6909/1053 5014/6992/1113 5015/6962/1115
f 4970/6915/1067 4969/6911/1065 5001/6961/1092
f 4983/6913/1056 5015/6962/1115 5016/6964/1085
f 4971/6919/1069 4970/6915/1067 5002/6963/1094
f 4985/6921/1060 4984/6918/1058 5016/6964/1085
f 4971/6919/1069 5003/6965/1096 5004/6967/1099
f 4986/6926/1062 4985/6921/1060 5017/6966/1086
f 4973/6928/1075 4972/6923/1072 5004/6967/1099
f 4986/6926/1062 5018/6968/1089 5019/6970/1091
f 4973/6928/1075 5005/6969/1102 5006/6971/1105
f 4961/6934/1079 4992/6959/1076 5024/6972/1103
f 4987/6929/1064 5019/6970/1091 5020/6974/1093
f 4974/6932/1078 5006/6971/1105 5007/6975/1108
f 4961/6934/1079 4993/6973/1106 4994/6976/1109
f 4989/6943/1068 4988/6936/1066 5020/6974/1093
f 4975/6939/1081 5007/6975/1108 5008/6978/1111
f 4963/6946/1054 4962/6941/1082 4994/6976/1109
f 4990/6949/1070 4989/6943/1068 5021/6977/1095
f 4976/6945/1084 5008/6978/1111 5009/6981/1098
f 4963/6946/1054 4995/6979/1112 4996/6982/1114
f 4991/6954/1073 4990/6949/1070 5022/6980/1097
f 4978/6957/1074 4977/6950/1071 5009/6981/1098
f 4965/6898/1057 4964/6952/1055 4996/6982/1114
f 4992/6959/1076 4991/6954/1073 5023/6983/1100
f 4978/6957/1074 5010/6984/1101 5011/6986/1104
f 4965/6898/1057 4997/6985/1116 4998/6987/1087
f 4979/6901/1077 5011/6986/1104 5012/6988/1107
f 4966/6899/1059 4998/6987/1087 4999/6989/1088
f 4981/6905/1083 4980/6902/1080 5012/6988/1107
f 4968/6907/1063 4967/6903/1061 4999/6989/1088
f 4981/6905/1083 5013/6990/1110 5014/6992/1113
f 5004/6967/1099 5003/6965/1096 5035/6993/1122
f 5018/6968/1089 5017/6966/1086 5049/6995/1145
f 5005/6969/1102 5004/6967/1099 5036/6994/1126
f 5019/6970/1091 5018/6968/1089 5050/6996/1147
f 5005/6969/1102 5037/6997/1129 5038/6999/1132
f 4993/6973/1106 5024/6972/1103 5056/7000/1130
f 5019/6970/1091 5051/6998/1117 5052/7002/1118
f 5006/6971/1105 5038/6999/1132 5039/7003/1135
f 4994/6976/1109 4993/6973/1106 5025/7001/1133
f 5021/6977/1095 5020/6974/1093 5052/7002/1118
f 5007/6975/1108 5039/7003/1135 5040/7006/1124
f 4995/6979/1112 4994/6976/1109 5026/7004/1136
f 5021/6977/1095 5053/7005/1121 5054/7008/1123
f 5009/6981/1098 5008/6978/1111 5040/7006/1124
f 4995/6979/1112 5027/7007/1138 5028/7010/1140
f 5022/6980/1097 5054/7008/1123 5055/7011/1127
f 5010/6984/1101 5009/6981/1098 5041/7009/1125
f 4996/6982/1114 5028/7010/1140 5029/7013/1142
f 5023/6983/1100 5055/7011/1127 5056/7000/1130
f 5011/6986/1104 5010/6984/1101 5042/7012/1128
f 4998/6987/1087 4997/6985/1116 5029/7013/1142
f 5011/6986/1104 5043/7014/1131 5044/7016/1134
f 4998/6987/1087 5030/7015/1144 5031/7017/1146
f 5013/6990/1110 5012/6988/1107 5044/7016/1134
f 5000/6991/2184 4999/6989/1088 5031/7017/1146
f 5014/6992/1113 5013/6990/1110 5045/7018/1137
f 5001/6961/1092 5000/6991/2184 5032/7019/1148
f 5014/6992/1113 5046/7020/1139 5047/7022/1141
f 5002/6963/1094 5001/6961/1092 5033/7021/1119
f 5015/6962/1115 5047/7022/1141 5048/7024/1143
f 5003/6965/1096 5002/6963/1094 5034/7023/1120
f 5017/6966/1086 5016/6964/1085 5048/7024/1143
f 5039/7003/1135 5038/6999/1132 5070/7025/1156
f 5026/7004/1136 5025/7001/1133 5057/7027/1157
f 5052/7002/1118 5084/7056/1176 5085/7029/1178
f 5039/7003/1135 5071/7026/1159 5072/7030/2187
f 5027/7007/1138 5026/7004/1136 5058/7028/1160
f 5053/7005/1121 5085/7029/1178 5086/7032/1149
f 5041/7009/1125 5040/7006/1124 5072/7030/2187
f 5027/7007/1138 5059/7031/1163 5060/7034/1165
f 5054/7008/1123 5086/7032/1149 5087/7035/1150
f 5041/7009/1125 5073/7033/1151 5074/7036/1152
f 5028/7010/1140 5060/7034/1165 5061/7037/1167
f 5055/7011/1127 5087/7035/1150 5088/7038/1440
f 5042/7012/1128 5074/7036/1152 5075/7039/1155
f 5030/7015/1144 5029/7013/1142 5061/7037/1167
f 5043/7014/1131 5075/7039/1155 5076/7041/1158
f 5030/7015/1144 5062/7040/1169 5063/7042/1171
f 5044/7016/1134 5076/7041/1158 5077/7043/1161
f 5032/7019/1148 5031/7017/1146 5063/7042/1171
f 5045/7018/1137 5077/7043/1161 5078/7045/2418
f 5032/7019/1148 5064/7044/1442 5065/7046/1175
f 5046/7020/1139 5078/7045/2418 5079/7047/1166
f 5034/7023/1120 5033/7021/1119 5065/7046/1175
f 5047/7022/1141 5079/7047/1166 5080/7049/1168
f 5034/7023/1120 5066/7048/1177 5067/7050/1179
f 5049/6995/1145 5048/7024/1143 5080/7049/1168
f 5035/6993/1122 5067/7050/1179 5068/7052/1180
f 5050/6996/1147 5049/6995/1145 5081/7051/1170
f 5037/6997/1129 5036/6994/1126 5068/7052/1180
f 5050/6996/1147 5082/7053/1172 5083/7055/1174
f 5038/6999/1132 5037/6997/1129 5069/7054/1153
f 5025/7001/1133 5056/7000/1130 5088/7038/1440
f 5052/7002/1118 5051/6998/1117 5083/7055/1174
f 5074/7036/1152 5073/7033/1151 5105/7057/2189
f 5060/7034/1165 5092/7084/1189 5093/7059/1191
f 5088/7038/1440 5087/7035/1150 5119/7060/1445
f 5075/7039/1155 5074/7036/1152 5106/7058/1208
f 5061/7037/1167 5093/7059/1191 5094/3484/2192
f 5076/7041/1158 5075/7039/1155 5107/7062/2191
f 5062/7040/1169 5094/3484/2192 5095/3482/2194
f 5076/7041/1158 5108/7063/2193 5109/7064/1184
f 5063/7042/1171 5095/3482/2194 5096/7065/2195
f 5077/7043/1161 5109/7064/1184 5110/7066/2196
f 5065/7046/1175 5064/7044/1442 5096/7065/2195
f 5078/7045/2418 5110/7066/2196 5111/7068/1190
f 5066/7048/1177 5065/7046/1175 5097/7067/2197
f 5079/7047/1166 5111/7068/1190 5112/7070/1192
f 5067/7050/1179 5066/7048/1177 5098/7069/2198
f 5081/7051/1170 5080/7049/1168 5112/7070/1192
f 5068/7052/1180 5067/7050/1179 5099/7071/1203
f 5082/7053/1172 5081/7051/1170 5113/7072/1194
f 5068/7052/1180 5100/7073/1206 5101/7075/2200
f 5082/7053/1172 5114/7074/2199 5115/7076/1198
f 5069/7054/1153 5101/7075/2200 5102/5278/1212
f 5088/7038/1440 5120/7061/2190 5089/7077/1443
f 5083/7055/1174 5115/7076/1198 5116/7078/2201
f 5070/7025/1156 5102/5278/1212 5103/5276/2202
f 5058/7028/1160 5057/7027/1157 5089/7077/1443
f 5085/7029/1178 5084/7056/1176 5116/7078/2201
f 5071/7026/1159 5103/5276/2202 5104/7081/2205
f 5059/7031/1163 5058/7028/1160 5090/7079/2203
f 5086/7032/1149 5085/7029/1178 5117/7080/2204
f 5073/7033/1151 5072/7030/2187 5104/7081/2205
f 5060/7034/1165 5059/7031/1163 5091/7082/2206
f 5086/7032/1149 5118/7083/2207 5119/7060/1445
f 4844/7085/952 5100/7089/1206 5099/7086/1203
f 4845/7088/1217 5101/7091/2200 5100/7089/1206
f 4846/7090/955 5102/7093/1212 5101/7091/2200
f 4847/7092/956 5103/7383/2202 5102/7093/1212
f 4847/7094/956 4848/7097/929 5104/7095/2205
f 4848/7097/929 4849/7099/950 5105/7098/2189
f 4849/7099/950 4850/7102/1218 5106/7100/1208
f 4851/7101/2412 5107/7104/2191 5106/7100/1208
f 4851/7101/2412 4852/7105/1219 5108/7103/2193
f 4852/7105/1219 4853/7107/2167 5109/7106/1184
f 4853/7107/2167 4854/7109/2413 5110/7108/2196
f 4854/7109/2413 4855/7384/935 5111/7110/1190
f 4856/7111/1220 5112/7115/1192 5111/7112/1190
f 4857/7114/938 5113/7117/1194 5112/7115/1192
f 4858/7116/940 5114/7119/2199 5113/7117/1194
f 4859/7118/942 5115/7121/1198 5114/7119/2199
f 4860/7120/2209 5116/7123/2201 5115/7121/1198
f 4861/7122/945 5117/7125/2204 5116/7123/2201
f 4862/7124/948 5118/7126/2207 5117/7125/2204
f 4862/7124/948 4863/7385/953 5119/5328/1445
f 4864/7127/1214 5120/7131/2190 5119/7128/1445
f 4833/7130/926 5089/7133/1443 5120/7131/2190
f 4834/7132/932 5090/7135/2203 5089/7133/1443
f 4834/7132/932 4835/7136/934 5091/7134/2206
f 4835/7136/934 4836/7138/1215 5092/7137/1189
f 4836/7138/1215 4837/7140/2210 5093/7139/1191
f 4837/7140/2210 4838/7142/1216 5094/7141/2192
f 4838/7142/1216 4839/7386/939 5095/7143/2194
f 4839/7144/939 4840/7147/2211 5096/7145/2195
f 4840/7147/2211 4841/7149/944 5097/7148/2197
f 4841/7149/944 4842/7151/2414 5098/7150/2198
f 4842/7151/2414 4843/7087/951 5099/7086/1203
f 4671/7152/712 4609/7218/714 4865/7153/960
f 4671/7152/712 4927/7154/962 4925/7155/981
f 4669/7156/733 4925/7155/981 4923/7157/996
f 4665/7159/758 4667/7158/748 4923/7157/996
f 4665/7159/758 4921/7160/2174 4919/7161/1021
f 4661/7163/724 4663/7162/726 4919/7161/1021
f 4661/7163/724 4917/7164/972 4915/7165/988
f 4659/3600/742 4915/7387/988 4913/7167/1003
f 4655/7169/717 4657/7168/755 4913/7167/1003
f 4655/7169/717 4911/7170/1016 4909/7171/963
f 4653/7172/715 4909/7171/963 4907/7173/982
f 4651/7174/735 4907/7173/982 4905/7175/2180
f 4647/7177/760 4649/7176/749 4905/7175/2180
f 4647/7177/760 4903/7178/1011 4901/7179/975
f 4643/7181/729 4645/7180/728 4901/7179/975
f 4641/7183/744 4643/7388/729 4899/7184/977
f 4639/7186/745 4641/7183/744 4897/7185/993
f 4639/7186/745 4895/7187/990 4893/7188/1006
f 4637/7189/756 4893/7188/1006 4891/7190/966
f 4633/7192/720 4635/7191/719 4891/7190/966
f 4631/7194/738 4633/7192/720 4889/7193/2178
f 4629/7196/751 4631/7194/738 4887/7195/984
f 4627/7198/762 4629/7196/751 4885/7197/999
f 4627/7200/762 4883/7389/1013 4881/7201/1022
f 4623/7203/730 4625/7202/732 4881/7201/1022
f 4623/7203/730 4879/7204/978 4877/7205/994
f 4621/7206/747 4877/7205/994 4875/7207/1008
f 4619/7208/757 4875/7207/1008 4873/7209/1436
f 4617/7210/723 4873/7209/1436 4871/7211/969
f 4613/7213/739 4615/7212/721 4871/7211/969
f 4611/7215/753 4613/7213/739 4869/7214/986
f 4611/7217/753 4867/7390/1002 4865/7153/960
l 4497 4499
l 609 617
l 609 620
l 3177 3179
l 3241 3248
l 3241 3251
l 1889 1897
l 1889 1900
l 4473 4474
l 4473 4477
l 4505 4515
l 617 619
l 681 688
l 681 691
l 3169 3177
l 3169 3180
l 1897 1899
l 1961 1968
l 1961 1971
l 4449 4457
l 4449 4460
l 657 659
l 3193 3194
l 3193 3197
l 3225 3235
l 1937 1939
l 4457 4459
l 4521 4528
l 4521 4531
l 633 634
l 633 637
l 665 675
l 3217 3219
l 1913 1914
l 1913 1917
l 1945 1955
l 4434 4435
l 4434 4480
l 4498 4504
l 4498 4507
l 674 683
l 642 764
l 3178 3186
l 3178 3189
l 3210 3217
l 3210 3220
l 1954 1963
l 1922 2044
l 618 626
l 618 629
l 650 657
l 650 660
l 3234 3243
l 3202 3324
l 1898 1906
l 1898 1909
l 1930 1937
l 1930 1940
l 4514 4523
l 4482 4604
l 594 595
l 594 640
l 658 664
l 658 667
l 1874 1875
l 1874 1920
l 1938 1944
l 1938 1947
l 4458 4466
l 4458 4469
l 4490 4497
l 4490 4500
l 3154 3155
l 3154 3200
l 3218 3224
l 3218 3227
l 4435 4438
l 4467 4475
l 4467 4478
l 4443 4444
l 4475 4477
l 595 598
l 627 635
l 627 638
l 1875 1878
l 1907 1915
l 1907 1918
l 3163 3164
l 3195 3197
l 603 604
l 635 637
l 1883 1884
l 1915 1917
l 3155 3158
l 3187 3195
l 3187 3198
l 644 765
l 4436 4437
l 4436 4442
l 1924 2045
l 4444 4447
l 4444 4452
l 4476 4485
l 3204 3325
l 596 597
l 596 602
l 4484 4605
l 1876 1877
l 1876 1882
l 3164 3167
l 3164 3172
l 3196 3205
l 604 607
l 604 612
l 636 645
l 1884 1887
l 1884 1892
l 1916 1925
l 3156 3157
l 3156 3162
l 3213 3214
l 3213 3216
l 3181 3322
l 1893 1894
l 1893 1896
l 1957 2047
l 4437 4441
l 4501 4606
l 613 614
l 613 616
l 677 767
l 3173 3174
l 3173 3176
l 3237 3327
l 1933 1934
l 1933 1936
l 1901 2042
l 4445 4446
l 4445 4451
l 4509 4510
l 4509 4512
l 653 654
l 653 656
l 621 762
l 3165 3166
l 3165 3171
l 3229 3230
l 3229 3232
l 1877 1881
l 1941 2046
l 4453 4454
l 4453 4456
l 4517 4607
l 597 601
l 661 766
l 3157 3161
l 3221 3326
l 1885 1886
l 1885 1891
l 1949 1950
l 1949 1952
l 4493 4494
l 4493 4496
l 4461 4602
l 605 606
l 605 611
l 669 670
l 669 672
l 3182 3183
l 3182 3185
l 3214 3218
l 1894 1898
l 1958 1961
l 4438 4442
l 4502 4505
l 614 618
l 678 681
l 3174 3178
l 3238 3241
l 1902 1903
l 1902 1905
l 1934 1938
l 4446 4450
l 4510 4514
l 622 623
l 622 625
l 654 658
l 3166 3170
l 3230 3234
l 1878 1882
l 1942 1945
l 4454 4458
l 4518 4521
l 598 602
l 662 665
l 3158 3162
l 3222 3225
l 1886 1890
l 1950 1954
l 4462 4463
l 4462 4465
l 4494 4498
l 606 610
l 670 674
l 1895 1896
l 1895 1899
l 1927 1928
l 1927 1929
l 3183 3187
l 3215 3216
l 3215 3219
l 3247 3250
l 615 616
l 615 619
l 647 648
l 647 649
l 4439 4440
l 4439 4441
l 4471 4472
l 4471 4474
l 4503 4506
l 1903 1907
l 1935 1936
l 1935 1939
l 1967 1970
l 3175 3176
l 3175 3179
l 3207 3208
l 3207 3209
l 623 627
l 655 656
l 655 659
l 687 690
l 4447 4451
l 4479 4480
l 4479 4481
l 4511 4512
l 1879 1880
l 1879 1881
l 1911 1912
l 1911 1914
l 1943 1946
l 3167 3171
l 3199 3200
l 3199 3201
l 3231 3232
l 599 600
l 599 601
l 631 632
l 631 634
l 663 666
l 4455 4456
l 4455 4459
l 4487 4488
l 4487 4489
l 1887 1891
l 1919 1920
l 1919 1921
l 1951 1952
l 3159 3160
l 3159 3161
l 3191 3192
l 3191 3194
l 3223 3226
l 607 611
l 639 640
l 639 641
l 671 672
l 4463 4467
l 4495 4496
l 4495 4499
l 4527 4530
l 1928 1930
l 1960 2048
l 3248 3250
l 3184 3323
l 648 650
l 680 768
l 4472 4476
l 4440 4483
l 4440 4491
l 4504 4506
l 1968 1970
l 1904 2043
l 3208 3210
l 3240 3328
l 688 690
l 624 763
l 4448 4449
l 4448 4450
l 1912 1916
l 1880 1923
l 1880 1931
l 1944 1946
l 3168 3169
l 3168 3170
l 632 636
l 600 643
l 600 651
l 664 666
l 4488 4490
l 4520 4608
l 1888 1889
l 1888 1890
l 3192 3196
l 3160 3203
l 3160 3211
l 3224 3226
l 608 609
l 608 610
l 4528 4530
l 4464 4603
